t (s),r (°),x (°),u_in (°),Kp,Ki,Kd
168.515,90,83.5,-4.265326499938965,1.25,0.4,0.4
168.535,90,83.5,-4.2133283615112305,1.25,0.4,0.4
168.555,90,83,-3.5323286056518555,1.25,0.4,0.4
168.575,90,82.5,-2.84832763671875,1.25,0.4,0.4
168.595,90,82.5,-2.788327217102051,1.25,0.4,0.4
168.615,90,82.5,-2.7273263931274414,1.25,0.4,0.4
168.635,90,83,-3.294325828552246,1.25,0.4,0.4
168.655,90,83,-3.238326072692871,1.25,0.4,0.4
168.675,90,83.5,-3.8103275299072266,1.25,0.4,0.4
168.695,90,83.5,-3.758328437805176,1.25,0.4,0.4
168.715,90,83.5,-3.706329345703125,1.25,0.4,0.4
168.735,90,83.5,-3.654330253601074,1.25,0.4,0.4
168.755,90,83.5,-3.60233211517334,1.25,0.4,0.4
168.775,90,84,-3.550333023071289,1.25,0.4,0.4
168.795,90,84,-4.127331733703613,1.25,0.4,0.4
168.815,90,84,-4.0793304443359375,1.25,0.4,0.4
168.835,90,84,-4.031329154968262,1.25,0.4,0.4
168.855,90,83.5,36.642669677734375,1.25,0.4,0.4
168.875,90,84,-3.933328628540039,1.25,0.4,0.4
168.895,90,84,-3.8853273391723633,1.25,0.4,0.4
168.915,90,85,-5.093327522277832,1.25,0.4,0.4
168.935,90,85.5,-5.681328773498535,1.25,0.4,0.4
168.955,90,85,-5.018329620361328,1.25,0.4,0.4
168.975,90,85,-4.978330612182617,1.25,0.4,0.4
168.995,90,84.5,-4.310330390930176,1.25,0.4,0.4
169.015,90,84.5,-4.266329765319824,1.25,0.4,0.4
169.035,90,84.5,-4.222330093383789,1.25,0.4,0.4
169.055,90,84.5,-4.1783294677734375,1.25,0.4,0.4
169.075,90,84.5,-4.134329795837402,1.25,0.4,0.4
169.095,90,84.5,-4.090329170227051,1.25,0.4,0.4
169.115,90,84.5,-4.046328544616699,1.25,0.4,0.4
169.135,90,84.5,-4.002328872680664,1.25,0.4,0.4
169.155,90,84.5,-3.9583282470703125,1.25,0.4,0.4
169.175,90,84.5,-3.9143285751342773,1.25,0.4,0.4
169.195,90,84.5,-43.869327545166016,1.25,0.4,0.4
169.215,90,84.5,-3.8253278732299805,1.25,0.4,0.4
169.235,90,85,-44,1.25,0.4,0.4
169.255,90,85,-4.367327690124512,1.25,0.4,0.4
169.275,90,84.5,36.29867172241211,1.25,0.4,0.4
169.295,90,84.5,-3.6573286056518555,1.25,0.4,0.4
169.315,90,84.5,-3.613327980041504,1.25,0.4,0.4
169.335,90,84.5,-3.5703277587890625,1.25,0.4,0.4
169.355,90,84.5,-3.527327537536621,1.25,0.4,0.4
169.375,90,84,-2.8543272018432617,1.25,0.4,0.4
169.395,90,83.5,-2.1793270111083984,1.25,0.4,0.4
169.415,90,83.5,-2.1273279190063477,1.25,0.4,0.4
169.435,90,83.5,-2.075328826904297,1.25,0.4,0.4
169.455,90,83,-1.3943290710449219,1.25,0.4,0.4
169.475,90,83,-1.3383293151855469,1.25,0.4,0.4
169.495,90,83,-1.2823295593261719,1.25,0.4,0.4
169.515,90,83.5,-1.8543310165405273,1.25,0.4,0.4
169.535,90,84,-2.429330825805664,1.25,0.4,0.4
169.555,90,84.5,-43.00733184814453,1.25,0.4,0.4
169.575,90,85,-3.5913305282592773,1.25,0.4,0.4
169.595,90,85.5,-4.1793317794799805,1.25,0.4,0.4
169.615,90,85,-3.5163326263427734,1.25,0.4,0.4
169.635,90,85,-3.476332664489746,1.25,0.4,0.4
169.655,90,84.5,-2.807332992553711,1.25,0.4,0.4
169.675,90,84,-2.134331703186035,1.25,0.4,0.4
169.695,90,84.5,-42.71232986450195,1.25,0.4,0.4
169.715,90,84.5,37.33066940307617,1.25,0.4,0.4
169.735,90,84,38.00067138671875,1.25,0.4,0.4
169.755,90,84,-1.951329231262207,1.25,0.4,0.4
169.775,90,85,-43.158329010009766,1.25,0.4,0.4
169.795,90,85,-3.1183300018310547,1.25,0.4,0.4
169.815,90,84,38.17667007446289,1.25,0.4,0.4
169.835,90,84,-1.7753286361694336,1.25,0.4,0.4
169.855,90,84,-1.7273273468017578,1.25,0.4,0.4
169.875,90,84,-1.679326057434082,1.25,0.4,0.4
169.895,90,84,-1.6313247680664062,1.25,0.4,0.4
169.915,90,84,-1.5833234786987305,1.25,0.4,0.4
169.935,90,84,-1.535323143005371,1.25,0.4,0.4
169.955,90,84,-1.4873218536376953,1.25,0.4,0.4
169.975,90,84,-1.4393205642700195,1.25,0.4,0.4
169.995,90,85,-42.64632034301758,1.25,0.4,0.4
170.015,0,85,-44,1.25,0.4,0.4
170.035,0,85,-44,1.25,0.4,0.4
170.055,0,83,-44,1.25,0.4,0.4
170.075,0,80,-31.396316528320312,1.25,0.4,0.4
170.095,0,77,-28.2733154296875,1.25,0.4,0.4
170.115,0,73,-23.86931610107422,1.25,0.4,0.4
170.135,0,68.5,-18.806320190429688,1.25,0.4,0.4
170.155,0,64,-13.706321716308594,1.25,0.4,0.4
170.175,0,59,-7.94232177734375,1.25,0.4,0.4
170.195,0,55,-3.394317626953125,1.25,0.4,0.4
170.215,0,51,1.1856842041015625,1.25,0.4,0.4
170.235,0,48,-35.456321716308594,1.25,0.4,0.4
170.255,0,45,-32.07331848144531,1.25,0.4,0.4
170.275,0,42,11.331680297851562,1.25,0.4,0.4
170.295,0,38,44,1.25,0.4,0.4
170.315,0,34,44,1.25,0.4,0.4
170.335,0,31,-15.7783203125,1.25,0.4,0.4
170.355,0,28,-44,1.25,0.4,0.4
170.375,0,26,-44,1.25,0.4,0.4
170.395,0,25,-44,1.25,0.4,0.4
170.415,0,24,-44,1.25,0.4,0.4
170.435,0,22,-5.54931640625,1.25,0.4,0.4
170.455,0,19.5,-2.58831787109375,1.25,0.4,0.4
170.475,0,17.5,-0.23331832885742188,1.25,0.4,0.4
170.495,0,16,-38.48931884765625,1.25,0.4,0.4
170.515,0,15,-37.360321044921875,1.25,0.4,0.4
170.535,0,13.5,4.403678894042969,1.25,0.4,0.4
170.555,0,12,-33.821319580078125,1.25,0.4,0.4
170.575,0,10,44,1.25,0.4,0.4
170.595,0,9,-30.235319137573242,1.25,0.4,0.4
170.615,0,7.5,11.575681686401367,1.25,0.4,0.4
170.635,0,6.5,12.769681930541992,1.25,0.4,0.4
170.655,0,6,-26.653316497802734,1.25,0.4,0.4
170.675,0,5.5,-26.07331657409668,1.25,0.4,0.4
170.695,0,4,44,1.25,0.4,0.4
170.715,0,2,44,1.25,0.4,0.4
170.735,0,0,44,1.25,0.4,0.4
170.755,0,-2,-16.759319305419922,1.25,0.4,0.4
170.775,0,-3,-15.48731803894043,1.25,0.4,0.4
170.795,0,-2.5,-16.091318130493164,1.25,0.4,0.4
170.815,0,-2.5,-16.071317672729492,1.25,0.4,0.4
170.835,0,-3,24.574684143066406,1.25,0.4,0.4
170.855,0,-4,25.8516845703125,1.25,0.4,0.4
170.875,0,-4,-14.116315841674805,1.25,0.4,0.4
170.895,0,-4.5,-13.456315994262695,1.25,0.4,0.4
170.915,0,-6,44,1.25,0.4,0.4
170.935,0,-6.5,-10.864315032958984,1.25,0.4,0.4
170.955,0,-8,31.069684982299805,1.25,0.4,0.4
170.975,0,-9,32.38668441772461,1.25,0.4,0.4
170.995,0,-9,-7.541318893432617,1.25,0.4,0.4
171.015,0,-10,-6.2113189697265625,1.25,0.4,0.4
171.035,0,-10.5,34.49468231201172,1.25,0.4,0.4
171.055,0,-10.5,-5.421316146850586,1.25,0.4,0.4
171.075,0,-11,-4.710315704345703,1.25,0.4,0.4
171.095,0,-11,-4.622314453125,1.25,0.4,0.4
171.115,0,-10.5,-5.161314010620117,1.25,0.4,0.4
171.135,0,-10,-44,1.25,0.4,0.4
171.155,0,-10,-5.623311996459961,1.25,0.4,0.4
171.175,0,-10,-5.543313980102539,1.25,0.4,0.4
171.195,0,-10,-5.463315963745117,1.25,0.4,0.4
171.215,0,-10,-5.3833160400390625,1.25,0.4,0.4
171.235,0,-10,-5.303318023681641,1.25,0.4,0.4
171.255,0,-10,-5.223318099975586,1.25,0.4,0.4
171.275,0,-10,-5.143320083618164,1.25,0.4,0.4
171.295,0,-10,-5.063322067260742,1.25,0.4,0.4
171.315,0,-10,-4.9833221435546875,1.25,0.4,0.4
171.335,0,-10,-4.903324127197266,1.25,0.4,0.4
171.355,0,-9.5,-44,1.25,0.4,0.4
171.375,0,-9,-6.002326965332031,1.25,0.4,0.4
171.395,0,-9,-5.930330276489258,1.25,0.4,0.4
171.415,0,-8.5,-44,1.25,0.4,0.4
171.435,0,-8.5,-6.41633415222168,1.25,0.4,0.4
171.455,0,-8.5,-6.348333358764648,1.25,0.4,0.4
171.475,0,-8,-6.908332824707031,1.25,0.4,0.4
171.495,0,-8,-6.844331741333008,1.25,0.4,0.4
171.515,0,-8,-6.780330657958984,1.25,0.4,0.4
171.535,0,-8,-6.716329574584961,1.25,0.4,0.4
171.555,0,-8,-6.652326583862305,1.25,0.4,0.4
171.575,0,-8,-6.588325500488281,1.25,0.4,0.4
171.595,0,-8,-6.524324417114258,1.25,0.4,0.4
171.615,0,-8,-6.460323333740234,1.25,0.4,0.4
171.635,0,-8,-6.396322250366211,1.25,0.4,0.4
171.655,0,-8,-6.332319259643555,1.25,0.4,0.4
171.675,0,-8,-6.268318176269531,1.25,0.4,0.4
171.695,0,-8.5,-5.576318740844727,1.25,0.4,0.4
171.715,0,-8.5,-5.508319854736328,1.25,0.4,0.4
171.735,0,-9,-4.812322616577148,1.25,0.4,0.4
171.755,0,-9,-4.740324974060059,1.25,0.4,0.4
171.775,0,-9.5,-4.0403242111206055,1.25,0.4,0.4
171.795,0,-10,-3.3353261947631836,1.25,0.4,0.4
171.815,0,-9,-4.511326789855957,1.25,0.4,0.4
171.835,0,-9,-4.439330101013184,1.25,0.4,0.4
171.855,0,-9,-4.367332458496094,1.25,0.4,0.4
171.875,0,-9,-4.29533576965332,1.25,0.4,0.4
171.895,0,-8.5,-44,1.25,0.4,0.4
171.915,0,-8.5,-44,1.25,0.4,0.4
171.935,0,-9,-4.084342002868652,1.25,0.4,0.4
171.955,0,-9,-4.0123443603515625,1.25,0.4,0.4
171.975,0,-9.5,36.688655853271484,1.25,0.4,0.4
171.995,0,-9.5,36.76265335083008,1.25,0.4,0.4
172.015,0,-9,-3.790349006652832,1.25,0.4,0.4
172.035,0,-10,37.53464889526367,1.25,0.4,0.4
172.055,0,-9.5,-43.012351989746094,1.25,0.4,0.4
172.075,0,-9,-3.5653533935546875,1.25,0.4,0.4
172.095,0,-8,-4.749353408813477,1.25,0.4,0.4
172.115,0,-8,-4.685351371765137,1.25,0.4,0.4
172.135,0,-7,-5.8753509521484375,1.25,0.4,0.4
172.155,0,-7,-5.8193511962890625,1.25,0.4,0.4
172.175,0,-8,-4.505350112915039,1.25,0.4,0.4
172.195,0,-8,-4.441348075866699,1.25,0.4,0.4
172.215,0,-8,-4.377346992492676,1.25,0.4,0.4
172.235,0,-8.5,-3.685347557067871,1.25,0.4,0.4
172.255,0,-8.5,-3.6173477172851562,1.25,0.4,0.4
172.275,0,-8.5,-3.549348831176758,1.25,0.4,0.4
172.295,0,-8,-44,1.25,0.4,0.4
172.315,0,-8.5,36.5826530456543,1.25,0.4,0.4
172.335,0,-8.5,-3.349349021911621,1.25,0.4,0.4
172.355,0,-8.5,-3.2813491821289062,1.25,0.4,0.4
172.375,0,-8.5,-3.213350296020508,1.25,0.4,0.4
172.395,0,-8,-3.774348258972168,1.25,0.4,0.4
172.415,0,-8,-3.7103471755981445,1.25,0.4,0.4
172.435,0,-7,-44,1.25,0.4,0.4
172.455,0,-6.5,-44,1.25,0.4,0.4
172.475,0,-6.5,-5.416343688964844,1.25,0.4,0.4
172.495,0,-7,35.26165771484375,1.25,0.4,0.4
172.515,0,-7,-4.682342529296875,1.25,0.4,0.4
172.535,0,-7,-4.6263427734375,1.25,0.4,0.4
172.555,0,-7,-4.570343017578125,1.25,0.4,0.4
172.575,0,-6.5,-5.142341613769531,1.25,0.4,0.4
172.595,0,-7,-4.463340759277344,1.25,0.4,0.4
172.615,0,-7,-4.407341003417969,1.25,0.4,0.4
172.635,0,-7,-4.351341247558594,1.25,0.4,0.4
172.655,0,-7.5,-3.6683425903320312,1.25,0.4,0.4
172.675,0,-7,-44,1.25,0.4,0.4
172.695,0,-7,-4.1763458251953125,1.25,0.4,0.4
172.715,0,-8,-2.864344596862793,1.25,0.4,0.4
172.735,0,-8.5,-2.173344612121582,1.25,0.4,0.4
172.755,0,-9,-1.476344108581543,1.25,0.4,0.4
172.775,0,-10,-0.14934444427490234,1.25,0.4,0.4
172.795,0,-10,-0.06934642791748047,1.25,0.4,0.4
172.815,0,-10,0.010652542114257812,1.25,0.4,0.4
172.835,0,-10,0.0906515121459961,1.25,0.4,0.4
172.855,0,-10,0.17065048217773438,1.25,0.4,0.4
172.875,0,-10.5,40.87664794921875,1.25,0.4,0.4
172.895,0,-10.5,0.9606485366821289,1.25,0.4,0.4
172.915,0,-10,0.41664791107177734,1.25,0.4,0.4
172.935,0,-10,0.4966468811035156,1.25,0.4,0.4
172.955,0,-10,0.5766458511352539,1.25,0.4,0.4
172.975,0,-9,-40.597354888916016,1.25,0.4,0.4
172.995,0,-9,-0.5253543853759766,1.25,0.4,0.4
173.015,0,-9,-0.4533538818359375,1.25,0.4,0.4
173.035,0,-9,-0.38135433197021484,1.25,0.4,0.4
173.055,0,-9,-0.3093538284301758,1.25,0.4,0.4
173.075,0,-8.5,-0.8663549423217773,1.25,0.4,0.4
173.095,0,-8.5,-0.7983551025390625,1.25,0.4,0.4
173.115,0,-8.5,-0.7303562164306641,1.25,0.4,0.4
173.135,0,-8.5,-0.6623563766479492,1.25,0.4,0.4
173.155,0,-8,-1.2213563919067383,1.25,0.4,0.4
173.175,0,-8,-1.1573553085327148,1.25,0.4,0.4
173.195,0,-8.5,-0.46435546875,1.25,0.4,0.4
173.215,0,-8,-1.0243549346923828,1.25,0.4,0.4
173.235,0,-8,-0.960352897644043,1.25,0.4,0.4
173.255,0,-8,-0.8963518142700195,1.25,0.4,0.4
173.275,0,-8,-0.8323507308959961,1.25,0.4,0.4
173.295,0,-8,-0.7683486938476562,1.25,0.4,0.4
173.315,0,-8,-0.7043476104736328,1.25,0.4,0.4
173.335,0,-8,-0.640345573425293,1.25,0.4,0.4
173.355,0,-7,-1.8333463668823242,1.25,0.4,0.4
173.375,0,-6.5,-2.4063472747802734,1.25,0.4,0.4
173.395,0,-7,38.27165222167969,1.25,0.4,0.4
173.415,0,-7,-1.6723480224609375,1.25,0.4,0.4
173.435,0,-8,-0.35834693908691406,1.25,0.4,0.4
173.455,0,-8,-0.2943449020385742,1.25,0.4,0.4
173.475,0,-7,-1.4863452911376953,1.25,0.4,0.4
173.495,0,-6.5,-2.057345390319824,1.25,0.4,0.4
173.515,0,-6,-2.00534725189209,1.25,0.4,0.4
173.535,0,-6,-2.582345962524414,1.25,0.4,0.4
173.555,0,-6,-2.5343446731567383,1.25,0.4,0.4
173.575,0,-6,-2.4863433837890625,1.25,0.4,0.4
173.595,0,-6,-2.4383420944213867,1.25,0.4,0.4
173.615,0,-5,-3.6443424224853516,1.25,0.4,0.4
173.635,0,-5,-3.604342460632324,1.25,0.4,0.4
173.655,0,-5,-3.5643434524536133,1.25,0.4,0.4
173.675,0,-5,-3.5243444442749023,1.25,0.4,0.4
173.695,0,-4.5,-4.113345146179199,1.25,0.4,0.4
173.715,0,-4,-4.705345153808594,1.25,0.4,0.4
173.735,0,-4,-4.672345161437988,1.25,0.4,0.4
173.755,0,-4.5,-4.012346267700195,1.25,0.4,0.4
173.775,0,-4.5,-3.9763479232788086,1.25,0.4,0.4
173.795,0,-5,-3.3113479614257812,1.25,0.4,0.4
173.815,0,-5,-3.2713489532470703,1.25,0.4,0.4
173.835,0,-5,-3.231348991394043,1.25,0.4,0.4
173.855,0,-5,-3.191349983215332,1.25,0.4,0.4
173.875,0,-5,-3.151350975036621,1.25,0.4,0.4
173.895,0,-5,-3.1113510131835938,1.25,0.4,0.4
173.915,0,-5,-3.071352005004883,1.25,0.4,0.4
173.935,0,-5,-3.0313520431518555,1.25,0.4,0.4
173.955,0,-6,-1.7353515625,1.25,0.4,0.4
173.975,0,-5.5,-42.313350677490234,1.25,0.4,0.4
173.995,0,-5,-2.8983516693115234,1.25,0.4,0.4
174.015,0,-5,-2.858351707458496,1.25,0.4,0.4
174.035,0,-5,-2.818352699279785,1.25,0.4,0.4
174.055,0,-4.5,-3.4063539505004883,1.25,0.4,0.4
174.075,0,-4.5,-3.3703556060791016,1.25,0.4,0.4
174.095,0,-4,-3.96335506439209,1.25,0.4,0.4
174.115,0,-4.5,36.694644927978516,1.25,0.4,0.4
174.135,0,-4.5,-3.2693557739257812,1.25,0.4,0.4
174.155,0,-4.5,-3.2333574295043945,1.25,0.4,0.4
174.175,0,-4,-3.8243579864501953,1.25,0.4,0.4
174.195,0,-4,-3.7923574447631836,1.25,0.4,0.4
174.215,0,-4,-3.7603559494018555,1.25,0.4,0.4
174.235,0,-3.5,-4.355356216430664,1.25,0.4,0.4
174.255,0,-4,-3.7003555297851562,1.25,0.4,0.4
174.275,0,-4,-3.6683549880981445,1.25,0.4,0.4
174.295,0,-4,-3.636354446411133,1.25,0.4,0.4
174.315,0,-4,-3.604353904724121,1.25,0.4,0.4
174.335,0,-3,-44,1.25,0.4,0.4
174.355,0,-3.5,35.823646545410156,1.25,0.4,0.4
174.375,0,-4,-3.5193538665771484,1.25,0.4,0.4
174.395,0,-4,-3.4873533248901367,1.25,0.4,0.4
174.415,0,-4,-3.4553518295288086,1.25,0.4,0.4
174.435,0,-4,-3.423351287841797,1.25,0.4,0.4
174.455,0,-3,-44,1.25,0.4,0.4
174.475,0,-3,-4.620352745056152,1.25,0.4,0.4
174.495,0,-3,-4.596353530883789,1.25,0.4,0.4
174.515,0,-3,-4.572354316711426,1.25,0.4,0.4
174.535,0,-3,-4.5483551025390625,1.25,0.4,0.4
174.555,0,-3,-4.524355888366699,1.25,0.4,0.4
174.575,0,-3,-4.500357627868652,1.25,0.4,0.4
174.595,0,-3,-4.476358413696289,1.25,0.4,0.4
174.615,0,-3,-4.452359199523926,1.25,0.4,0.4
174.635,0,-2.5,-44,1.25,0.4,0.4
174.655,0,-2.5,-5.034358024597168,1.25,0.4,0.4
174.675,0,-3,35.61164093017578,1.25,0.4,0.4
174.695,0,-3,-4.364358901977539,1.25,0.4,0.4
174.715,0,-3,-4.340359687805176,1.25,0.4,0.4
174.735,0,-3,-4.3163604736328125,1.25,0.4,0.4
174.755,0,-3,-4.292361259460449,1.25,0.4,0.4
174.775,0,-3.5,36.357635498046875,1.25,0.4,0.4
174.795,0,-3,-4.242362976074219,1.25,0.4,0.4
174.815,0,-3,-4.218364238739014,1.25,0.4,0.4
174.835,0,-3,-4.19436502456665,1.25,0.4,0.4
174.855,0,-2.5,-4.799363613128662,1.25,0.4,0.4
174.875,0,-2.5,-4.779362678527832,1.25,0.4,0.4
174.895,0,-2.5,-4.759361267089844,1.25,0.4,0.4
174.915,0,-2,-44,1.25,0.4,0.4
174.935,0,-2,-5.34935998916626,1.25,0.4,0.4
174.955,0,-2,-5.333359718322754,1.25,0.4,0.4
174.975,0,-1,-6.573360443115234,1.25,0.4,0.4
174.995,0,-1,-6.565361976623535,1.25,0.4,0.4
175.015,0,-1,-6.557363033294678,1.25,0.4,0.4
175.035,0,-1,-6.5493645668029785,1.25,0.4,0.4
175.055,0,-1,-6.541366100311279,1.25,0.4,0.4
175.075,0,-2,-5.276365756988525,1.25,0.4,0.4
175.095,0,-2,-5.2603654861450195,1.25,0.4,0.4
175.115,0,-2.5,-4.617364406585693,1.25,0.4,0.4
175.135,0,-2.5,-4.597363471984863,1.25,0.4,0.4
175.155,0,-3,-3.9493637084960938,1.25,0.4,0.4
175.175,0,-3,-3.9253649711608887,1.25,0.4,0.4
175.195,0,-2.5,-4.528364658355713,1.25,0.4,0.4
175.215,0,-2.5,-4.508363246917725,1.25,0.4,0.4
175.235,0,-2.5,-4.4883623123168945,1.25,0.4,0.4
175.255,0,-2,-5.0963616371154785,1.25,0.4,0.4
175.275,0,-2,-5.080361366271973,1.25,0.4,0.4
175.295,0,-2,-5.064361095428467,1.25,0.4,0.4
175.315,0,-1,-6.304361820220947,1.25,0.4,0.4
175.335,0,-2,34.95663833618164,1.25,0.4,0.4
175.355,0,-2.5,35.598636627197266,1.25,0.4,0.4
175.375,0,-3,-3.754361629486084,1.25,0.4,0.4
175.395,0,-4,-2.4753618240356445,1.25,0.4,0.4
175.415,0,-4,-2.4433608055114746,1.25,0.4,0.4
175.435,0,-3,-43.66436004638672,1.25,0.4,0.4
175.455,0,-3,-3.640361785888672,1.25,0.4,0.4
175.475,0,-3,-3.616363048553467,1.25,0.4,0.4
175.495,0,-3,-3.5923638343811035,1.25,0.4,0.4
175.515,0,-3,-3.5683646202087402,1.25,0.4,0.4
175.535,0,-3,-3.544365882873535,1.25,0.4,0.4
175.555,0,-3,-3.520366668701172,1.25,0.4,0.4
175.575,0,-3,-3.496367931365967,1.25,0.4,0.4
175.595,0,-2.5,-4.1013665199279785,1.25,0.4,0.4
175.615,0,-3,-3.4543662071228027,1.25,0.4,0.4
175.635,0,-3,-3.4303674697875977,1.25,0.4,0.4
175.655,0,-2.5,-44,1.25,0.4,0.4
175.675,0,-3,36.61463165283203,1.25,0.4,0.4
175.695,0,-3,-3.3613686561584473,1.25,0.4,0.4
175.715,0,-3,-3.337369441986084,1.25,0.4,0.4
175.735,0,-3,-3.313370704650879,1.25,0.4,0.4
175.755,0,-3,-3.2893714904785156,1.25,0.4,0.4
175.775,0,-3,-3.2653727531433105,1.25,0.4,0.4
175.795,0,-3,-3.2413735389709473,1.25,0.4,0.4
175.815,0,-3,-3.217374324798584,1.25,0.4,0.4
175.835,0,-3,-3.193375587463379,1.25,0.4,0.4
175.855,0,-3,-3.1693763732910156,1.25,0.4,0.4
175.875,0,-3,-3.1453776359558105,1.25,0.4,0.4
175.895,0,-3,-3.1213784217834473,1.25,0.4,0.4
175.915,0,-2.5,-43.7233772277832,1.25,0.4,0.4
175.935,0,-2.5,-3.7033777236938477,1.25,0.4,0.4
175.955,0,-2.5,-3.6833763122558594,1.25,0.4,0.4
175.975,0,-2.5,-3.6633753776550293,1.25,0.4,0.4
175.995,0,-2.5,-3.644374370574951,1.25,0.4,0.4
176.015,0,-2,-4.253373622894287,1.25,0.4,0.4
176.035,0,-2.5,-3.609372615814209,1.25,0.4,0.4
176.055,0,-2.5,-3.589371681213379,1.25,0.4,0.4
176.075,0,-2.5,-3.5693702697753906,1.25,0.4,0.4
176.095,0,-3,-2.9203715324401855,1.25,0.4,0.4
176.115,0,-3,-2.8963723182678223,1.25,0.4,0.4
176.135,0,-4,-1.6163721084594727,1.25,0.4,0.4
176.155,0,-3.5,-42.21037292480469,1.25,0.4,0.4
176.175,0,-3,-2.8113722801208496,1.25,0.4,0.4
176.195,0,-3,-2.7873735427856445,1.25,0.4,0.4
176.215,0,-4,-1.5083732604980469,1.25,0.4,0.4
176.235,0,-3.5,-42.10237121582031,1.25,0.4,0.4
176.255,0,-3,-2.703373908996582,1.25,0.4,0.4
176.275,0,-4,44,1.25,0.4,0.4
176.295,0,-4,-1.395373821258545,1.25,0.4,0.4
176.315,0,-4,-1.363372802734375,1.25,0.4,0.4
176.335,0,-4.5,-0.7033724784851074,1.25,0.4,0.4
176.355,0,-4.5,-0.6673727035522461,1.25,0.4,0.4
176.375,0,-4,-1.2593722343444824,1.25,0.4,0.4
176.395,0,-4,-1.2273712158203125,1.25,0.4,0.4
176.415,0,-3,-2.451371192932129,1.25,0.4,0.4
176.435,0,-3,-2.427370548248291,1.25,0.4,0.4
176.455,0,-3.5,-1.7763705253601074,1.25,0.4,0.4
176.475,0,-4,-1.1203699111938477,1.25,0.4,0.4
176.495,0,-4,-1.0883688926696777,1.25,0.4,0.4
176.515,0,-3.5,-1.6833686828613281,1.25,0.4,0.4
176.535,0,-3,-2.2833685874938965,1.25,0.4,0.4
176.555,0,-3,-2.2593679428100586,1.25,0.4,0.4
176.575,0,-3,-2.2353672981262207,1.25,0.4,0.4
176.595,0,-3,-2.211366653442383,1.25,0.4,0.4
176.615,0,-3,-2.187366008758545,1.25,0.4,0.4
176.635,0,-3,-2.1633658409118652,1.25,0.4,0.4
176.655,0,-3,-2.1393651962280273,1.25,0.4,0.4
176.675,0,-3,-2.1153645515441895,1.25,0.4,0.4
176.695,0,-2.5,-2.720365047454834,1.25,0.4,0.4
176.715,0,-2.5,-2.7003650665283203,1.25,0.4,0.4
176.735,0,-3,-2.0513644218444824,1.25,0.4,0.4
176.755,0,-3,-2.0273642539978027,1.25,0.4,0.4
176.775,0,-2.5,-2.632364273071289,1.25,0.4,0.4
176.795,0,-2,-43.238365173339844,1.25,0.4,0.4
176.815,0,-2,-3.2223639488220215,1.25,0.4,0.4
176.835,0,-2,-3.2063636779785156,1.25,0.4,0.4
176.855,0,-2,-3.1903634071350098,1.25,0.4,0.4
176.875,0,-2,-3.174363136291504,1.25,0.4,0.4
176.895,0,-2,-3.158362865447998,1.25,0.4,0.4
176.915,0,-2,-3.142362117767334,1.25,0.4,0.4
176.935,0,-2,-3.126361846923828,1.25,0.4,0.4
176.955,0,-2,-3.1103615760803223,1.25,0.4,0.4
176.975,0,-1.5,-43.720359802246094,1.25,0.4,0.4
176.995,0,-1,-4.336361408233643,1.25,0.4,0.4
177.015,0,-1.5,36.297637939453125,1.25,0.4,0.4
177.035,0,-2,-3.0613608360290527,1.25,0.4,0.4
177.055,0,-2,-3.045360565185547,1.25,0.4,0.4
177.075,0,-2,-3.029360294342041,1.25,0.4,0.4
177.095,0,-2,-3.013360023498535,1.25,0.4,0.4
177.115,0,-2,-2.9973597526550293,1.25,0.4,0.4
177.135,0,-2,-2.9813590049743652,1.25,0.4,0.4
177.155,0,-2.5,-2.3383593559265137,1.25,0.4,0.4
177.175,0,-2,-42.944358825683594,1.25,0.4,0.4
177.195,0,-2,-2.928359031677246,1.25,0.4,0.4
177.215,0,-2.5,-2.2853589057922363,1.25,0.4,0.4
177.235,0,-2,-2.8923587799072266,1.25,0.4,0.4
177.255,0,-2,-2.8763585090637207,1.25,0.4,0.4
177.275,0,-1,-4.115358352661133,1.25,0.4,0.4
177.295,0,-1,-4.107358455657959,1.25,0.4,0.4
177.315,0,-2,36.526641845703125,1.25,0.4,0.4
177.335,0,-2,-2.832357883453369,1.25,0.4,0.4
177.355,0,-2,-2.8163576126098633,1.25,0.4,0.4
177.375,0,-2,-2.8003573417663574,1.25,0.4,0.4
177.395,0,-2,-2.7843565940856934,1.25,0.4,0.4
177.415,0,-2,-2.7683563232421875,1.25,0.4,0.4
177.435,0,-2,-2.7523560523986816,1.25,0.4,0.4
177.455,0,-2,-2.736355781555176,1.25,0.4,0.4
177.475,0,-2,-2.72035551071167,1.25,0.4,0.4
177.495,0,-1.5,-3.3333559036254883,1.25,0.4,0.4
177.515,0,-2,37.30464553833008,1.25,0.4,0.4
177.535,0,-2,-2.6793556213378906,1.25,0.4,0.4
177.555,0,-2,-2.6633553504943848,1.25,0.4,0.4
177.575,0,-2,-2.647355079650879,1.25,0.4,0.4
177.595,0,-2.5,-2.0023550987243652,1.25,0.4,0.4
177.615,0,-3,38.643646240234375,1.25,0.4,0.4
177.635,0,-3,-1.33235502243042,1.25,0.4,0.4
177.655,0,-3,-1.308354377746582,1.25,0.4,0.4
177.675,0,-2.5,-41.91035461425781,1.25,0.4,0.4
177.695,0,-2.5,-1.8903541564941406,1.25,0.4,0.4
177.715,0,-2,-2.4993538856506348,1.25,0.4,0.4
177.735,0,-2,-2.483353614807129,1.25,0.4,0.4
177.755,0,-1,-3.724353313446045,1.25,0.4,0.4
177.775,0,-0.5,-4.343353748321533,1.25,0.4,0.4
177.795,0,-0.5,-4.339354515075684,1.25,0.4,0.4
177.815,0,0,-4.96235466003418,1.25,0.4,0.4
177.835,0,0,-4.96235466003418,1.25,0.4,0.4
177.855,0,-0.5,-4.335355281829834,1.25,0.4,0.4
177.875,0,-0.5,35.66664505004883,1.25,0.4,0.4
177.895,0,-0.5,-4.330356121063232,1.25,0.4,0.4
177.915,0,-1,-3.6983561515808105,1.25,0.4,0.4
177.935,0,-2,-2.4333558082580566,1.25,0.4,0.4
177.955,0,-1.5,-43.04335403442383,1.25,0.4,0.4
177.975,0,-1,-3.659355640411377,1.25,0.4,0.4
177.995,0,-1,-3.651355266571045,1.25,0.4,0.4
178.015,0,-2,-2.386355400085449,1.25,0.4,0.4
178.035,0,-2,-2.3703551292419434,1.25,0.4,0.4
178.055,0,-1,-43.60735321044922,1.25,0.4,0.4
178.075,0,-0.5,-44,1.25,0.4,0.4
178.095,0,0,-4.849355220794678,1.25,0.4,0.4
178.115,0,0,-4.849355220794678,1.25,0.4,0.4
178.135,0,0,-4.849355220794678,1.25,0.4,0.4
178.155,0,0,-4.849355220794678,1.25,0.4,0.4
178.175,0,0,-4.849355220794678,1.25,0.4,0.4
178.195,0,0,-4.849355220794678,1.25,0.4,0.4
178.215,0,0,-4.849355220794678,1.25,0.4,0.4
178.235,0,0,-4.849355220794678,1.25,0.4,0.4
178.255,0,-0.5,-4.221355438232422,1.25,0.4,0.4
178.275,0,-0.5,-4.217356204986572,1.25,0.4,0.4
178.295,0,-0.5,-4.213356971740723,1.25,0.4,0.4
178.315,0,-0.5,-4.209357738494873,1.25,0.4,0.4
178.335,0,-0.5,-4.205358028411865,1.25,0.4,0.4
178.355,0,-0.5,-4.201358795166016,1.25,0.4,0.4
178.375,0,-1,-3.570359230041504,1.25,0.4,0.4
178.395,0,-0.5,-44,1.25,0.4,0.4
178.415,0,-0.5,-4.184360027313232,1.25,0.4,0.4
178.435,0,-0.5,-4.180360317230225,1.25,0.4,0.4
178.455,0,0,-4.803360939025879,1.25,0.4,0.4
178.475,0,0,-4.803360939025879,1.25,0.4,0.4
178.495,0,-0.5,35.82263946533203,1.25,0.4,0.4
178.515,0,-0.5,-4.173361778259277,1.25,0.4,0.4
178.535,0,-1,-3.5423617362976074,1.25,0.4,0.4
178.555,0,-1,-3.5353617668151855,1.25,0.4,0.4
178.575,0,-0.5,-44,1.25,0.4,0.4
178.595,0,-0.5,-44,1.25,0.4,0.4
178.615,0,-1,-3.51436185836792,1.25,0.4,0.4
178.635,0,-1,-3.506361961364746,1.25,0.4,0.4
178.655,0,-2,-2.2423620223999023,1.25,0.4,0.4
178.675,0,-2,-2.2263617515563965,1.25,0.4,0.4
178.695,0,-1,-3.4653615951538086,1.25,0.4,0.4
178.715,0,-1,-3.4573612213134766,1.25,0.4,0.4
178.735,0,-1,-3.4493613243103027,1.25,0.4,0.4
178.755,0,-1,-3.4413609504699707,1.25,0.4,0.4
178.775,0,-0.5,-44,1.25,0.4,0.4
178.795,0,0,-44,1.25,0.4,0.4
178.815,0,0,-4.681361675262451,1.25,0.4,0.4
178.835,0,0,-4.681361675262451,1.25,0.4,0.4
178.855,0,1,-5.936361312866211,1.25,0.4,0.4
178.875,0,1,-5.944361686706543,1.25,0.4,0.4
178.895,0,0.5,34.67363739013672,1.25,0.4,0.4
178.915,0,0.5,-44,1.25,0.4,0.4
178.935,0,1,-44,1.25,0.4,0.4
178.955,0,1,-5.967360973358154,1.25,0.4,0.4
178.975,0,0,44,1.25,0.4,0.4
178.995,0,0,-4.723361015319824,1.25,0.4,0.4
179.015,0,-0.5,-4.09636116027832,1.25,0.4,0.4
179.035,0,-0.5,-4.092361927032471,1.25,0.4,0.4
179.055,0,-0.5,-4.088362693786621,1.25,0.4,0.4
179.075,0,0,-44,1.25,0.4,0.4
179.095,0,0,-4.710362911224365,1.25,0.4,0.4
179.115,0,0,-4.710362911224365,1.25,0.4,0.4
179.135,0,1,-5.966362953186035,1.25,0.4,0.4
179.155,0,0.5,34.65163803100586,1.25,0.4,0.4
179.175,0,0,-4.724362850189209,1.25,0.4,0.4
179.195,0,0,-4.724362850189209,1.25,0.4,0.4
179.215,0,-0.5,-4.097362995147705,1.25,0.4,0.4
179.235,0,-0.5,-4.0933637619018555,1.25,0.4,0.4
179.255,0,-0.5,-4.089364528656006,1.25,0.4,0.4
179.275,0,-0.5,-4.085364818572998,1.25,0.4,0.4
179.295,0,-0.5,-4.081365585327148,1.25,0.4,0.4
179.315,0,0,-44,1.25,0.4,0.4
179.335,0,-0.5,35.92263412475586,1.25,0.4,0.4
179.355,0,-0.5,-4.073367118835449,1.25,0.4,0.4
179.375,0,0,-4.0693678855896,1.25,0.4,0.4
179.395,0,0,-4.6943678855896,1.25,0.4,0.4
179.415,0,0,-4.6943678855896,1.25,0.4,0.4
179.435,0,0,-44,1.25,0.4,0.4
179.455,0,0,-44,1.25,0.4,0.4
179.475,0,0,-4.692368030548096,1.25,0.4,0.4
179.495,0,0,-4.692368030548096,1.25,0.4,0.4
179.515,0,0,-4.692368030548096,1.25,0.4,0.4
179.535,0,-0.5,-4.692368030548096,1.25,0.4,0.4
179.555,0,0,-4.691368103027344,1.25,0.4,0.4
179.575,0,0,-4.691368103027344,1.25,0.4,0.4
179.595,0,0,-4.691368103027344,1.25,0.4,0.4
179.615,0,0,-4.691368103027344,1.25,0.4,0.4
179.635,0,0,-4.691368103027344,1.25,0.4,0.4
179.655,0,0,-4.691368103027344,1.25,0.4,0.4
179.675,0,0,-4.691368103027344,1.25,0.4,0.4
179.695,0,0,-4.691368103027344,1.25,0.4,0.4
179.715,0,0,-4.691368103027344,1.25,0.4,0.4
179.735,0,0,-4.691368103027344,1.25,0.4,0.4
179.755,0,0,-4.691368103027344,1.25,0.4,0.4
179.775,0,0,-4.691368103027344,1.25,0.4,0.4
179.795,0,-0.5,-4.062368869781494,1.25,0.4,0.4
179.815,0,-1,36.567630767822266,1.25,0.4,0.4
179.835,0,-1,-3.4243693351745605,1.25,0.4,0.4
179.855,0,-1,-3.4163689613342285,1.25,0.4,0.4
179.875,0,-1,-3.4083685874938965,1.25,0.4,0.4
179.895,0,-1,-43.39836883544922,1.25,0.4,0.4
179.915,0,-1,-3.390368938446045,1.25,0.4,0.4
179.935,0,-1,-3.382368564605713,1.25,0.4,0.4
179.955,0,-1,-3.374368190765381,1.25,0.4,0.4
179.975,0,-1,-3.366368293762207,1.25,0.4,0.4
179.995,0,-1,-3.358367919921875,1.25,0.4,0.4
180.015,90,-1,44,1.25,0.4,0.4
180.035,90,-1,44,1.25,0.4,0.4
180.055,90,0,44,1.25,0.4,0.4
180.075,90,3.5,-13.779365539550781,1.25,0.4,0.4
180.095,90,8,21.266632080078125,1.25,0.4,0.4
180.115,90,14,-24.980369567871094,1.25,0.4,0.4
180.135,90,19,-31.270370483398438,1.25,0.4,0.4
180.155,90,23,4.2776336669921875,1.25,0.4,0.4
180.175,90,26,1.050628662109375,1.25,0.4,0.4
180.195,90,29,-2.2013702392578125,1.25,0.4,0.4
180.215,90,32,34.52262878417969,1.25,0.4,0.4
180.235,90,36,-10.033370971679688,1.25,0.4,0.4
180.255,90,40,25.376632690429688,1.25,0.4,0.4
180.275,90,43.5,21.381629943847656,1.25,0.4,0.4
180.295,90,46,18.615631103515625,1.25,0.4,0.4
180.315,90,47.5,17.086631774902344,1.25,0.4,0.4
180.335,90,49.5,14.916633605957031,1.25,0.4,0.4
180.355,90,53,-29.150367736816406,1.25,0.4,0.4
180.375,90,56,7.381629943847656,1.25,0.4,0.4
180.395,90,59.5,3.259632110595703,1.25,0.4,0.4
180.415,90,61.5,40.99163055419922,1.25,0.4,0.4
180.435,90,63,-0.6633682250976562,1.25,0.4,0.4
180.455,90,63.5,38.92362976074219,1.25,0.4,0.4
180.475,90,64.5,-2.1193695068359375,1.25,0.4,0.4
180.495,90,67,-44,1.25,0.4,0.4
180.515,90,70,-44,1.25,0.4,0.4
180.535,90,72.5,-11.609369277954102,1.25,0.4,0.4
180.555,90,74,26.646631240844727,1.25,0.4,0.4
180.575,90,75,25.519630432128906,1.25,0.4,0.4
180.595,90,76,-15.614368438720703,1.25,0.4,0.4
180.615,90,77.5,22.61463165283203,1.25,0.4,0.4
180.635,90,79.5,-19.795368194580078,1.25,0.4,0.4
180.655,90,81,18.404632568359375,1.25,0.4,0.4
180.675,90,82,-22.77836799621582,1.25,0.4,0.4
180.695,90,82,17.285633087158203,1.25,0.4,0.4
180.715,90,82,17.349634170532227,1.25,0.4,0.4
180.735,90,83,-23.839365005493164,1.25,0.4,0.4
180.755,90,84,14.96163558959961,1.25,0.4,0.4
180.775,90,85.5,13.125635147094727,1.25,0.4,0.4
180.795,90,85.5,13.161633491516113,1.25,0.4,0.4
180.815,90,85.5,13.1976318359375,1.25,0.4,0.4
180.835,90,86,12.605632781982422,1.25,0.4,0.4
180.855,90,87.5,-29.244367599487305,1.25,0.4,0.4
180.875,90,89,-31.106369018554688,1.25,0.4,0.4
180.895,90,90.5,-32.98136901855469,1.25,0.4,0.4
180.915,90,91.5,-34.2403678894043,1.25,0.4,0.4
180.935,90,91.5,5.747633457183838,1.25,0.4,0.4
180.955,90,91,6.364634990692139,1.25,0.4,0.4
180.975,90,91.5,5.729635715484619,1.25,0.4,0.4
180.995,90,93,-36.164363861083984,1.25,0.4,0.4
181.015,90,93.5,3.183635711669922,1.25,0.4,0.4
181.035,90,93,3.7826361656188965,1.25,0.4,0.4
181.055,90,92,44,1.25,0.4,0.4
181.075,90,92,4.996635437011719,1.25,0.4,0.4
181.095,90,93,-36.27336502075195,1.25,0.4,0.4
181.115,90,93.5,3.0756354331970215,1.25,0.4,0.4
181.135,90,94,2.420635223388672,1.25,0.4,0.4
181.155,90,94.5,-38.23736572265625,1.25,0.4,0.4
181.175,90,95.5,0.47063541412353516,1.25,0.4,0.4
181.195,90,96,-0.20236587524414062,1.25,0.4,0.4
181.215,90,97,-41.50536346435547,1.25,0.4,0.4
181.235,90,97,-1.5613646507263184,1.25,0.4,0.4
181.255,90,97,-1.6173644065856934,1.25,0.4,0.4
181.275,90,97.5,-2.3003644943237305,1.25,0.4,0.4
181.295,90,97.5,-2.360365390777588,1.25,0.4,0.4
181.315,90,98,-3.0483665466308594,1.25,0.4,0.4
181.335,90,98,-3.112368106842041,1.25,0.4,0.4
181.355,90,98,-3.1763691902160645,1.25,0.4,0.4
181.375,90,98.5,-3.869368553161621,1.25,0.4,0.4
181.395,90,98,-3.3103690147399902,1.25,0.4,0.4
181.415,90,98,-3.374370574951172,1.25,0.4,0.4
181.435,90,98,-3.4383721351623535,1.25,0.4,0.4
181.455,90,98,-3.502373218536377,1.25,0.4,0.4
181.475,90,98,-3.5663747787475586,1.25,0.4,0.4
181.495,90,98,-3.630375385284424,1.25,0.4,0.4
181.515,90,98,-3.694375514984131,1.25,0.4,0.4
181.535,90,98.5,-4.385375022888184,1.25,0.4,0.4
181.555,90,98.5,-4.45337438583374,1.25,0.4,0.4
181.575,90,98,36.1046257019043,1.25,0.4,0.4
181.595,90,98,-3.959373950958252,1.25,0.4,0.4
181.615,90,98,-4.023373603820801,1.25,0.4,0.4
181.635,90,98,-4.087373733520508,1.25,0.4,0.4
181.655,90,98,-4.151373386383057,1.25,0.4,0.4
181.675,90,98,-4.215373516082764,1.25,0.4,0.4
181.695,90,98,-4.279373645782471,1.25,0.4,0.4
181.715,90,98,-4.3433732986450195,1.25,0.4,0.4
181.735,90,98,-4.407373428344727,1.25,0.4,0.4
181.755,90,98,-4.471373081207275,1.25,0.4,0.4
181.775,90,99,-5.791372776031494,1.25,0.4,0.4
181.795,90,99,-5.863373279571533,1.25,0.4,0.4
181.815,90,99.5,-6.563372611999512,1.25,0.4,0.4
181.835,90,99,33.98662567138672,1.25,0.4,0.4
181.855,90,98.5,34.540626525878906,1.25,0.4,0.4
181.875,90,98.5,-5.527371406555176,1.25,0.4,0.4
181.895,90,99,-6.224371433258057,1.25,0.4,0.4
181.915,90,98.5,-5.668371200561523,1.25,0.4,0.4
181.935,90,98.5,-5.73637056350708,1.25,0.4,0.4
181.955,90,98.5,-5.8043694496154785,1.25,0.4,0.4
181.975,90,98,34.753631591796875,1.25,0.4,0.4
181.995,90,98,-5.31036901473999,1.25,0.4,0.4
182.015,90,98,-5.374369144439697,1.25,0.4,0.4
182.035,90,98,-5.438368797302246,1.25,0.4,0.4
182.055,90,98,-5.502368927001953,1.25,0.4,0.4
182.075,90,98,-5.566368579864502,1.25,0.4,0.4
182.095,90,99,-44,1.25,0.4,0.4
182.115,90,99,-6.956368446350098,1.25,0.4,0.4
182.135,90,98,34.22663116455078,1.25,0.4,0.4
182.155,90,98.5,-6.466367244720459,1.25,0.4,0.4
182.175,90,99,-7.162367343902588,1.25,0.4,0.4
182.195,90,99,-7.234367370605469,1.25,0.4,0.4
182.215,90,99,-7.30636739730835,1.25,0.4,0.4
182.235,90,99,-7.3783674240112305,1.25,0.4,0.4
182.255,90,99,-7.4503679275512695,1.25,0.4,0.4
182.275,90,99,-7.522367477416992,1.25,0.4,0.4
182.295,90,99,-7.594367980957031,1.25,0.4,0.4
182.315,90,99,-7.666368007659912,1.25,0.4,0.4
182.335,90,99,-7.738368034362793,1.25,0.4,0.4
182.355,90,99,-7.810368537902832,1.25,0.4,0.4
182.375,90,99,-7.882368087768555,1.25,0.4,0.4
182.395,90,99,-7.954368591308594,1.25,0.4,0.4
182.415,90,99,-8.026369094848633,1.25,0.4,0.4
182.435,90,99,-8.098368644714355,1.25,0.4,0.4
182.455,90,99,-8.170369148254395,1.25,0.4,0.4
182.475,90,98.5,32.383628845214844,1.25,0.4,0.4
182.495,90,98.5,-7.684369087219238,1.25,0.4,0.4
182.515,90,98.5,-7.752368927001953,1.25,0.4,0.4
182.535,90,99,-8.449369430541992,1.25,0.4,0.4
182.555,90,98.5,-7.894369125366211,1.25,0.4,0.4
182.575,90,98.5,-7.962368965148926,1.25,0.4,0.4
182.595,90,98,-7.401369094848633,1.25,0.4,0.4
182.615,90,98,-7.46536922454834,1.25,0.4,0.4
182.635,90,98,-7.529369354248047,1.25,0.4,0.4
182.655,90,98,-7.593369007110596,1.25,0.4,0.4
182.675,90,97.5,-7.030368804931641,1.25,0.4,0.4
182.695,90,97.5,-7.090368747711182,1.25,0.4,0.4
182.715,90,97.5,-7.150368690490723,1.25,0.4,0.4
182.735,90,97,-6.581368446350098,1.25,0.4,0.4
182.755,90,97,-6.637368202209473,1.25,0.4,0.4
182.775,90,96.5,-6.064367771148682,1.25,0.4,0.4
182.795,90,96,34.5096321105957,1.25,0.4,0.4
182.815,90,96,-5.540367603302002,1.25,0.4,0.4
182.835,90,97,-44,1.25,0.4,0.4
182.855,90,97,-6.899367332458496,1.25,0.4,0.4
182.875,90,97,-6.955367088317871,1.25,0.4,0.4
182.895,90,96,34.24363327026367,1.25,0.4,0.4
182.915,90,96,-5.8043670654296875,1.25,0.4,0.4
182.935,90,96,-5.852367401123047,1.25,0.4,0.4
182.955,90,96.5,-44,1.25,0.4,0.4
182.975,90,97,-44,1.25,0.4,0.4
182.995,90,97,-7.2603678703308105,1.25,0.4,0.4
183.015,90,97,-7.316368103027344,1.25,0.4,0.4
183.035,90,97,-7.372367858886719,1.25,0.4,0.4
183.055,90,96,33.82663345336914,1.25,0.4,0.4
183.075,90,95.5,34.404632568359375,1.25,0.4,0.4
183.095,90,95,-5.012368202209473,1.25,0.4,0.4
183.115,90,95,-5.0523681640625,1.25,0.4,0.4
183.135,90,94.5,-4.4633684158325195,1.25,0.4,0.4
183.155,90,94,-3.871368408203125,1.25,0.4,0.4
183.175,90,94,-3.9033682346343994,1.25,0.4,0.4
183.195,90,94,-3.935368061065674,1.25,0.4,0.4
183.215,90,94,-3.9673681259155273,1.25,0.4,0.4
183.235,90,94,-3.999368190765381,1.25,0.4,0.4
183.255,90,94,-4.031368255615234,1.25,0.4,0.4
183.275,90,94,-4.063368320465088,1.25,0.4,0.4
183.295,90,94,-4.095367908477783,1.25,0.4,0.4
183.315,90,94,-4.127367973327637,1.25,0.4,0.4
183.335,90,94.5,-4.787368297576904,1.25,0.4,0.4
183.355,90,95,-5.45136833190918,1.25,0.4,0.4
183.375,90,95,-5.491368293762207,1.25,0.4,0.4
183.395,90,95.5,-6.158368110656738,1.25,0.4,0.4
183.415,90,95.5,-6.202368259429932,1.25,0.4,0.4
183.435,90,95.5,-6.246368408203125,1.25,0.4,0.4
183.455,90,96,-6.918368339538574,1.25,0.4,0.4
183.475,90,95.5,-6.3393683433532715,1.25,0.4,0.4
183.495,90,95.5,-6.383368492126465,1.25,0.4,0.4
183.515,90,95,34.198631286621094,1.25,0.4,0.4
183.535,90,95,-5.841368198394775,1.25,0.4,0.4
183.555,90,95,-5.881368160247803,1.25,0.4,0.4
183.575,90,94.5,-5.293368339538574,1.25,0.4,0.4
183.595,90,94.5,-5.3293681144714355,1.25,0.4,0.4
183.615,90,94.5,-5.365368366241455,1.25,0.4,0.4
183.635,90,95,-6.030368328094482,1.25,0.4,0.4
183.655,90,95,-6.07036828994751,1.25,0.4,0.4
183.675,90,95.5,-44,1.25,0.4,0.4
183.695,90,95.5,-6.780368328094482,1.25,0.4,0.4
183.715,90,95.5,-6.824368000030518,1.25,0.4,0.4
183.735,90,95.5,-6.868368148803711,1.25,0.4,0.4
183.755,90,95,33.71363067626953,1.25,0.4,0.4
183.775,90,95,-6.32636833190918,1.25,0.4,0.4
183.795,90,95,-6.366368293762207,1.25,0.4,0.4
183.815,90,95,-6.406368255615234,1.25,0.4,0.4
183.835,90,95,-6.446368217468262,1.25,0.4,0.4
183.855,90,95,-6.486368179321289,1.25,0.4,0.4
183.875,90,95,-6.526368141174316,1.25,0.4,0.4
183.895,90,95,-6.566368103027344,1.25,0.4,0.4
183.915,90,94.5,34.019630432128906,1.25,0.4,0.4
183.935,90,94,-5.389368057250977,1.25,0.4,0.4
183.955,90,94,-5.42136812210083,1.25,0.4,0.4
183.975,90,93.5,-4.8253679275512695,1.25,0.4,0.4
183.995,90,93.5,-4.853368282318115,1.25,0.4,0.4
184.015,90,94,-5.509367942810059,1.25,0.4,0.4
184.035,90,94,-5.539368152618408,1.25,0.4,0.4
184.055,90,93.5,-4.942368030548096,1.25,0.4,0.4
184.075,90,93.5,-4.970368385314941,1.25,0.4,0.4
184.095,90,93.5,-4.998368263244629,1.25,0.4,0.4
184.115,90,93.5,-5.026368141174316,1.25,0.4,0.4
184.135,90,94,-5.682368278503418,1.25,0.4,0.4
184.155,90,94,-5.7143683433532715,1.25,0.4,0.4
184.175,90,94.5,-6.375368595123291,1.25,0.4,0.4
184.195,90,94.5,-6.411368370056152,1.25,0.4,0.4
184.215,90,94,-5.818368434906006,1.25,0.4,0.4
184.235,90,94,-5.850368499755859,1.25,0.4,0.4
184.255,90,93.5,34.74563217163086,1.25,0.4,0.4
184.275,90,94,-5.911368370056152,1.25,0.4,0.4
184.295,90,94,-5.943368434906006,1.25,0.4,0.4
184.315,90,94,-5.975368022918701,1.25,0.4,0.4
184.335,90,94,-6.007368087768555,1.25,0.4,0.4
184.355,90,94,-6.039368152618408,1.25,0.4,0.4
184.375,90,94,-6.071368217468262,1.25,0.4,0.4
184.395,90,94.5,-44,1.25,0.4,0.4
184.415,90,94.5,-6.765368461608887,1.25,0.4,0.4
184.435,90,94.5,-6.801368236541748,1.25,0.4,0.4
184.455,90,94.5,-6.837368488311768,1.25,0.4,0.4
184.475,90,94.5,-6.873368263244629,1.25,0.4,0.4
184.495,90,94.5,-6.909368515014648,1.25,0.4,0.4
184.515,90,94.5,-6.945368766784668,1.25,0.4,0.4
184.535,90,94.5,-6.981368541717529,1.25,0.4,0.4
184.555,90,94,-6.390368461608887,1.25,0.4,0.4
184.575,90,94,-6.42236852645874,1.25,0.4,0.4
184.595,90,94,-6.454368591308594,1.25,0.4,0.4
184.615,90,94,-44,1.25,0.4,0.4
184.635,90,94,-6.515368461608887,1.25,0.4,0.4
184.655,90,94,-6.54736852645874,1.25,0.4,0.4
184.675,90,94,-6.579368591308594,1.25,0.4,0.4
184.695,90,94,-6.611368179321289,1.25,0.4,0.4
184.715,90,94,-6.643368244171143,1.25,0.4,0.4
184.735,90,94,-6.675368309020996,1.25,0.4,0.4
184.755,90,94,-6.70736837387085,1.25,0.4,0.4
184.775,90,94.5,-44,1.25,0.4,0.4
184.795,90,94.5,-7.401368141174316,1.25,0.4,0.4
184.815,90,94.5,-7.437368392944336,1.25,0.4,0.4
184.835,90,94.5,-7.4733686447143555,1.25,0.4,0.4
184.855,90,94,-6.880368232727051,1.25,0.4,0.4
184.875,90,94,-6.912368297576904,1.25,0.4,0.4
184.895,90,94,-6.944368362426758,1.25,0.4,0.4
184.915,90,94,-6.976368427276611,1.25,0.4,0.4
184.935,90,93.5,-6.379368305206299,1.25,0.4,0.4
184.955,90,93.5,-6.407368183135986,1.25,0.4,0.4
184.975,90,93.5,-6.435368061065674,1.25,0.4,0.4
184.995,90,94,-7.090368270874023,1.25,0.4,0.4
185.015,90,93.5,-6.494367599487305,1.25,0.4,0.4
185.035,90,93.5,-6.522367477416992,1.25,0.4,0.4
185.055,90,93.5,-6.55036735534668,1.25,0.4,0.4
185.075,90,93.5,-6.578367233276367,1.25,0.4,0.4
185.095,90,93.5,-6.606367111206055,1.25,0.4,0.4
185.115,90,93.5,-6.634366989135742,1.25,0.4,0.4
185.135,90,93.5,-6.66236686706543,1.25,0.4,0.4
185.155,90,93,-6.063366889953613,1.25,0.4,0.4
185.175,90,93,-6.087367057800293,1.25,0.4,0.4
185.195,90,93,-6.111366271972656,1.25,0.4,0.4
185.215,90,93,-6.135366439819336,1.25,0.4,0.4
185.235,90,93,-6.159366130828857,1.25,0.4,0.4
185.255,90,93,-6.183365821838379,1.25,0.4,0.4
185.275,90,93,-6.207365989685059,1.25,0.4,0.4
185.295,90,93,-6.231365203857422,1.25,0.4,0.4
185.315,90,93,-6.255365371704102,1.25,0.4,0.4
185.335,90,93,-6.279365062713623,1.25,0.4,0.4
185.355,90,93,33.693634033203125,1.25,0.4,0.4
185.375,90,93,-6.33036470413208,1.25,0.4,0.4
185.395,90,92.5,-5.7263641357421875,1.25,0.4,0.4
185.415,90,92,-5.117364883422852,1.25,0.4,0.4
185.435,90,91.5,-4.506364822387695,1.25,0.4,0.4
185.455,90,91.5,-4.518365383148193,1.25,0.4,0.4
185.475,90,91.5,-4.530365943908691,1.25,0.4,0.4
185.495,90,91,-3.914365768432617,1.25,0.4,0.4
185.515,90,91,-44,1.25,0.4,0.4
185.535,90,91.5,-4.560366630554199,1.25,0.4,0.4
185.555,90,92,-5.200366973876953,1.25,0.4,0.4
185.575,90,92,-5.216366767883301,1.25,0.4,0.4
185.595,90,92,34.76563262939453,1.25,0.4,0.4
185.615,90,92,-5.250367164611816,1.25,0.4,0.4
185.635,90,92,-5.2663679122924805,1.25,0.4,0.4
185.655,90,92,-5.282368183135986,1.25,0.4,0.4
185.675,90,92,-5.298368453979492,1.25,0.4,0.4
185.695,90,92,-5.314369201660156,1.25,0.4,0.4
185.715,90,92.5,-5.957368850708008,1.25,0.4,0.4
185.735,90,93,-6.605368614196777,1.25,0.4,0.4
185.755,90,93,-6.629368782043457,1.25,0.4,0.4
185.775,90,93,-6.65336799621582,1.25,0.4,0.4
185.795,90,92.5,33.948631286621094,1.25,0.4,0.4
185.815,90,92,-5.443367958068848,1.25,0.4,0.4
185.835,90,92.5,-44,1.25,0.4,0.4
185.855,90,93,-6.732368469238281,1.25,0.4,0.4
185.875,90,92,34.49863052368164,1.25,0.4,0.4
185.895,90,91.5,-4.890368461608887,1.25,0.4,0.4
185.915,90,91,-4.275368690490723,1.25,0.4,0.4
185.935,90,91,-4.283369064331055,1.25,0.4,0.4
185.955,90,90.5,-3.6633689403533936,1.25,0.4,0.4
185.975,90,91,-4.294368743896484,1.25,0.4,0.4
185.995,90,91,-4.302369117736816,1.25,0.4,0.4
186.015,90,91,-4.310369491577148,1.25,0.4,0.4
186.035,90,91,-4.3183698654174805,1.25,0.4,0.4
186.055,90,91,-4.326369762420654,1.25,0.4,0.4
186.075,90,91,-4.334369659423828,1.25,0.4,0.4
186.095,90,91,-4.34237003326416,1.25,0.4,0.4
186.115,90,91,-4.350370407104492,1.25,0.4,0.4
186.135,90,91,-4.358370780944824,1.25,0.4,0.4
186.155,90,91.5,-4.995370864868164,1.25,0.4,0.4
186.175,90,91.5,-5.007370948791504,1.25,0.4,0.4
186.195,90,92,-5.647371292114258,1.25,0.4,0.4
186.215,90,92,-5.663372039794922,1.25,0.4,0.4
186.235,90,92,-5.6793718338012695,1.25,0.4,0.4
186.255,90,92,-5.695372581481934,1.25,0.4,0.4
186.275,90,92,-5.7113728523254395,1.25,0.4,0.4
186.295,90,92,-5.727373123168945,1.25,0.4,0.4
186.315,90,92,-5.743373870849609,1.25,0.4,0.4
186.335,90,92,-5.759373664855957,1.25,0.4,0.4
186.355,90,92,-5.775374412536621,1.25,0.4,0.4
186.375,90,92,-5.791374683380127,1.25,0.4,0.4
186.395,90,92,-5.807374954223633,1.25,0.4,0.4
186.415,90,92,-5.823375701904297,1.25,0.4,0.4
186.435,90,92,-5.8393754959106445,1.25,0.4,0.4
186.455,90,92,-5.855376243591309,1.25,0.4,0.4
186.475,90,92,-5.8713765144348145,1.25,0.4,0.4
186.495,90,92,-5.88737678527832,1.25,0.4,0.4
186.515,90,92.5,-6.532376289367676,1.25,0.4,0.4
186.535,90,93,-7.181377410888672,1.25,0.4,0.4
186.555,90,93.5,-7.833376884460449,1.25,0.4,0.4
186.575,90,93.5,-7.861376762390137,1.25,0.4,0.4
186.595,90,93.5,-7.889376640319824,1.25,0.4,0.4
186.615,90,93.5,-7.917376518249512,1.25,0.4,0.4
186.635,90,93,-7.3183770179748535,1.25,0.4,0.4
186.655,90,92.5,33.28362274169922,1.25,0.4,0.4
186.675,90,92.5,-6.736376762390137,1.25,0.4,0.4
186.695,90,92,-6.1283769607543945,1.25,0.4,0.4
186.715,90,92,-6.144377708435059,1.25,0.4,0.4
186.735,90,92,-6.1603779792785645,1.25,0.4,0.4
186.755,90,92.5,-6.804377555847168,1.25,0.4,0.4
186.775,90,93,-44,1.25,0.4,0.4
186.795,90,93,-7.47437858581543,1.25,0.4,0.4
186.815,90,92,-6.2413787841796875,1.25,0.4,0.4
186.835,90,92,-6.257378578186035,1.25,0.4,0.4
186.855,90,92,-6.273379325866699,1.25,0.4,0.4
186.875,90,92.5,-44,1.25,0.4,0.4
186.895,90,93,-44,1.25,0.4,0.4
186.915,90,93,-7.585379600524902,1.25,0.4,0.4
186.935,90,93,-7.609380722045898,1.25,0.4,0.4
186.955,90,92.5,-7.005380630493164,1.25,0.4,0.4
186.975,90,92,-6.396380424499512,1.25,0.4,0.4
186.995,90,92,-6.412381172180176,1.25,0.4,0.4
187.015,90,92,-6.428381443023682,1.25,0.4,0.4
187.035,90,93,-44,1.25,0.4,0.4
187.055,90,93,-7.723381996154785,1.25,0.4,0.4
187.075,90,93.5,-8.375381469726562,1.25,0.4,0.4
187.095,90,93.5,-8.40338134765625,1.25,0.4,0.4
187.115,90,93,-7.803382396697998,1.25,0.4,0.4
187.135,90,93,-7.827382564544678,1.25,0.4,0.4
187.155,90,93,-7.851383209228516,1.25,0.4,0.4
187.175,90,92.5,-7.246383190155029,1.25,0.4,0.4
187.195,90,92.5,-7.266382694244385,1.25,0.4,0.4
187.215,90,92.5,-7.28638219833374,1.25,0.4,0.4
187.235,90,92.5,-7.306382179260254,1.25,0.4,0.4
187.255,90,92,-6.69738245010376,1.25,0.4,0.4
187.275,90,92,-6.713382720947266,1.25,0.4,0.4
187.295,90,92,-6.7293829917907715,1.25,0.4,0.4
187.315,90,92,-6.7453837394714355,1.25,0.4,0.4
187.335,90,93,-44,1.25,0.4,0.4
187.355,90,93,-8.039384841918945,1.25,0.4,0.4
187.375,90,92.5,32.56261444091797,1.25,0.4,0.4
187.395,90,92.5,-7.45738410949707,1.25,0.4,0.4
187.415,90,92,33.148616790771484,1.25,0.4,0.4
187.435,90,92,-6.86838436126709,1.25,0.4,0.4
187.455,90,92,-6.884384632110596,1.25,0.4,0.4
187.475,90,91.5,-6.272384166717529,1.25,0.4,0.4
187.495,90,91.5,-6.284383773803711,1.25,0.4,0.4
187.515,90,91,34.32961654663086,1.25,0.4,0.4
187.535,90,91,-5.678383827209473,1.25,0.4,0.4
187.555,90,90,-4.430383205413818,1.25,0.4,0.4
187.575,90,90,-4.430383205413818,1.25,0.4,0.4
187.595,90,90,-4.430383205413818,1.25,0.4,0.4
187.615,90,90,-4.430383205413818,1.25,0.4,0.4
187.635,90,90.5,-5.058382987976074,1.25,0.4,0.4
187.655,90,90,-4.434382915496826,1.25,0.4,0.4
187.675,90,90,-4.434382915496826,1.25,0.4,0.4
187.695,90,89.5,36.19161605834961,1.25,0.4,0.4
187.715,90,89.5,-3.8043837547302246,1.25,0.4,0.4
187.735,90,89,-3.1733837127685547,1.25,0.4,0.4
187.755,90,89,-3.165383815765381,1.25,0.4,0.4
187.775,90,89.5,-3.786384105682373,1.25,0.4,0.4
187.795,90,89.5,-3.7823848724365234,1.25,0.4,0.4
187.815,90,89.5,-3.778385639190674,1.25,0.4,0.4
187.835,90,89.5,-3.774386405944824,1.25,0.4,0.4
187.855,90,89.5,-3.7703871726989746,1.25,0.4,0.4
187.875,90,89.5,-3.766387462615967,1.25,0.4,0.4
187.895,90,89.5,-3.762388229370117,1.25,0.4,0.4
187.915,90,89.5,-3.7583889961242676,1.25,0.4,0.4
187.935,90,89.5,-3.754389762878418,1.25,0.4,0.4
187.955,90,90,-4.379389762878418,1.25,0.4,0.4
187.975,90,90,-4.379389762878418,1.25,0.4,0.4
187.995,90,89.5,-3.7503905296325684,1.25,0.4,0.4
188.015,90,89.5,-3.7463908195495605,1.25,0.4,0.4
188.035,90,89.5,-3.742391586303711,1.25,0.4,0.4
188.055,90,89.5,-3.7383923530578613,1.25,0.4,0.4
188.075,90,90,-4.362392425537109,1.25,0.4,0.4
188.095,90,90,-4.362392425537109,1.25,0.4,0.4
188.115,90,90,-4.362392425537109,1.25,0.4,0.4
188.135,90,90.5,-4.990392208099365,1.25,0.4,0.4
188.155,90,90.5,-4.994391441345215,1.25,0.4,0.4
188.175,90,91,-44,1.25,0.4,0.4
188.195,90,91,-5.632390975952148,1.25,0.4,0.4
188.215,90,91,-5.6403913497924805,1.25,0.4,0.4
188.235,90,91.5,-44,1.25,0.4,0.4
188.255,90,91.5,-6.286390781402588,1.25,0.4,0.4
188.275,90,91.5,-6.2983903884887695,1.25,0.4,0.4
188.295,90,91.5,-6.310389995574951,1.25,0.4,0.4
188.315,90,91.5,-6.322389125823975,1.25,0.4,0.4
188.335,90,91.5,-6.334388732910156,1.25,0.4,0.4
188.355,90,91.5,-6.346388339996338,1.25,0.4,0.4
188.375,90,91.5,-6.3583879470825195,1.25,0.4,0.4
188.395,90,91.5,-6.370387554168701,1.25,0.4,0.4
188.415,90,91.5,-6.382386684417725,1.25,0.4,0.4
188.435,90,91.5,-6.394386291503906,1.25,0.4,0.4
188.455,90,91.5,-6.406385898590088,1.25,0.4,0.4
188.475,90,91.5,-6.4183855056762695,1.25,0.4,0.4
188.495,90,91,-5.803385257720947,1.25,0.4,0.4
188.515,90,91,-5.811385631561279,1.25,0.4,0.4
188.535,90,91,-5.819385528564453,1.25,0.4,0.4
188.555,90,91,-5.827385902404785,1.25,0.4,0.4
188.575,90,91,-5.835385799407959,1.25,0.4,0.4
188.595,90,90.5,-5.214385509490967,1.25,0.4,0.4
188.615,90,90.5,-5.218384742736816,1.25,0.4,0.4
188.635,90,90.5,-44,1.25,0.4,0.4
188.655,90,90.5,-5.225383281707764,1.25,0.4,0.4
188.675,90,90.5,-5.2293829917907715,1.25,0.4,0.4
188.695,90,90.5,-5.233382225036621,1.25,0.4,0.4
188.715,90,90.5,-5.237381458282471,1.25,0.4,0.4
188.735,90,90.5,-5.24138069152832,1.25,0.4,0.4
188.755,90,90.5,-5.24537992477417,1.25,0.4,0.4
188.775,90,90.5,-5.249379634857178,1.25,0.4,0.4
188.795,90,91,-5.882379531860352,1.25,0.4,0.4
188.815,90,91,-5.890379905700684,1.25,0.4,0.4
188.835,90,91,-5.898379802703857,1.25,0.4,0.4
188.855,90,90.5,34.71961975097656,1.25,0.4,0.4
188.875,90,90,35.34162139892578,1.25,0.4,0.4
188.895,90,90,-4.658379554748535,1.25,0.4,0.4
188.915,90,90,-4.658379554748535,1.25,0.4,0.4
188.935,90,90,-4.658379554748535,1.25,0.4,0.4
188.955,90,90,-4.658379554748535,1.25,0.4,0.4
188.975,90,90,-4.658379554748535,1.25,0.4,0.4
188.995,90,90,-4.658379554748535,1.25,0.4,0.4
189.015,90,90,-4.658379554748535,1.25,0.4,0.4
189.035,90,90,-4.658379554748535,1.25,0.4,0.4
189.055,90,90,-4.658379554748535,1.25,0.4,0.4
189.075,90,90.5,-5.287378787994385,1.25,0.4,0.4
189.095,90,91,-5.920379161834717,1.25,0.4,0.4
189.115,90,91,-5.928379058837891,1.25,0.4,0.4
189.135,90,91,-5.936379432678223,1.25,0.4,0.4
189.155,90,91,-5.9443793296813965,1.25,0.4,0.4
189.175,90,91,-5.9523797035217285,1.25,0.4,0.4
189.195,90,90.5,-5.332379341125488,1.25,0.4,0.4
189.215,90,90,-4.707379341125488,1.25,0.4,0.4
189.235,90,90,-4.707379341125488,1.25,0.4,0.4
189.255,90,90,-4.707379341125488,1.25,0.4,0.4
189.275,90,90,-4.707379341125488,1.25,0.4,0.4
189.295,90,90,-4.707379341125488,1.25,0.4,0.4
189.315,90,90,-4.707379341125488,1.25,0.4,0.4
189.335,90,90,-4.707379341125488,1.25,0.4,0.4
189.355,90,90,-4.707379341125488,1.25,0.4,0.4
189.375,90,90,-4.707379341125488,1.25,0.4,0.4
189.395,90,90.5,-5.334378719329834,1.25,0.4,0.4
189.415,90,90.5,34.660621643066406,1.25,0.4,0.4
189.435,90,90,-4.716378211975098,1.25,0.4,0.4
189.455,90,90,-4.716378211975098,1.25,0.4,0.4
189.475,90,90,-4.716378211975098,1.25,0.4,0.4
189.495,90,90,-4.716378211975098,1.25,0.4,0.4
189.515,90,90,-4.716378211975098,1.25,0.4,0.4
189.535,90,90,-4.716378211975098,1.25,0.4,0.4
189.555,90,90.5,-5.343377590179443,1.25,0.4,0.4
189.575,90,90.5,-5.347377300262451,1.25,0.4,0.4
189.595,90,90.5,-5.351376533508301,1.25,0.4,0.4
189.615,90,90.5,-5.35537576675415,1.25,0.4,0.4
189.635,90,90.5,-5.359375,1.25,0.4,0.4
189.655,90,90.5,-5.36337423324585,1.25,0.4,0.4
189.675,90,90.5,-5.367373943328857,1.25,0.4,0.4
189.695,90,90.5,-5.371373176574707,1.25,0.4,0.4
189.715,90,90,-4.748372554779053,1.25,0.4,0.4
189.735,90,90,-4.748372554779053,1.25,0.4,0.4
189.755,90,90.5,-44,1.25,0.4,0.4
189.775,90,90.5,-5.378371715545654,1.25,0.4,0.4
189.795,90,90.5,-5.382371425628662,1.25,0.4,0.4
189.815,90,90.5,-5.38537073135376,1.25,0.4,0.4
189.835,90,90,-4.76037073135376,1.25,0.4,0.4
189.855,90,90,-4.76037073135376,1.25,0.4,0.4
189.875,90,90,-4.76037073135376,1.25,0.4,0.4
189.895,90,90,-4.76037073135376,1.25,0.4,0.4
189.915,90,90,-4.76037073135376,1.25,0.4,0.4
189.935,90,90,-4.76037073135376,1.25,0.4,0.4
189.955,90,90,-4.76037073135376,1.25,0.4,0.4
189.975,90,90,-4.76037073135376,1.25,0.4,0.4
189.995,90,90,-4.76037073135376,1.25,0.4,0.4
190.015,0,90.5,-44,1.25,0.4,0.4
190.035,0,91,-44,1.25,0.4,0.4
190.055,0,90,-44,1.25,0.4,0.4
190.075,0,88.5,-44,1.25,0.4,0.4
190.095,0,86,-35.66136932373047,1.25,0.4,0.4
190.115,0,83,-32.58537292480469,1.25,0.4,0.4
190.135,0,78.5,12.396629333496094,1.25,0.4,0.4
190.155,0,73.5,18.042625427246094,1.25,0.4,0.4
190.175,0,68,24.35662841796875,1.25,0.4,0.4
190.195,0,63,-9.912368774414062,1.25,0.4,0.4
190.215,0,58,35.85962677001953,1.25,0.4,0.4
190.235,0,55,-40.83837127685547,1.25,0.4,0.4
190.255,0,52,2.4866256713867188,1.25,0.4,0.4
190.275,0,49.5,-34.79237365722656,1.25,0.4,0.4
190.295,0,46,9.204627990722656,1.25,0.4,0.4
190.315,0,42,13.85662841796875,1.25,0.4,0.4
190.335,0,39,17.284629821777344,1.25,0.4,0.4
190.355,0,37,-20.517372131347656,1.25,0.4,0.4
190.375,0,35,-18.30337142944336,1.25,0.4,0.4
190.395,0,32.5,24.552627563476562,1.25,0.4,0.4
190.415,0,30,27.428627014160156,1.25,0.4,0.4
190.435,0,27,30.951629638671875,1.25,0.4,0.4
190.455,0,24.5,-6.127372741699219,1.25,0.4,0.4
190.475,0,22,36.81262969970703,1.25,0.4,0.4
190.495,0,20.5,-1.4823722839355469,1.25,0.4,0.4
190.515,0,19,0.23662567138671875,1.25,0.4,0.4
190.535,0,17.5,1.9676284790039062,1.25,0.4,0.4
190.555,0,16,3.709625244140625,1.25,0.4,0.4
190.575,0,15,4.835624694824219,1.25,0.4,0.4
190.595,0,14,-34.030372619628906,1.25,0.4,0.4
190.615,0,13,7.110626220703125,1.25,0.4,0.4
190.635,0,11,9.51762580871582,1.25,0.4,0.4
190.655,0,8.5,12.568628311157227,1.25,0.4,0.4
190.675,0,7,-25.615371704101562,1.25,0.4,0.4
190.695,0,6,-24.414371490478516,1.25,0.4,0.4
190.715,0,6,-24.462369918823242,1.25,0.4,0.4
190.735,0,5.5,-23.88336753845215,1.25,0.4,0.4
190.755,0,4,17.95462989807129,1.25,0.4,0.4
190.775,0,2.5,19.80362892150879,1.25,0.4,0.4
190.795,0,1,-18.33237075805664,1.25,0.4,0.4
190.815,0,0,-17.083370208740234,1.25,0.4,0.4
190.835,0,0,-17.083370208740234,1.25,0.4,0.4
190.855,0,1,-44,1.25,0.4,0.4
190.875,0,0,-17.090368270874023,1.25,0.4,0.4
190.895,0,-1,24.162630081176758,1.25,0.4,0.4
190.915,0,-2,-14.574369430541992,1.25,0.4,0.4
190.935,0,-3,-13.302370071411133,1.25,0.4,0.4
190.955,0,-3,-13.278371810913086,1.25,0.4,0.4
190.975,0,-3,-13.254371643066406,1.25,0.4,0.4
190.995,0,-3.5,27.395627975463867,1.25,0.4,0.4
191.015,0,-4,-11.947370529174805,1.25,0.4,0.4
191.035,0,-4,-11.91537094116211,1.25,0.4,0.4
191.055,0,-4.5,-11.256370544433594,1.25,0.4,0.4
191.075,0,-5,-10.592369079589844,1.25,0.4,0.4
191.095,0,-6,-9.295370101928711,1.25,0.4,0.4
191.115,0,-6.5,-8.619369506835938,1.25,0.4,0.4
191.135,0,-7,-7.939369201660156,1.25,0.4,0.4
191.155,0,-7,-7.883369445800781,1.25,0.4,0.4
191.175,0,-7,-7.827369689941406,1.25,0.4,0.4
191.195,0,-7.5,32.85462951660156,1.25,0.4,0.4
191.215,0,-8,-6.458372116088867,1.25,0.4,0.4
191.235,0,-7,-44,1.25,0.4,0.4
191.255,0,-7,-7.593374252319336,1.25,0.4,0.4
191.275,0,-8,-6.2813720703125,1.25,0.4,0.4
191.295,0,-8.5,34.40863037109375,1.25,0.4,0.4
191.315,0,-9,-4.896373748779297,1.25,0.4,0.4
191.335,0,-10,36.428627014160156,1.25,0.4,0.4
191.355,0,-10,-3.4913759231567383,1.25,0.4,0.4
191.375,0,-10.5,-2.7833738327026367,1.25,0.4,0.4
191.395,0,-10.5,-2.699371337890625,1.25,0.4,0.4
191.415,0,-10,-3.24237060546875,1.25,0.4,0.4
191.435,0,-10,-3.1623716354370117,1.25,0.4,0.4
191.455,0,-10,-3.08237361907959,1.25,0.4,0.4
191.475,0,-10,-3.0023746490478516,1.25,0.4,0.4
191.495,0,-10,-2.9223756790161133,1.25,0.4,0.4
191.515,0,-10.5,-2.2153749465942383,1.25,0.4,0.4
191.535,0,-10,-2.7603759765625,1.25,0.4,0.4
191.555,0,-10,-2.6803770065307617,1.25,0.4,0.4
191.575,0,-10,-2.60037899017334,1.25,0.4,0.4
191.595,0,-9.5,-3.147378921508789,1.25,0.4,0.4
191.615,0,-9,-3.699380874633789,1.25,0.4,0.4
191.635,0,-9,-3.627383232116699,1.25,0.4,0.4
191.655,0,-8.5,-4.184384346008301,1.25,0.4,0.4
191.675,0,-8,-4.745383262634277,1.25,0.4,0.4
191.695,0,-8,-4.6813812255859375,1.25,0.4,0.4
191.715,0,-8.5,-3.988382339477539,1.25,0.4,0.4
191.735,0,-9,-3.292384147644043,1.25,0.4,0.4
191.755,0,-9,-3.2203874588012695,1.25,0.4,0.4
191.775,0,-9,-3.148390769958496,1.25,0.4,0.4
191.795,0,-9,-3.0763931274414062,1.25,0.4,0.4
191.815,0,-9,-3.004396438598633,1.25,0.4,0.4
191.835,0,-8.5,-3.560397148132324,1.25,0.4,0.4
191.855,0,-8.5,-3.492398262023926,1.25,0.4,0.4
191.875,0,-8.5,-3.4243993759155273,1.25,0.4,0.4
191.895,0,-8,-43.982398986816406,1.25,0.4,0.4
191.915,0,-8,-3.918397903442383,1.25,0.4,0.4
191.935,0,-8,-3.854395866394043,1.25,0.4,0.4
191.955,0,-8,-3.7903947830200195,1.25,0.4,0.4
191.975,0,-8,-3.726393699645996,1.25,0.4,0.4
191.995,0,-8,-3.6623916625976562,1.25,0.4,0.4
192.015,0,-8,-3.598390579223633,1.25,0.4,0.4
192.035,0,-8.5,-2.9063901901245117,1.25,0.4,0.4
192.055,0,-8.5,-2.8383913040161133,1.25,0.4,0.4
192.075,0,-8,-43.396392822265625,1.25,0.4,0.4
192.095,0,-8,-3.3323898315429688,1.25,0.4,0.4
192.115,0,-8,-3.2683887481689453,1.25,0.4,0.4
192.135,0,-8,-3.2043867111206055,1.25,0.4,0.4
192.155,0,-7.5,-3.7683887481689453,1.25,0.4,0.4
192.175,0,-7,-4.33738899230957,1.25,0.4,0.4
192.195,0,-8,-3.0263891220092773,1.25,0.4,0.4
192.215,0,-7.5,-43.58838653564453,1.25,0.4,0.4
192.235,0,-7,-4.156389236450195,1.25,0.4,0.4
192.255,0,-8,-2.8453893661499023,1.25,0.4,0.4
192.275,0,-8.5,37.84461212158203,1.25,0.4,0.4
192.295,0,-8.5,-2.0873889923095703,1.25,0.4,0.4
192.315,0,-8.5,-2.0193891525268555,1.25,0.4,0.4
192.335,0,-8.5,-1.951390266418457,1.25,0.4,0.4
192.355,0,-8.5,-1.8833913803100586,1.25,0.4,0.4
192.375,0,-8.5,-1.8153915405273438,1.25,0.4,0.4
192.395,0,-8.5,-1.7473926544189453,1.25,0.4,0.4
192.415,0,-8,-2.3073911666870117,1.25,0.4,0.4
192.435,0,-8,-2.2433900833129883,1.25,0.4,0.4
192.455,0,-8,-2.179388999938965,1.25,0.4,0.4
192.475,0,-8,-2.115386962890625,1.25,0.4,0.4
192.495,0,-8,-2.0513858795166016,1.25,0.4,0.4
192.515,0,-8,-1.9873838424682617,1.25,0.4,0.4
192.535,0,-8,-1.9233827590942383,1.25,0.4,0.4
192.555,0,-7.5,-2.4863815307617188,1.25,0.4,0.4
192.575,0,-8,38.1986198425293,1.25,0.4,0.4
192.595,0,-8,-1.737380027770996,1.25,0.4,0.4
192.615,0,-8,-1.6733779907226562,1.25,0.4,0.4
192.635,0,-8,-1.6093769073486328,1.25,0.4,0.4
192.655,0,-8,-1.545374870300293,1.25,0.4,0.4
192.675,0,-8,-1.4813737869262695,1.25,0.4,0.4
192.695,0,-7,-2.673373222351074,1.25,0.4,0.4
192.715,0,-7,-2.617373466491699,1.25,0.4,0.4
192.735,0,-7,-2.561373710632324,1.25,0.4,0.4
192.755,0,-7,-2.505373954772949,1.25,0.4,0.4
192.775,0,-7,-2.449374198913574,1.25,0.4,0.4
192.795,0,-6.5,-3.0203752517700195,1.25,0.4,0.4
192.815,0,-6.5,-2.9683761596679688,1.25,0.4,0.4
192.835,0,-6,-3.545374870300293,1.25,0.4,0.4
192.855,0,-5.5,-44,1.25,0.4,0.4
192.875,0,-5,-4.708374977111816,1.25,0.4,0.4
192.895,0,-5,-4.6683759689331055,1.25,0.4,0.4
192.915,0,-6,36.62562561035156,1.25,0.4,0.4
192.935,0,-6,-3.326374053955078,1.25,0.4,0.4
192.955,0,-6,-3.2783727645874023,1.25,0.4,0.4
192.975,0,-6,-3.230372428894043,1.25,0.4,0.4
192.995,0,-6,-3.182371139526367,1.25,0.4,0.4
193.015,0,-6,-3.1343698501586914,1.25,0.4,0.4
193.035,0,-6,-3.0863685607910156,1.25,0.4,0.4
193.055,0,-5,-44,1.25,0.4,0.4
193.075,0,-4.5,-44,1.25,0.4,0.4
193.095,0,-4.5,-4.841370582580566,1.25,0.4,0.4
193.115,0,-5,-4.1763715744018555,1.25,0.4,0.4
193.135,0,-6,-2.8813705444335938,1.25,0.4,0.4
193.155,0,-6.5,-2.2063703536987305,1.25,0.4,0.4
193.175,0,-7,-1.5273714065551758,1.25,0.4,0.4
193.195,0,-8,-0.21737098693847656,1.25,0.4,0.4
193.215,0,-8,-0.15336894989013672,1.25,0.4,0.4
193.235,0,-8,-0.08936786651611328,1.25,0.4,0.4
193.255,0,-8,-0.025366783142089844,1.25,0.4,0.4
193.275,0,-8,0.03863525390625,1.25,0.4,0.4
193.295,0,-7,-41.15036392211914,1.25,0.4,0.4
193.315,0,-6.5,-1.721364974975586,1.25,0.4,0.4
193.335,0,-6.5,38.32963562011719,1.25,0.4,0.4
193.355,0,-6.5,-1.6193656921386719,1.25,0.4,0.4
193.375,0,-6.5,-1.5693655014038086,1.25,0.4,0.4
193.395,0,-7,-0.8903665542602539,1.25,0.4,0.4
193.415,0,-7,-0.8343667984008789,1.25,0.4,0.4
193.435,0,-7,-0.7783670425415039,1.25,0.4,0.4
193.455,0,-6.5,-41.348365783691406,1.25,0.4,0.4
193.475,0,-6.5,-1.2963685989379883,1.25,0.4,0.4
193.495,0,-6.5,-1.2443695068359375,1.25,0.4,0.4
193.515,0,-6,-1.820368766784668,1.25,0.4,0.4
193.535,0,-6,-1.7723684310913086,1.25,0.4,0.4
193.555,0,-5,-2.9823684692382812,1.25,0.4,0.4
193.575,0,-4.5,-3.5703697204589844,1.25,0.4,0.4
193.595,0,-4,-44,1.25,0.4,0.4
193.615,0,-4,-4.12837028503418,1.25,0.4,0.4
193.635,0,-4,-4.096369743347168,1.25,0.4,0.4
193.655,0,-4,-4.06436824798584,1.25,0.4,0.4
193.675,0,-3.5,-44,1.25,0.4,0.4
193.695,0,-4,-4.005368232727051,1.25,0.4,0.4
193.715,0,-4.5,-3.3463687896728516,1.25,0.4,0.4
193.735,0,-4.5,-3.310370445251465,1.25,0.4,0.4
193.755,0,-5,-2.6453704833984375,1.25,0.4,0.4
193.775,0,-5,-2.6053714752197266,1.25,0.4,0.4
193.795,0,-5,-2.565371513366699,1.25,0.4,0.4
193.815,0,-5,-2.5253725051879883,1.25,0.4,0.4
193.835,0,-4.5,-3.1143741607666016,1.25,0.4,0.4
193.855,0,-4.5,-3.078375816345215,1.25,0.4,0.4
193.875,0,-4.5,-3.0423765182495117,1.25,0.4,0.4
193.895,0,-4,-43.63237762451172,1.25,0.4,0.4
193.915,0,-4,-3.600377082824707,1.25,0.4,0.4
193.935,0,-4,-3.5683765411376953,1.25,0.4,0.4
193.955,0,-4,-3.5363759994506836,1.25,0.4,0.4
193.975,0,-4,-3.5043745040893555,1.25,0.4,0.4
193.995,0,-3,-44,1.25,0.4,0.4
194.015,0,-3,-4.701375961303711,1.25,0.4,0.4
194.035,0,-3,-4.677376747131348,1.25,0.4,0.4
194.055,0,-3,-4.653377532958984,1.25,0.4,0.4
194.075,0,-3,-4.629378318786621,1.25,0.4,0.4
194.095,0,-3,-4.605380058288574,1.25,0.4,0.4
194.115,0,-2.5,-5.209379196166992,1.25,0.4,0.4
194.135,0,-2.5,-5.189377784729004,1.25,0.4,0.4
194.155,0,-2.5,-5.169376373291016,1.25,0.4,0.4
194.175,0,-2.5,-5.149374961853027,1.25,0.4,0.4
194.195,0,-2,-5.7573747634887695,1.25,0.4,0.4
194.215,0,-2,-5.7413740158081055,1.25,0.4,0.4
194.235,0,-1.5,-44,1.25,0.4,0.4
194.255,0,-1,-6.968375205993652,1.25,0.4,0.4
194.275,0,-1,-6.960376739501953,1.25,0.4,0.4
194.295,0,-1,-6.952378273010254,1.25,0.4,0.4
194.315,0,-2,-5.68637752532959,1.25,0.4,0.4
194.335,0,-2,-5.670377731323242,1.25,0.4,0.4
194.355,0,-2,-5.654376983642578,1.25,0.4,0.4
194.375,0,-2.5,-5.0103759765625,1.25,0.4,0.4
194.395,0,-2.5,-4.990374565124512,1.25,0.4,0.4
194.415,0,-2.5,-4.97037410736084,1.25,0.4,0.4
194.435,0,-2.5,-4.950372695922852,1.25,0.4,0.4
194.455,0,-2.5,-4.930371284484863,1.25,0.4,0.4
194.475,0,-2.5,-4.910369873046875,1.25,0.4,0.4
194.495,0,-2.5,-4.890368461608887,1.25,0.4,0.4
194.515,0,-2.5,-4.870367527008057,1.25,0.4,0.4
194.535,0,-2.5,-4.850366115570068,1.25,0.4,0.4
194.555,0,-2.5,-4.830365180969238,1.25,0.4,0.4
194.575,0,-2,-5.438364505767822,1.25,0.4,0.4
194.595,0,-2,-5.422364234924316,1.25,0.4,0.4
194.615,0,-2,-5.4063639640808105,1.25,0.4,0.4
194.635,0,-2,-5.3903632164001465,1.25,0.4,0.4
194.655,0,-2,-5.374362945556641,1.25,0.4,0.4
194.675,0,-2,-5.358362674713135,1.25,0.4,0.4
194.695,0,-2,-5.342362403869629,1.25,0.4,0.4
194.715,0,-2,-5.326362133026123,1.25,0.4,0.4
194.735,0,-2,-5.310361385345459,1.25,0.4,0.4
194.755,0,-2.5,-4.667360782623291,1.25,0.4,0.4
194.775,0,-3,35.978641510009766,1.25,0.4,0.4
194.795,0,-3,-3.997361183166504,1.25,0.4,0.4
194.815,0,-3.5,-3.3463616371154785,1.25,0.4,0.4
194.835,0,-4,-2.6903610229492188,1.25,0.4,0.4
194.855,0,-4,-2.658360481262207,1.25,0.4,0.4
194.875,0,-4,-2.626359462738037,1.25,0.4,0.4
194.895,0,-4,-2.5943589210510254,1.25,0.4,0.4
194.915,0,-4,-2.5623583793640137,1.25,0.4,0.4
194.935,0,-4,-2.5303573608398438,1.25,0.4,0.4
194.955,0,-4,-2.498356819152832,1.25,0.4,0.4
194.975,0,-3,-3.723357677459717,1.25,0.4,0.4
194.995,0,-3,-3.6993584632873535,1.25,0.4,0.4
195.015,0,-3,-3.6753592491149902,1.25,0.4,0.4
195.035,0,-3,-3.651360511779785,1.25,0.4,0.4
195.055,0,-3,-3.627361297607422,1.25,0.4,0.4
195.075,0,-2.5,-4.230361461639404,1.25,0.4,0.4
195.095,0,-2,-4.837360382080078,1.25,0.4,0.4
195.115,0,-2,-4.821360111236572,1.25,0.4,0.4
195.135,0,-2,-4.805359840393066,1.25,0.4,0.4
195.155,0,-1.5,-44,1.25,0.4,0.4
195.175,0,-1,-44,1.25,0.4,0.4
195.195,0,-2,-4.766360759735107,1.25,0.4,0.4
195.215,0,-2.5,-4.123359680175781,1.25,0.4,0.4
195.235,0,-3,-3.474360942840576,1.25,0.4,0.4
195.255,0,-4,37.80463790893555,1.25,0.4,0.4
195.275,0,-4,-2.163360118865967,1.25,0.4,0.4
195.295,0,-4,-2.131359100341797,1.25,0.4,0.4
195.315,0,-3,-43.3543586730957,1.25,0.4,0.4
195.335,0,-3,-3.3303604125976562,1.25,0.4,0.4
195.355,0,-4,-2.0493597984313965,1.25,0.4,0.4
195.375,0,-4.5,-1.3893609046936035,1.25,0.4,0.4
195.395,0,-4.5,-1.3533625602722168,1.25,0.4,0.4
195.415,0,-4,-1.9453620910644531,1.25,0.4,0.4
195.435,0,-4,-1.9133615493774414,1.25,0.4,0.4
195.455,0,-3,-3.138362407684326,1.25,0.4,0.4
195.475,0,-2.5,-3.742361545562744,1.25,0.4,0.4
195.495,0,-2.5,-3.722360134124756,1.25,0.4,0.4
195.515,0,-3,-3.0743608474731445,1.25,0.4,0.4
195.535,0,-3,-3.0503616333007812,1.25,0.4,0.4
195.555,0,-3,-3.026362895965576,1.25,0.4,0.4
195.575,0,-2.5,-3.6293625831604004,1.25,0.4,0.4
195.595,0,-3,-2.980363368988037,1.25,0.4,0.4
195.615,0,-3,-2.956364631652832,1.25,0.4,0.4
195.635,0,-3.5,-2.3053650856018066,1.25,0.4,0.4
195.655,0,-4,-1.648364543914795,1.25,0.4,0.4
195.675,0,-3,-42.86936569213867,1.25,0.4,0.4
195.695,0,-3,-2.845365047454834,1.25,0.4,0.4
195.715,0,-3,-2.821366310119629,1.25,0.4,0.4
195.735,0,-4,-1.5423660278320312,1.25,0.4,0.4
195.755,0,-4,-1.5103654861450195,1.25,0.4,0.4
195.775,0,-4,-1.4783644676208496,1.25,0.4,0.4
195.795,0,-4,-1.446363925933838,1.25,0.4,0.4
195.815,0,-4,-1.4143633842468262,1.25,0.4,0.4
195.835,0,-4,-1.3823623657226562,1.25,0.4,0.4
195.855,0,-4,-1.3503618240356445,1.25,0.4,0.4
195.875,0,-3,-42.57236099243164,1.25,0.4,0.4
195.895,0,-3,-2.548360824584961,1.25,0.4,0.4
195.915,0,-3,-2.524360179901123,1.25,0.4,0.4
195.935,0,-3,-2.5003600120544434,1.25,0.4,0.4
195.955,0,-3,-2.4763593673706055,1.25,0.4,0.4
195.975,0,-3,-2.4523587226867676,1.25,0.4,0.4
195.995,0,-3,-2.4283580780029297,1.25,0.4,0.4
196.015,0,-3,-2.404357433319092,1.25,0.4,0.4
196.035,0,-3,-2.380357265472412,1.25,0.4,0.4
196.055,0,-3,-2.356356620788574,1.25,0.4,0.4
196.075,0,-2.5,-2.9603567123413086,1.25,0.4,0.4
196.095,0,-2.5,-2.940356731414795,1.25,0.4,0.4
196.115,0,-2,-3.5473570823669434,1.25,0.4,0.4
196.135,0,-2,-3.5313563346862793,1.25,0.4,0.4
196.155,0,-1.5,-44,1.25,0.4,0.4
196.175,0,-1,-4.758356094360352,1.25,0.4,0.4
196.195,0,-1,-4.750356197357178,1.25,0.4,0.4
196.215,0,-0.5,-5.37135648727417,1.25,0.4,0.4
196.235,0,0,-5.995357036590576,1.25,0.4,0.4
196.255,0,0,-5.995357036590576,1.25,0.4,0.4
196.275,0,0.5,-44,1.25,0.4,0.4
196.295,0,0,-5.997356414794922,1.25,0.4,0.4
196.315,0,0,-5.997356414794922,1.25,0.4,0.4
196.335,0,0,-5.997356414794922,1.25,0.4,0.4
196.355,0,0,-5.997356414794922,1.25,0.4,0.4
196.375,0,-0.5,-5.368357181549072,1.25,0.4,0.4
196.395,0,-0.5,-5.364357948303223,1.25,0.4,0.4
196.415,0,-1,35.26564025878906,1.25,0.4,0.4
196.435,0,-1,-4.726357936859131,1.25,0.4,0.4
196.455,0,-1,-4.718358039855957,1.25,0.4,0.4
196.475,0,-2,-3.456357479095459,1.25,0.4,0.4
196.495,0,-2,-3.440357208251953,1.25,0.4,0.4
196.515,0,-2,-3.4243569374084473,1.25,0.4,0.4
196.535,0,-2.5,-2.7803568840026855,1.25,0.4,0.4
196.555,0,-2.5,-2.76035737991333,1.25,0.4,0.4
196.575,0,-2.5,-2.7403578758239746,1.25,0.4,0.4
196.595,0,-2.5,-2.720357894897461,1.25,0.4,0.4
196.615,0,-2.5,-2.7003583908081055,1.25,0.4,0.4
196.635,0,-2.5,-2.680358409881592,1.25,0.4,0.4
196.655,0,-2,-3.288358211517334,1.25,0.4,0.4
196.675,0,-2,-3.272357940673828,1.25,0.4,0.4
196.695,0,-2,-3.2563576698303223,1.25,0.4,0.4
196.715,0,-2,-3.2403573989868164,1.25,0.4,0.4
196.735,0,-2,-3.2243571281433105,1.25,0.4,0.4
196.755,0,-2,-3.2083563804626465,1.25,0.4,0.4
196.775,0,-2,-3.1923561096191406,1.25,0.4,0.4
196.795,0,-2,-3.1763558387756348,1.25,0.4,0.4
196.815,0,-1,-44,1.25,0.4,0.4
196.835,0,-1.5,-3.7783560752868652,1.25,0.4,0.4
196.855,0,-2,-3.137355327606201,1.25,0.4,0.4
196.875,0,-3,38.133644104003906,1.25,0.4,0.4
196.895,0,-3,-1.8423552513122559,1.25,0.4,0.4
196.915,0,-3,-1.818354606628418,1.25,0.4,0.4
196.935,0,-3,-1.79435396194458,1.25,0.4,0.4
196.955,0,-3,-1.7703533172607422,1.25,0.4,0.4
196.975,0,-3,-1.7463526725769043,1.25,0.4,0.4
196.995,0,-3.5,38.903648376464844,1.25,0.4,0.4
197.015,0,-3.5,-1.0683526992797852,1.25,0.4,0.4
197.035,0,-3,-1.6693520545959473,1.25,0.4,0.4
197.055,0,-3,-1.6453514099121094,1.25,0.4,0.4
197.075,0,-2.5,-2.248351573944092,1.25,0.4,0.4
197.095,0,-2,-2.855351448059082,1.25,0.4,0.4
197.115,0,-2,-2.839351177215576,1.25,0.4,0.4
197.135,0,-1,-4.078351020812988,1.25,0.4,0.4
197.155,0,-1.5,36.55564880371094,1.25,0.4,0.4
197.175,0,-2,-2.8043508529663086,1.25,0.4,0.4
197.195,0,-2.5,-2.161350727081299,1.25,0.4,0.4
197.215,0,-2,-42.76734924316406,1.25,0.4,0.4
197.235,0,-2,-2.7513504028320312,1.25,0.4,0.4
197.255,0,-2,-2.7353501319885254,1.25,0.4,0.4
197.275,0,-2,-2.7193498611450195,1.25,0.4,0.4
197.295,0,-2,-2.7033495903015137,1.25,0.4,0.4
197.315,0,-2,-2.6873488426208496,1.25,0.4,0.4
197.335,0,-1,-43.924346923828125,1.25,0.4,0.4
197.355,0,-1,-3.916348934173584,1.25,0.4,0.4
197.375,0,-1,-3.908348560333252,1.25,0.4,0.4
197.395,0,-1,-3.90034818649292,1.25,0.4,0.4
197.415,0,-1,-3.892348289489746,1.25,0.4,0.4
197.435,0,-0.5,-44,1.25,0.4,0.4
197.455,0,-0.5,-4.506349086761475,1.25,0.4,0.4
197.475,0,-0.5,-4.502349376678467,1.25,0.4,0.4
197.495,0,0,-5.125349998474121,1.25,0.4,0.4
197.515,0,0,-5.125349998474121,1.25,0.4,0.4
197.535,0,0,-5.125349998474121,1.25,0.4,0.4
197.555,0,0,-5.125349998474121,1.25,0.4,0.4
197.575,0,-0.5,-4.498350143432617,1.25,0.4,0.4
197.595,0,-0.5,-4.494350910186768,1.25,0.4,0.4
197.615,0,-0.5,-4.490351676940918,1.25,0.4,0.4
197.635,0,0,-44,1.25,0.4,0.4
197.655,0,0,-5.112351894378662,1.25,0.4,0.4
197.675,0,0,-5.112351894378662,1.25,0.4,0.4
197.695,0,1,-44,1.25,0.4,0.4
197.715,0,1,-6.37335205078125,1.25,0.4,0.4
197.735,0,0,-5.124351978302002,1.25,0.4,0.4
197.755,0,-0.5,35.50164794921875,1.25,0.4,0.4
197.775,0,-1,36.131649017333984,1.25,0.4,0.4
197.795,0,-1,-3.8603525161743164,1.25,0.4,0.4
197.815,0,-1.5,-3.2253527641296387,1.25,0.4,0.4
197.835,0,-1,-3.8423523902893066,1.25,0.4,0.4
197.855,0,-1,-3.8343520164489746,1.25,0.4,0.4
197.875,0,-1,-3.826352119445801,1.25,0.4,0.4
197.895,0,-1,-3.8183517456054688,1.25,0.4,0.4
197.915,0,-0.5,-4.438352108001709,1.25,0.4,0.4
197.935,0,-0.5,-4.434352874755859,1.25,0.4,0.4
197.955,0,0,-5.059352874755859,1.25,0.4,0.4
197.975,0,0,-5.059352874755859,1.25,0.4,0.4
197.995,0,0,-5.059352874755859,1.25,0.4,0.4
198.015,0,0,-5.059352874755859,1.25,0.4,0.4
198.035,0,0,-5.059352874755859,1.25,0.4,0.4
198.055,0,0,34.93864822387695,1.25,0.4,0.4
198.075,0,0.5,-5.690351963043213,1.25,0.4,0.4
198.095,0,0,34.93164825439453,1.25,0.4,0.4
198.115,0,0,-5.0683512687683105,1.25,0.4,0.4
198.135,0,0,-5.0683512687683105,1.25,0.4,0.4
198.155,0,-0.5,-4.441351890563965,1.25,0.4,0.4
198.175,0,-1,36.18864822387695,1.25,0.4,0.4
198.195,0,-1,-3.803351879119873,1.25,0.4,0.4
198.215,0,-1.5,-3.1683521270751953,1.25,0.4,0.4
198.235,0,-1,-3.7833523750305176,1.25,0.4,0.4
198.255,0,-1,-3.7753520011901855,1.25,0.4,0.4
198.275,0,-1,-3.7673521041870117,1.25,0.4,0.4
198.295,0,-1,-3.7593517303466797,1.25,0.4,0.4
198.315,0,-1,-3.751351833343506,1.25,0.4,0.4
198.335,0,-1,-3.743351459503174,1.25,0.4,0.4
198.355,0,-0.5,-4.362351894378662,1.25,0.4,0.4
198.375,0,-0.5,-4.358352184295654,1.25,0.4,0.4
198.395,0,0,-4.983352184295654,1.25,0.4,0.4
198.415,0,0,-4.983352184295654,1.25,0.4,0.4
198.435,0,0,-4.983352184295654,1.25,0.4,0.4
198.455,0,0,-4.983352184295654,1.25,0.4,0.4
198.475,0,0,-4.983352184295654,1.25,0.4,0.4
198.495,0,0,-4.983352184295654,1.25,0.4,0.4
198.515,0,0,-4.983352184295654,1.25,0.4,0.4
198.535,0,0,-4.983352184295654,1.25,0.4,0.4
198.555,0,0,-4.983352184295654,1.25,0.4,0.4
198.575,0,0,-4.983352184295654,1.25,0.4,0.4
198.595,0,0,-4.983352184295654,1.25,0.4,0.4
198.615,0,0,-4.983352184295654,1.25,0.4,0.4
198.635,0,0,-4.983352184295654,1.25,0.4,0.4
198.655,0,0,-4.983352184295654,1.25,0.4,0.4
198.675,0,0,-4.983352184295654,1.25,0.4,0.4
198.695,0,-0.5,-4.356352806091309,1.25,0.4,0.4
198.715,0,-0.5,-4.352353572845459,1.25,0.4,0.4
198.735,0,-1,-3.720353603363037,1.25,0.4,0.4
198.755,0,-1,-3.712353229522705,1.25,0.4,0.4
198.775,0,-0.5,-4.332353591918945,1.25,0.4,0.4
198.795,0,-0.5,-4.328354358673096,1.25,0.4,0.4
198.815,0,-1,-3.697354793548584,1.25,0.4,0.4
198.835,0,-1,-3.689354419708252,1.25,0.4,0.4
198.855,0,-1,-3.68135404586792,1.25,0.4,0.4
198.875,0,-1,-3.673354148864746,1.25,0.4,0.4
198.895,0,-0.5,-4.293354511260986,1.25,0.4,0.4
198.915,0,-0.5,-4.289355278015137,1.25,0.4,0.4
198.935,0,-0.5,-4.285356044769287,1.25,0.4,0.4
198.955,0,-0.5,-4.281356334686279,1.25,0.4,0.4
198.975,0,-1,-3.6483564376831055,1.25,0.4,0.4
198.995,0,-0.5,-4.2673563957214355,1.25,0.4,0.4
199.015,0,-0.5,-4.263357162475586,1.25,0.4,0.4
199.035,0,-0.5,-4.259357929229736,1.25,0.4,0.4
199.055,0,0,-4.884357929229736,1.25,0.4,0.4
199.075,0,0,-4.884357929229736,1.25,0.4,0.4
199.095,0,-0.5,-4.256358623504639,1.25,0.4,0.4
199.115,0,0,-4.879358768463135,1.25,0.4,0.4
199.135,0,0,-4.879358768463135,1.25,0.4,0.4
199.155,0,0,-4.879358768463135,1.25,0.4,0.4
199.175,0,0,-4.879358768463135,1.25,0.4,0.4
199.195,0,0,-4.879358768463135,1.25,0.4,0.4
199.215,0,0,-4.879358768463135,1.25,0.4,0.4
199.235,0,0,-4.879358768463135,1.25,0.4,0.4
199.255,0,-0.5,35.74664306640625,1.25,0.4,0.4
199.275,0,-0.5,-4.249359607696533,1.25,0.4,0.4
199.295,0,0,-44,1.25,0.4,0.4
199.315,0,0,-4.8713603019714355,1.25,0.4,0.4
199.335,0,0,-4.8713603019714355,1.25,0.4,0.4
199.355,0,0.5,-5.499359607696533,1.25,0.4,0.4
199.375,0,0,-4.876359462738037,1.25,0.4,0.4
199.395,0,0,-4.876359462738037,1.25,0.4,0.4
199.415,0,0,-4.876359462738037,1.25,0.4,0.4
199.435,0,-0.5,-4.248359680175781,1.25,0.4,0.4
199.455,0,-0.5,-4.244360446929932,1.25,0.4,0.4
199.475,0,-0.5,-4.240361213684082,1.25,0.4,0.4
199.495,0,-0.5,-4.236361980438232,1.25,0.4,0.4
199.515,0,-0.5,-4.232362270355225,1.25,0.4,0.4
199.535,0,-1,-3.599362373352051,1.25,0.4,0.4
199.555,0,-1,-3.5913619995117188,1.25,0.4,0.4
199.575,0,-1,-3.583362102508545,1.25,0.4,0.4
199.595,0,-0.5,-4.203362464904785,1.25,0.4,0.4
199.615,0,-0.5,-4.1993632316589355,1.25,0.4,0.4
199.635,0,-0.5,-4.195363521575928,1.25,0.4,0.4
199.655,0,-0.5,-4.191364288330078,1.25,0.4,0.4
199.675,0,-0.5,-4.1873650550842285,1.25,0.4,0.4
199.695,0,-0.5,-4.183365821838379,1.25,0.4,0.4
199.715,0,-0.5,-4.179366588592529,1.25,0.4,0.4
199.735,0,-1,-4.1753668785095215,1.25,0.4,0.4
199.755,0,-1,-3.5423669815063477,1.25,0.4,0.4
199.775,0,-2,37.719635009765625,1.25,0.4,0.4
199.795,0,-2,-2.264366626739502,1.25,0.4,0.4
199.815,0,-2,-2.248366355895996,1.25,0.4,0.4
199.835,0,-2,-2.2323660850524902,1.25,0.4,0.4
199.855,0,-2,-2.216365337371826,1.25,0.4,0.4
199.875,0,-1,-43.45436477661133,1.25,0.4,0.4
199.895,0,-1.5,37.180633544921875,1.25,0.4,0.4
199.915,0,-2,-2.1783652305603027,1.25,0.4,0.4
199.935,0,-2.5,-1.5343656539916992,1.25,0.4,0.4
199.955,0,-3,39.11163330078125,1.25,0.4,0.4
199.975,0,-3,-0.8643651008605957,1.25,0.4,0.4
199.995,0,-3.5,-0.2133650779724121,1.25,0.4,0.4
200.015,90,-3,44,1.25,0.4,0.4
200.035,90,-2.5,44,1.25,0.4,0.4
200.055,90,-1,31.206634521484375,1.25,0.4,0.4
200.075,90,2,44,1.25,0.4,0.4
200.095,90,7.5,22.597633361816406,1.25,0.4,0.4
200.115,90,13,-24.267364501953125,1.25,0.4,0.4
200.135,90,18,10.073631286621094,1.25,0.4,0.4
200.155,90,24,-36.88136291503906,1.25,0.4,0.4
200.175,90,29,-42.626365661621094,1.25,0.4,0.4
200.195,90,33,-7.158363342285156,1.25,0.4,0.4
200.215,90,36,29.532638549804688,1.25,0.4,0.4
200.235,90,39,-13.800361633300781,1.25,0.4,0.4
200.255,90,41.5,23.469635009765625,1.25,0.4,0.4
200.275,90,44,20.719635009765625,1.25,0.4,0.4
200.295,90,45.5,19.20563507080078,1.25,0.4,0.4
200.315,90,47.5,17.052635192871094,1.25,0.4,0.4
200.335,90,50,14.255634307861328,1.25,0.4,0.4
200.355,90,53.5,-29.816364288330078,1.25,0.4,0.4
200.375,90,56.5,6.710636138916016,1.25,0.4,0.4
200.395,90,59,-36.158363342285156,1.25,0.4,0.4
200.415,90,60.5,2.206634521484375,1.25,0.4,0.4
200.435,90,62,0.5596351623535156,1.25,0.4,0.4
200.455,90,63.5,-1.0983657836914062,1.25,0.4,0.4
200.475,90,65.5,-3.3963661193847656,1.25,0.4,0.4
200.495,90,68,-6.3383636474609375,1.25,0.4,0.4
200.515,90,70,-8.672365188598633,1.25,0.4,0.4
200.535,90,72,-11.023365020751953,1.25,0.4,0.4
200.555,90,73.5,27.236635208129883,1.25,0.4,0.4
200.575,90,74.5,-13.88636589050293,1.25,0.4,0.4
200.595,90,75.5,-15.017364501953125,1.25,0.4,0.4
200.615,90,76,24.471635818481445,1.25,0.4,0.4
200.635,90,77.5,-17.29936408996582,1.25,0.4,0.4
200.655,90,78.5,-18.453365325927734,1.25,0.4,0.4
200.675,90,79.5,20.38263511657715,1.25,0.4,0.4
200.695,90,80,19.837635040283203,1.25,0.4,0.4
200.715,90,80.5,-20.70836639404297,1.25,0.4,0.4
200.735,90,81,18.74063491821289,1.25,0.4,0.4
200.755,90,82,17.5566349029541,1.25,0.4,0.4
200.775,90,84,-24.889366149902344,1.25,0.4,0.4
200.795,90,85.5,-26.723365783691406,1.25,0.4,0.4
200.815,90,85.5,13.312633514404297,1.25,0.4,0.4
200.835,90,85.5,13.348630905151367,1.25,0.4,0.4
200.855,90,86,-27.241369247436523,1.25,0.4,0.4
200.875,90,87,-28.462369918823242,1.25,0.4,0.4
200.895,90,88.5,-30.320369720458984,1.25,0.4,0.4
200.915,90,90,-32.191368103027344,1.25,0.4,0.4
200.935,90,90,7.808631420135498,1.25,0.4,0.4
200.955,90,89.5,8.43563175201416,1.25,0.4,0.4
200.975,90,90,7.811631679534912,1.25,0.4,0.4
200.995,90,91.5,-34.07136917114258,1.25,0.4,0.4
201.015,90,92.5,4.6606316566467285,1.25,0.4,0.4
201.035,90,92.5,44,1.25,0.4,0.4
201.055,90,91.5,44,1.25,0.4,0.4
201.075,90,91,6.488633155822754,1.25,0.4,0.4
201.095,90,91,6.4806342124938965,1.25,0.4,0.4
201.115,90,91.5,5.844635009765625,1.25,0.4,0.4
201.135,90,92,5.204635143280029,1.25,0.4,0.4
201.155,90,93,3.9326348304748535,1.25,0.4,0.4
201.175,90,94,2.652634620666504,1.25,0.4,0.4
201.195,90,95,1.3646354675292969,1.25,0.4,0.4
201.215,90,95.5,0.6966357231140137,1.25,0.4,0.4
201.235,90,95,1.2796359062194824,1.25,0.4,0.4
201.255,90,94,42.49363708496094,1.25,0.4,0.4
201.275,90,94,2.4616355895996094,1.25,0.4,0.4
201.295,90,95,-38.8233642578125,1.25,0.4,0.4
201.315,90,95.5,-39.48936462402344,1.25,0.4,0.4
201.335,90,96,-40.15936279296875,1.25,0.4,0.4
201.355,90,96,-0.2073655128479004,1.25,0.4,0.4
201.375,90,97,-1.5103650093078613,1.25,0.4,0.4
201.395,90,97.5,-2.1943655014038086,1.25,0.4,0.4
201.415,90,97.5,-2.254366397857666,1.25,0.4,0.4
201.435,90,97.5,-2.3143668174743652,1.25,0.4,0.4
201.455,90,98,-43.0003662109375,1.25,0.4,0.4
201.475,90,98,-3.0643692016601562,1.25,0.4,0.4
201.495,90,98.5,-3.756369113922119,1.25,0.4,0.4
201.515,90,98.5,-3.8243680000305176,1.25,0.4,0.4
201.535,90,98.5,-3.892367362976074,1.25,0.4,0.4
201.555,90,98.5,36.03763198852539,1.25,0.4,0.4
201.575,90,98.5,35.968631744384766,1.25,0.4,0.4
201.595,90,98.5,-4.100366115570068,1.25,0.4,0.4
201.615,90,99,-4.797366142272949,1.25,0.4,0.4
201.635,90,98.5,-4.241365909576416,1.25,0.4,0.4
201.655,90,98.5,-44,1.25,0.4,0.4
201.675,90,99,-5.0023651123046875,1.25,0.4,0.4
201.695,90,99,-5.074365139007568,1.25,0.4,0.4
201.715,90,99,-5.146365165710449,1.25,0.4,0.4
201.735,90,98.5,35.40763473510742,1.25,0.4,0.4
201.755,90,98,-4.033364772796631,1.25,0.4,0.4
201.775,90,98,-4.097364902496338,1.25,0.4,0.4
201.795,90,98.5,-4.161364555358887,1.25,0.4,0.4
201.815,90,98.5,-4.225364685058594,1.25,0.4,0.4
201.835,90,98.5,-4.91836404800415,1.25,0.4,0.4
201.855,90,98,-4.357363700866699,1.25,0.4,0.4
201.875,90,97.5,-3.7933640480041504,1.25,0.4,0.4
201.895,90,97,-3.2263646125793457,1.25,0.4,0.4
201.915,90,97,-3.2823643684387207,1.25,0.4,0.4
201.935,90,97,-3.3383641242980957,1.25,0.4,0.4
201.955,90,97,-3.3943638801574707,1.25,0.4,0.4
201.975,90,97.5,-4.07836389541626,1.25,0.4,0.4
201.995,90,97.5,-4.138364791870117,1.25,0.4,0.4
202.015,90,97.5,-4.198365211486816,1.25,0.4,0.4
202.035,90,97.5,-4.258366107940674,1.25,0.4,0.4
202.055,90,97.5,-4.318366527557373,1.25,0.4,0.4
202.075,90,97.5,-44,1.25,0.4,0.4
202.095,90,97.5,-4.436367511749268,1.25,0.4,0.4
202.115,90,97.5,-4.496367931365967,1.25,0.4,0.4
202.135,90,98,-5.185368061065674,1.25,0.4,0.4
202.155,90,98,-5.249367713928223,1.25,0.4,0.4
202.175,90,98,-5.31336784362793,1.25,0.4,0.4
202.195,90,98.5,-6.006367206573486,1.25,0.4,0.4
202.215,90,98,-5.447366714477539,1.25,0.4,0.4
202.235,90,98,-5.511366367340088,1.25,0.4,0.4
202.255,90,98,-5.575366497039795,1.25,0.4,0.4
202.275,90,98.5,-44,1.25,0.4,0.4
202.295,90,99,-6.961366176605225,1.25,0.4,0.4
202.315,90,98.5,33.59263229370117,1.25,0.4,0.4
202.335,90,98,-5.847365856170654,1.25,0.4,0.4
202.355,90,98,-5.911365985870361,1.25,0.4,0.4
202.375,90,98,-5.97536563873291,1.25,0.4,0.4
202.395,90,98.5,-6.667365074157715,1.25,0.4,0.4
202.415,90,98.5,-6.736364364624023,1.25,0.4,0.4
202.435,90,98,-6.176364421844482,1.25,0.4,0.4
202.455,90,98,-6.240364074707031,1.25,0.4,0.4
202.475,90,98,-6.304364204406738,1.25,0.4,0.4
202.495,90,98,-6.368364334106445,1.25,0.4,0.4
202.515,90,97.5,34.193634033203125,1.25,0.4,0.4
202.535,90,97.5,-5.8663649559021,1.25,0.4,0.4
202.555,90,97.5,-5.926365852355957,1.25,0.4,0.4
202.575,90,97.5,-5.986366271972656,1.25,0.4,0.4
202.595,90,97.5,-6.0463666915893555,1.25,0.4,0.4
202.615,90,97.5,-6.106367111206055,1.25,0.4,0.4
202.635,90,98,-6.793367385864258,1.25,0.4,0.4
202.655,90,98,-6.857367515563965,1.25,0.4,0.4
202.675,90,98,-6.921367645263672,1.25,0.4,0.4
202.695,90,97.5,33.64063262939453,1.25,0.4,0.4
202.715,90,97.5,-6.41936731338501,1.25,0.4,0.4
202.735,90,97.5,-6.479367256164551,1.25,0.4,0.4
202.755,90,97.5,-6.539366722106934,1.25,0.4,0.4
202.775,90,97,-5.970366477966309,1.25,0.4,0.4
202.795,90,97.5,-6.654366493225098,1.25,0.4,0.4
202.815,90,97,-6.087366104125977,1.25,0.4,0.4
202.835,90,97,-6.143365859985352,1.25,0.4,0.4
202.855,90,97.5,-44,1.25,0.4,0.4
202.875,90,97.5,-6.8853654861450195,1.25,0.4,0.4
202.895,90,97.5,-6.945365905761719,1.25,0.4,0.4
202.915,90,97,33.620635986328125,1.25,0.4,0.4
202.935,90,97,-6.435365200042725,1.25,0.4,0.4
202.955,90,96.5,-5.863365173339844,1.25,0.4,0.4
202.975,90,96,-5.286365509033203,1.25,0.4,0.4
202.995,90,96,-5.3343658447265625,1.25,0.4,0.4
203.015,90,96,-5.382366180419922,1.25,0.4,0.4
203.035,90,96,-5.430366516113281,1.25,0.4,0.4
203.055,90,96,-5.478366851806641,1.25,0.4,0.4
203.075,90,96,-5.5263671875,1.25,0.4,0.4
203.095,90,96,-5.574367523193359,1.25,0.4,0.4
203.115,90,96,-5.622367858886719,1.25,0.4,0.4
203.135,90,96,-5.670368194580078,1.25,0.4,0.4
203.155,90,96,-5.7183685302734375,1.25,0.4,0.4
203.175,90,96,-5.766368865966797,1.25,0.4,0.4
203.195,90,96,-5.814369201660156,1.25,0.4,0.4
203.215,90,96,-5.862369537353516,1.25,0.4,0.4
203.235,90,96,-5.910369396209717,1.25,0.4,0.4
203.255,90,96,-5.958369255065918,1.25,0.4,0.4
203.275,90,96,-6.006369590759277,1.25,0.4,0.4
203.295,90,96,-6.0543694496154785,1.25,0.4,0.4
203.315,90,96,-6.10236930847168,1.25,0.4,0.4
203.335,90,95.5,-5.521368980407715,1.25,0.4,0.4
203.355,90,95.5,-5.565369129180908,1.25,0.4,0.4
203.375,90,95.5,-5.609368801116943,1.25,0.4,0.4
203.395,90,95.5,-5.653368949890137,1.25,0.4,0.4
203.415,90,95.5,-5.697368621826172,1.25,0.4,0.4
203.435,90,95.5,-5.741368293762207,1.25,0.4,0.4
203.455,90,95.5,-5.7853684425354,1.25,0.4,0.4
203.475,90,95.5,-5.8293681144714355,1.25,0.4,0.4
203.495,90,95,-5.244368553161621,1.25,0.4,0.4
203.515,90,95,-5.284368515014648,1.25,0.4,0.4
203.535,90,95,-5.324368953704834,1.25,0.4,0.4
203.555,90,95,-5.364368915557861,1.25,0.4,0.4
203.575,90,95,-5.404368877410889,1.25,0.4,0.4
203.595,90,95,-5.444369316101074,1.25,0.4,0.4
203.615,90,94.5,-4.8563690185546875,1.25,0.4,0.4
203.635,90,94.5,-4.892369270324707,1.25,0.4,0.4
203.655,90,94.5,-4.928369522094727,1.25,0.4,0.4
203.675,90,95,-5.593369483947754,1.25,0.4,0.4
203.695,90,94.5,-5.005369186401367,1.25,0.4,0.4
203.715,90,94.5,-5.041369438171387,1.25,0.4,0.4
203.735,90,94.5,-5.077369689941406,1.25,0.4,0.4
203.755,90,94.5,-5.113369464874268,1.25,0.4,0.4
203.775,90,94.5,-5.149369716644287,1.25,0.4,0.4
203.795,90,94,-4.557369709014893,1.25,0.4,0.4
203.815,90,94,-4.589369773864746,1.25,0.4,0.4
203.835,90,94,-4.621369361877441,1.25,0.4,0.4
203.855,90,94.5,-5.280369758605957,1.25,0.4,0.4
203.875,90,94.5,-5.316369533538818,1.25,0.4,0.4
203.895,90,94.5,-5.35236930847168,1.25,0.4,0.4
203.915,90,94,-4.759369373321533,1.25,0.4,0.4
203.935,90,94,-4.791369438171387,1.25,0.4,0.4
203.955,90,94,-4.82336950302124,1.25,0.4,0.4
203.975,90,94,-4.855369567871094,1.25,0.4,0.4
203.995,90,93.5,-4.258369445800781,1.25,0.4,0.4
204.015,90,93.5,-4.286369323730469,1.25,0.4,0.4
204.035,90,93.5,-4.314369201660156,1.25,0.4,0.4
204.055,90,94,-4.970369338989258,1.25,0.4,0.4
204.075,90,94,-5.002369403839111,1.25,0.4,0.4
204.095,90,94,-5.034369468688965,1.25,0.4,0.4
204.115,90,94,-5.066369533538818,1.25,0.4,0.4
204.135,90,94,-5.098369598388672,1.25,0.4,0.4
204.155,90,94,-5.130369663238525,1.25,0.4,0.4
204.175,90,93.5,-4.535369396209717,1.25,0.4,0.4
204.195,90,93.5,-4.563369274139404,1.25,0.4,0.4
204.215,90,93.5,-4.59136962890625,1.25,0.4,0.4
204.235,90,93.5,-4.6193695068359375,1.25,0.4,0.4
204.255,90,93.5,-4.647369384765625,1.25,0.4,0.4
204.275,90,93.5,-4.6753692626953125,1.25,0.4,0.4
204.295,90,93.5,-4.703369140625,1.25,0.4,0.4
204.315,90,93.5,-4.731369495391846,1.25,0.4,0.4
204.335,90,93.5,-4.759369373321533,1.25,0.4,0.4
204.355,90,93.5,-4.787369251251221,1.25,0.4,0.4
204.375,90,93.5,-4.815369606018066,1.25,0.4,0.4
204.395,90,93.5,-4.843369483947754,1.25,0.4,0.4
204.415,90,94,-5.4993696212768555,1.25,0.4,0.4
204.435,90,94,-5.531369209289551,1.25,0.4,0.4
204.455,90,94,-5.563369274139404,1.25,0.4,0.4
204.475,90,94,-5.595369338989258,1.25,0.4,0.4
204.495,90,94,-5.627369403839111,1.25,0.4,0.4
204.515,90,94,-5.659369468688965,1.25,0.4,0.4
204.535,90,94.5,-6.318369388580322,1.25,0.4,0.4
204.555,90,94.5,-6.354369163513184,1.25,0.4,0.4
204.575,90,95,-7.018369197845459,1.25,0.4,0.4
204.595,90,95,-7.058369159698486,1.25,0.4,0.4
204.615,90,95,-7.098369598388672,1.25,0.4,0.4
204.635,90,95,-7.138369560241699,1.25,0.4,0.4
204.655,90,95,-7.178369998931885,1.25,0.4,0.4
204.675,90,94.5,-6.590369701385498,1.25,0.4,0.4
204.695,90,94,-5.999370098114014,1.25,0.4,0.4
204.715,90,94,-6.031370162963867,1.25,0.4,0.4
204.735,90,94,-6.0633697509765625,1.25,0.4,0.4
204.755,90,94,-6.095369815826416,1.25,0.4,0.4
204.775,90,94,-6.1273698806762695,1.25,0.4,0.4
204.795,90,94,-6.159369945526123,1.25,0.4,0.4
204.815,90,93.5,-5.5633697509765625,1.25,0.4,0.4
204.835,90,93.5,-5.59136962890625,1.25,0.4,0.4
204.855,90,93,-4.99036979675293,1.25,0.4,0.4
204.875,90,92.5,-4.3873701095581055,1.25,0.4,0.4
204.895,90,92.5,-4.407370090484619,1.25,0.4,0.4
204.915,90,92,-3.798369884490967,1.25,0.4,0.4
204.935,90,92,-3.8143699169158936,1.25,0.4,0.4
204.955,90,92.5,-4.459370136260986,1.25,0.4,0.4
204.975,90,93,-5.107370376586914,1.25,0.4,0.4
204.995,90,93.5,-5.760370254516602,1.25,0.4,0.4
205.015,90,94,-44,1.25,0.4,0.4
205.035,90,94,-6.444369792938232,1.25,0.4,0.4
205.055,90,93,34.778629302978516,1.25,0.4,0.4
205.075,90,92,36.008628845214844,1.25,0.4,0.4
205.095,90,91.5,-3.3803696632385254,1.25,0.4,0.4
205.115,90,91.5,-3.3923697471618652,1.25,0.4,0.4
205.135,90,91.5,-3.404369592666626,1.25,0.4,0.4
205.155,90,91.5,-3.4163694381713867,1.25,0.4,0.4
205.175,90,91.5,-3.4283695220947266,1.25,0.4,0.4
205.195,90,92,-44,1.25,0.4,0.4
205.215,90,92,-4.082369327545166,1.25,0.4,0.4
205.235,90,92,-4.098369121551514,1.25,0.4,0.4
205.255,90,92.5,-4.743369102478027,1.25,0.4,0.4
205.275,90,92.5,-4.763368606567383,1.25,0.4,0.4
205.295,90,92.5,-4.783368110656738,1.25,0.4,0.4
205.315,90,92.5,-4.803368091583252,1.25,0.4,0.4
205.335,90,92.5,-4.823367595672607,1.25,0.4,0.4
205.355,90,92.5,-4.843367576599121,1.25,0.4,0.4
205.375,90,93,-5.491367340087891,1.25,0.4,0.4
205.395,90,93,-5.515367031097412,1.25,0.4,0.4
205.415,90,93,-5.539366722106934,1.25,0.4,0.4
205.435,90,93,-5.563366413116455,1.25,0.4,0.4
205.455,90,93,-5.587366104125977,1.25,0.4,0.4
205.475,90,92.5,-4.98236608505249,1.25,0.4,0.4
205.495,90,92.5,-5.002365589141846,1.25,0.4,0.4
205.515,90,92.5,-5.022365570068359,1.25,0.4,0.4
205.535,90,93,-5.670365333557129,1.25,0.4,0.4
205.555,90,93,-5.69436502456665,1.25,0.4,0.4
205.575,90,93,-5.719364643096924,1.25,0.4,0.4
205.595,90,93.5,-44,1.25,0.4,0.4
205.615,90,93,-5.769364356994629,1.25,0.4,0.4
205.635,90,93,-5.793364524841309,1.25,0.4,0.4
205.655,90,92,35.43763732910156,1.25,0.4,0.4
205.675,90,92,-4.578364372253418,1.25,0.4,0.4
205.695,90,92,-4.594365119934082,1.25,0.4,0.4
205.715,90,92,-4.61036491394043,1.25,0.4,0.4
205.735,90,92,-4.626365661621094,1.25,0.4,0.4
205.755,90,92.5,-44,1.25,0.4,0.4
205.775,90,93,-44,1.25,0.4,0.4
205.795,90,92.5,34.688636779785156,1.25,0.4,0.4
205.815,90,92.5,-5.331364631652832,1.25,0.4,0.4
205.835,90,92.5,-5.350364685058594,1.25,0.4,0.4
205.855,90,92.5,-5.370364189147949,1.25,0.4,0.4
205.875,90,92.5,-5.390364170074463,1.25,0.4,0.4
205.895,90,92.5,-5.410364151000977,1.25,0.4,0.4
205.915,90,92.5,-5.430363655090332,1.25,0.4,0.4
205.935,90,92.5,-5.4503631591796875,1.25,0.4,0.4
205.955,90,93,-44,1.25,0.4,0.4
205.975,90,93,-6.120362758636475,1.25,0.4,0.4
205.995,90,93,-6.144362449645996,1.25,0.4,0.4
206.015,90,92,35.085636138916016,1.25,0.4,0.4
206.035,90,92,-4.930362701416016,1.25,0.4,0.4
206.055,90,92,-4.94636344909668,1.25,0.4,0.4
206.075,90,91.5,35.66363525390625,1.25,0.4,0.4
206.095,90,91.5,-4.348363876342773,1.25,0.4,0.4
206.115,90,91.5,-4.360363960266113,1.25,0.4,0.4
206.135,90,91.5,-4.372364044189453,1.25,0.4,0.4
206.155,90,91.5,-4.384364604949951,1.25,0.4,0.4
206.175,90,91.5,-4.396365165710449,1.25,0.4,0.4
206.195,90,91.5,-4.408365249633789,1.25,0.4,0.4
206.215,90,91.5,-4.420365333557129,1.25,0.4,0.4
206.235,90,91.5,-4.432365417480469,1.25,0.4,0.4
206.255,90,92,-44,1.25,0.4,0.4
206.275,90,92,-5.086366653442383,1.25,0.4,0.4
206.295,90,92,-5.1023664474487305,1.25,0.4,0.4
206.315,90,92,-5.1183671951293945,1.25,0.4,0.4
206.335,90,92,-5.1343674659729,1.25,0.4,0.4
206.355,90,92,-5.150367736816406,1.25,0.4,0.4
206.375,90,91.5,-4.538368225097656,1.25,0.4,0.4
206.395,90,91.5,-4.550368309020996,1.25,0.4,0.4
206.415,90,91.5,-4.562368392944336,1.25,0.4,0.4
206.435,90,91.5,-4.574368953704834,1.25,0.4,0.4
206.455,90,91.5,-4.586369514465332,1.25,0.4,0.4
206.475,90,91.5,-4.598369598388672,1.25,0.4,0.4
206.495,90,91.5,-4.610369682312012,1.25,0.4,0.4
206.515,90,91.5,-4.622369766235352,1.25,0.4,0.4
206.535,90,92,-5.261370658874512,1.25,0.4,0.4
206.555,90,91.5,35.348628997802734,1.25,0.4,0.4
206.575,90,91.5,-4.6633710861206055,1.25,0.4,0.4
206.595,90,91.5,-4.675371170043945,1.25,0.4,0.4
206.615,90,91.5,-4.687371253967285,1.25,0.4,0.4
206.635,90,91.5,-4.699371814727783,1.25,0.4,0.4
206.655,90,91.5,-4.711372375488281,1.25,0.4,0.4
206.675,90,91.5,-4.723372459411621,1.25,0.4,0.4
206.695,90,91.5,-4.735372543334961,1.25,0.4,0.4
206.715,90,91.5,-4.747372627258301,1.25,0.4,0.4
206.735,90,91.5,-4.759373188018799,1.25,0.4,0.4
206.755,90,91.5,-4.771373748779297,1.25,0.4,0.4
206.775,90,91.5,-4.783373832702637,1.25,0.4,0.4
206.795,90,91.5,-4.795373916625977,1.25,0.4,0.4
206.815,90,91.5,-4.807374000549316,1.25,0.4,0.4
206.835,90,92,-5.4483747482299805,1.25,0.4,0.4
206.855,90,92,-5.464375019073486,1.25,0.4,0.4
206.875,90,92,-5.480375289916992,1.25,0.4,0.4
206.895,90,92,-5.496376037597656,1.25,0.4,0.4
206.915,90,92,-5.512375831604004,1.25,0.4,0.4
206.935,90,92,-5.528376579284668,1.25,0.4,0.4
206.955,90,92,-5.544376850128174,1.25,0.4,0.4
206.975,90,93,-44,1.25,0.4,0.4
206.995,90,93,-6.839376449584961,1.25,0.4,0.4
207.015,90,93,-6.863376140594482,1.25,0.4,0.4
207.035,90,93,-6.887375831604004,1.25,0.4,0.4
207.055,90,93,-6.911375999450684,1.25,0.4,0.4
207.075,90,93,-6.935375213623047,1.25,0.4,0.4
207.095,90,93,-6.959375381469727,1.25,0.4,0.4
207.115,90,93,-6.9833760261535645,1.25,0.4,0.4
207.135,90,93,-7.007376670837402,1.25,0.4,0.4
207.155,90,93,-7.031376838684082,1.25,0.4,0.4
207.175,90,93,-7.055377960205078,1.25,0.4,0.4
207.195,90,92.5,-6.450377464294434,1.25,0.4,0.4
207.215,90,92,-5.842377662658691,1.25,0.4,0.4
207.235,90,92,-5.858377933502197,1.25,0.4,0.4
207.255,90,92,-5.874378204345703,1.25,0.4,0.4
207.275,90,91.5,-5.263378143310547,1.25,0.4,0.4
207.295,90,91.5,-5.2753777503967285,1.25,0.4,0.4
207.315,90,91.5,-5.28737735748291,1.25,0.4,0.4
207.335,90,90.5,35.955623626708984,1.25,0.4,0.4
207.355,90,90,-3.420377016067505,1.25,0.4,0.4
207.375,90,89.5,37.205623626708984,1.25,0.4,0.4
207.395,90,89.5,-2.7903778553009033,1.25,0.4,0.4
207.415,90,89.5,-2.7863786220550537,1.25,0.4,0.4
207.435,90,89.5,-2.782379150390625,1.25,0.4,0.4
207.455,90,90,-43.40538024902344,1.25,0.4,0.4
207.475,90,90,-43.404380798339844,1.25,0.4,0.4
207.495,90,89.5,-2.7763803005218506,1.25,0.4,0.4
207.515,90,89,37.85361862182617,1.25,0.4,0.4
207.535,90,89,-2.138380527496338,1.25,0.4,0.4
207.555,90,89.5,-2.759381055831909,1.25,0.4,0.4
207.575,90,89,-2.1273810863494873,1.25,0.4,0.4
207.595,90,89.5,-2.7463815212249756,1.25,0.4,0.4
207.615,90,89.5,-2.742382049560547,1.25,0.4,0.4
207.635,90,89.5,-2.7383828163146973,1.25,0.4,0.4
207.655,90,90,-3.3613831996917725,1.25,0.4,0.4
207.675,90,90,-3.3613831996917725,1.25,0.4,0.4
207.695,90,90,-3.3613831996917725,1.25,0.4,0.4
207.715,90,90,-3.3613831996917725,1.25,0.4,0.4
207.735,90,90,-3.3613831996917725,1.25,0.4,0.4
207.755,90,90,-3.3613831996917725,1.25,0.4,0.4
207.775,90,90,-3.3613831996917725,1.25,0.4,0.4
207.795,90,90,-3.3613831996917725,1.25,0.4,0.4
207.815,90,90.5,-3.9883828163146973,1.25,0.4,0.4
207.835,90,90.5,-3.992382049560547,1.25,0.4,0.4
207.855,90,90,36.62961959838867,1.25,0.4,0.4
207.875,90,90.5,-3.9993808269500732,1.25,0.4,0.4
207.895,90,90.5,-4.003380298614502,1.25,0.4,0.4
207.915,90,90.5,-4.007379531860352,1.25,0.4,0.4
207.935,90,90.5,-4.011379241943359,1.25,0.4,0.4
207.955,90,91,-4.644379138946533,1.25,0.4,0.4
207.975,90,91.5,-5.280378818511963,1.25,0.4,0.4
207.995,90,91.5,-5.2923784255981445,1.25,0.4,0.4
208.015,90,91.5,-5.304377555847168,1.25,0.4,0.4
208.035,90,91.5,-5.316377639770508,1.25,0.4,0.4
208.055,90,91.5,-5.328376770019531,1.25,0.4,0.4
208.075,90,91.5,-5.340376377105713,1.25,0.4,0.4
208.095,90,91.5,-5.3523759841918945,1.25,0.4,0.4
208.115,90,91,-4.737375736236572,1.25,0.4,0.4
208.135,90,91,-4.745375633239746,1.25,0.4,0.4
208.155,90,91.5,-44,1.25,0.4,0.4
208.175,90,91.5,-5.391375541687012,1.25,0.4,0.4
208.195,90,91.5,-5.403374671936035,1.25,0.4,0.4
208.215,90,91.5,-5.415374755859375,1.25,0.4,0.4
208.235,90,91,35.19862365722656,1.25,0.4,0.4
208.255,90,91,-4.8093743324279785,1.25,0.4,0.4
208.275,90,91,-4.817374229431152,1.25,0.4,0.4
208.295,90,91,-4.825374603271484,1.25,0.4,0.4
208.315,90,91,-4.833374977111816,1.25,0.4,0.4
208.335,90,91,-4.841375350952148,1.25,0.4,0.4
208.355,90,91,-4.849375247955322,1.25,0.4,0.4
208.375,90,91,-4.857375144958496,1.25,0.4,0.4
208.395,90,91.5,-5.494375228881836,1.25,0.4,0.4
208.415,90,91.5,-5.506374359130859,1.25,0.4,0.4
208.435,90,91.5,-5.518373966217041,1.25,0.4,0.4
208.455,90,91.5,-5.530373573303223,1.25,0.4,0.4
208.475,90,91.5,-5.542372703552246,1.25,0.4,0.4
208.495,90,92,-6.182373046875,1.25,0.4,0.4
208.515,90,92,-6.198373794555664,1.25,0.4,0.4
208.535,90,92,-6.214373588562012,1.25,0.4,0.4
208.555,90,92,-6.230374336242676,1.25,0.4,0.4
208.575,90,92,-6.246374607086182,1.25,0.4,0.4
208.595,90,92,-6.2623748779296875,1.25,0.4,0.4
208.615,90,92,-6.278375625610352,1.25,0.4,0.4
208.635,90,92.5,-44,1.25,0.4,0.4
208.655,90,92.5,-6.940375328063965,1.25,0.4,0.4
208.675,90,92.5,-6.96037483215332,1.25,0.4,0.4
208.695,90,93,-7.607375144958496,1.25,0.4,0.4
208.715,90,93,-7.631375312805176,1.25,0.4,0.4
208.735,90,92.5,-7.0263752937316895,1.25,0.4,0.4
208.755,90,92.5,-7.046375274658203,1.25,0.4,0.4
208.775,90,93,-7.694375038146973,1.25,0.4,0.4
208.795,90,93,-7.718376159667969,1.25,0.4,0.4
208.815,90,93,-7.7433762550354,1.25,0.4,0.4
208.835,90,93,-7.767376899719238,1.25,0.4,0.4
208.855,90,92,-6.534377098083496,1.25,0.4,0.4
208.875,90,92,-6.550377368927002,1.25,0.4,0.4
208.895,90,92,-6.566377639770508,1.25,0.4,0.4
208.915,90,91.5,34.04362106323242,1.25,0.4,0.4
208.935,90,91.5,-5.968377590179443,1.25,0.4,0.4
208.955,90,91.5,-5.980376720428467,1.25,0.4,0.4
208.975,90,91.5,-5.992376327514648,1.25,0.4,0.4
208.995,90,91.5,-6.00437593460083,1.25,0.4,0.4
209.015,90,91,34.609622955322266,1.25,0.4,0.4
209.035,90,91,-5.398375988006592,1.25,0.4,0.4
209.055,90,91,-5.406375885009766,1.25,0.4,0.4
209.075,90,91,-5.414376258850098,1.25,0.4,0.4
209.095,90,90.5,-4.795375823974609,1.25,0.4,0.4
209.115,90,90,-4.171375751495361,1.25,0.4,0.4
209.135,90,90,-4.171375751495361,1.25,0.4,0.4
209.155,90,90,-4.171375751495361,1.25,0.4,0.4
209.175,90,90,-4.171375751495361,1.25,0.4,0.4
209.195,90,90,-4.171375751495361,1.25,0.4,0.4
209.215,90,90,-4.171375751495361,1.25,0.4,0.4
209.235,90,90,-4.171375751495361,1.25,0.4,0.4
209.255,90,90,-4.171375751495361,1.25,0.4,0.4
209.275,90,90,-4.171375751495361,1.25,0.4,0.4
209.295,90,90,-4.171375751495361,1.25,0.4,0.4
209.315,90,90,-4.171375751495361,1.25,0.4,0.4
209.335,90,90.5,-4.800374984741211,1.25,0.4,0.4
209.355,90,91,-5.433375358581543,1.25,0.4,0.4
209.375,90,91,-5.441375255584717,1.25,0.4,0.4
209.395,90,90.5,-4.820374965667725,1.25,0.4,0.4
209.415,90,90,35.8016242980957,1.25,0.4,0.4
209.435,90,90,-4.198374271392822,1.25,0.4,0.4
209.455,90,90,-4.198374271392822,1.25,0.4,0.4
209.475,90,90,-4.198374271392822,1.25,0.4,0.4
209.495,90,90.5,-4.82637357711792,1.25,0.4,0.4
209.515,90,91,-44,1.25,0.4,0.4
209.535,90,91,-5.46237325668335,1.25,0.4,0.4
209.555,90,90.5,35.1556282043457,1.25,0.4,0.4
209.575,90,90.5,-4.848372459411621,1.25,0.4,0.4
209.595,90,90.5,-4.852371692657471,1.25,0.4,0.4
209.615,90,91,-5.485372066497803,1.25,0.4,0.4
209.635,90,91.5,-6.1203718185424805,1.25,0.4,0.4
209.655,90,91.5,-6.132371425628662,1.25,0.4,0.4
209.675,90,91.5,-6.1443705558776855,1.25,0.4,0.4
209.695,90,92,-6.783370494842529,1.25,0.4,0.4
209.715,90,92,-6.799371242523193,1.25,0.4,0.4
209.735,90,92,-6.815371513366699,1.25,0.4,0.4
209.755,90,92,-6.831371784210205,1.25,0.4,0.4
209.775,90,92,-6.847372055053711,1.25,0.4,0.4
209.795,90,92,-6.863372325897217,1.25,0.4,0.4
209.815,90,92,-6.879373073577881,1.25,0.4,0.4
209.835,90,92,-6.895373344421387,1.25,0.4,0.4
209.855,90,92,-6.911373615264893,1.25,0.4,0.4
209.875,90,92,-6.927373886108398,1.25,0.4,0.4
209.895,90,92.5,-7.572373867034912,1.25,0.4,0.4
209.915,90,92.5,-7.592373371124268,1.25,0.4,0.4
209.935,90,92,-6.983373641967773,1.25,0.4,0.4
209.955,90,92,-6.999373912811279,1.25,0.4,0.4
209.975,90,92,32.982627868652344,1.25,0.4,0.4
209.995,90,92,-7.033374309539795,1.25,0.4,0.4
210.015,0,91.5,-44,1.25,0.4,0.4
210.035,0,91.5,-44,1.25,0.4,0.4
210.055,0,90,-44,1.25,0.4,0.4
210.075,0,88,-44,1.25,0.4,0.4
210.095,0,85,-34.19537353515625,1.25,0.4,0.4
210.115,0,81,-29.85637664794922,1.25,0.4,0.4
210.135,0,76,15.768623352050781,1.25,0.4,0.4
210.155,0,71,-18.564376831054688,1.25,0.4,0.4
210.175,0,65.5,27.77062225341797,1.25,0.4,0.4
210.195,0,61.5,-44,1.25,0.4,0.4
210.215,0,59,-44,1.25,0.4,0.4
210.235,0,57,-43.04637145996094,1.25,0.4,0.4
210.255,0,55,-40.99237823486328,1.25,0.4,0.4
210.275,0,52,2.3326263427734375,1.25,0.4,0.4
210.295,0,47.5,44,1.25,0.4,0.4
210.315,0,43,12.828620910644531,1.25,0.4,0.4
210.335,0,38.5,18.131622314453125,1.25,0.4,0.4
210.355,0,35.5,-18.411376953125,1.25,0.4,0.4
210.375,0,34,-44,1.25,0.4,0.4
210.395,0,32,25.424625396728516,1.25,0.4,0.4
210.415,0,30,-12.322376251220703,1.25,0.4,0.4
210.435,0,27,-8.79537582397461,1.25,0.4,0.4
210.455,0,23.5,-44,1.25,0.4,0.4
210.475,0,21,38.330623626708984,1.25,0.4,0.4
210.495,0,19.5,0.045623779296875,1.25,0.4,0.4
210.515,0,19,-39.48137664794922,1.25,0.4,0.4
210.535,0,18,-38.377376556396484,1.25,0.4,0.4
210.555,0,17,-37.26637649536133,1.25,0.4,0.4
210.575,0,14,44,1.25,0.4,0.4
210.595,0,11,9.385622024536133,1.25,0.4,0.4
210.615,0,7.5,14.315622329711914,1.25,0.4,0.4
210.635,0,4,44,1.25,0.4,0.4
210.655,0,3,-20.1303768157959,1.25,0.4,0.4
210.675,0,2.5,-44,1.25,0.4,0.4
210.695,0,2,-18.91637420654297,1.25,0.4,0.4
210.715,0,2,-18.932371139526367,1.25,0.4,0.4
210.735,0,2,-18.9483699798584,1.25,0.4,0.4
210.755,0,1,22.290630340576172,1.25,0.4,0.4
210.775,0,0,-16.463369369506836,1.25,0.4,0.4
210.795,0,-1,-15.208370208740234,1.25,0.4,0.4
210.815,0,-2.5,26.681629180908203,1.25,0.4,0.4
210.835,0,-4,-11.41537094116211,1.25,0.4,0.4
210.855,0,-5,-10.127370834350586,1.25,0.4,0.4
210.875,0,-6,-8.830371856689453,1.25,0.4,0.4
210.895,0,-6.5,-8.15437126159668,1.25,0.4,0.4
210.915,0,-6,-8.7293701171875,1.25,0.4,0.4
210.935,0,-6.5,-8.053369522094727,1.25,0.4,0.4
210.955,0,-7,32.6246337890625,1.25,0.4,0.4
210.975,0,-7,-7.319368362426758,1.25,0.4,0.4
210.995,0,-7,-7.263368606567383,1.25,0.4,0.4
211.015,0,-8,34.045631408691406,1.25,0.4,0.4
211.035,0,-8,-5.89036750793457,1.25,0.4,0.4
211.055,0,-8,-5.8263654708862305,1.25,0.4,0.4
211.075,0,-8,-5.762364387512207,1.25,0.4,0.4
211.095,0,-8,-5.698363304138184,1.25,0.4,0.4
211.115,0,-7,-44,1.25,0.4,0.4
211.135,0,-7,-6.832364082336426,1.25,0.4,0.4
211.155,0,-8,34.47663497924805,1.25,0.4,0.4
211.175,0,-8,-5.459362983703613,1.25,0.4,0.4
211.195,0,-8.5,-4.768362998962402,1.25,0.4,0.4
211.215,0,-8.5,-4.701362609863281,1.25,0.4,0.4
211.235,0,-8.5,-4.633363723754883,1.25,0.4,0.4
211.255,0,-8,-44,1.25,0.4,0.4
211.275,0,-8,-5.129361152648926,1.25,0.4,0.4
211.295,0,-8.5,-4.436362266540527,1.25,0.4,0.4
211.315,0,-9,-3.7393646240234375,1.25,0.4,0.4
211.335,0,-8.5,-4.295366287231445,1.25,0.4,0.4
211.355,0,-8,-4.855364799499512,1.25,0.4,0.4
211.375,0,-8,-4.791363716125488,1.25,0.4,0.4
211.395,0,-8.5,35.899635314941406,1.25,0.4,0.4
211.415,0,-8.5,-4.0323638916015625,1.25,0.4,0.4
211.435,0,-8.5,-3.964365005493164,1.25,0.4,0.4
211.455,0,-8.5,36.10263442993164,1.25,0.4,0.4
211.475,0,-8.5,36.16763687133789,1.25,0.4,0.4
211.495,0,-9,36.86163330078125,1.25,0.4,0.4
211.515,0,-9,-3.0663681030273438,1.25,0.4,0.4
211.535,0,-10,-1.7393693923950195,1.25,0.4,0.4
211.555,0,-10,-1.6593704223632812,1.25,0.4,0.4
211.575,0,-10.5,-0.9503679275512695,1.25,0.4,0.4
211.595,0,-10.5,-0.8663654327392578,1.25,0.4,0.4
211.615,0,-10.5,-0.7823629379272461,1.25,0.4,0.4
211.635,0,-10,-1.325362205505371,1.25,0.4,0.4
211.655,0,-10,-1.2453632354736328,1.25,0.4,0.4
211.675,0,-10,-1.1653642654418945,1.25,0.4,0.4
211.695,0,-10,-1.0853652954101562,1.25,0.4,0.4
211.715,0,-10,-1.005366325378418,1.25,0.4,0.4
211.735,0,-10,-0.9253683090209961,1.25,0.4,0.4
211.755,0,-10,-0.8453693389892578,1.25,0.4,0.4
211.775,0,-10,-0.7653703689575195,1.25,0.4,0.4
211.795,0,-10,-0.6853713989257812,1.25,0.4,0.4
211.815,0,-9,-1.8593740463256836,1.25,0.4,0.4
211.835,0,-9,-1.7873764038085938,1.25,0.4,0.4
211.855,0,-8.5,-2.3433780670166016,1.25,0.4,0.4
211.875,0,-8,-2.903376579284668,1.25,0.4,0.4
211.895,0,-8,-2.8393754959106445,1.25,0.4,0.4
211.915,0,-8,-2.775374412536621,1.25,0.4,0.4
211.935,0,-7.5,-43.337371826171875,1.25,0.4,0.4
211.955,0,-8,-2.648371696472168,1.25,0.4,0.4
211.975,0,-8,-2.584369659423828,1.25,0.4,0.4
211.995,0,-8,-2.5203685760498047,1.25,0.4,0.4
212.015,0,-8,-2.456366539001465,1.25,0.4,0.4
212.035,0,-8,-42.39036560058594,1.25,0.4,0.4
212.055,0,-8,-2.3263654708862305,1.25,0.4,0.4
212.075,0,-8,-2.2623634338378906,1.25,0.4,0.4
212.095,0,-7.5,-42.824363708496094,1.25,0.4,0.4
212.115,0,-7,-3.3933629989624023,1.25,0.4,0.4
212.135,0,-7,-3.3373632431030273,1.25,0.4,0.4
212.155,0,-7,-3.2813634872436523,1.25,0.4,0.4
212.175,0,-7,-3.2253637313842773,1.25,0.4,0.4
212.195,0,-7,-3.1693639755249023,1.25,0.4,0.4
212.215,0,-6.5,-3.7423648834228516,1.25,0.4,0.4
212.235,0,-6,-4.318364143371582,1.25,0.4,0.4
212.255,0,-5,-44,1.25,0.4,0.4
212.275,0,-5,-5.483364105224609,1.25,0.4,0.4
212.295,0,-5,-5.443365097045898,1.25,0.4,0.4
212.315,0,-5,-5.403365135192871,1.25,0.4,0.4
212.335,0,-5,-5.36336612701416,1.25,0.4,0.4
212.355,0,-5.5,35.302635192871094,1.25,0.4,0.4
212.375,0,-6,-4.024365425109863,1.25,0.4,0.4
212.395,0,-6,-3.9763641357421875,1.25,0.4,0.4
212.415,0,-6,-3.9283628463745117,1.25,0.4,0.4
212.435,0,-5.5,-4.508362770080566,1.25,0.4,0.4
212.455,0,-5.5,-4.464362144470215,1.25,0.4,0.4
212.475,0,-5,-5.049363136291504,1.25,0.4,0.4
212.495,0,-6,-3.7543630599975586,1.25,0.4,0.4
212.515,0,-6,-3.706361770629883,1.25,0.4,0.4
212.535,0,-6,-3.658360481262207,1.25,0.4,0.4
212.555,0,-5,-4.865360260009766,1.25,0.4,0.4
212.575,0,-5,-4.825361251831055,1.25,0.4,0.4
212.595,0,-5,-4.785361289978027,1.25,0.4,0.4
212.615,0,-5,-44,1.25,0.4,0.4
212.635,0,-6,-3.4473609924316406,1.25,0.4,0.4
212.655,0,-5,-4.654360771179199,1.25,0.4,0.4
212.675,0,-5,-4.614361763000488,1.25,0.4,0.4
212.695,0,-6,36.67863845825195,1.25,0.4,0.4
212.715,0,-6,-3.273360252380371,1.25,0.4,0.4
212.735,0,-5,-43.85136032104492,1.25,0.4,0.4
212.755,0,-5,-4.4363603591918945,1.25,0.4,0.4
212.775,0,-4.5,-5.024361610412598,1.25,0.4,0.4
212.795,0,-4.5,-4.988363265991211,1.25,0.4,0.4
212.815,0,-4.5,-4.953364372253418,1.25,0.4,0.4
212.835,0,-4,-5.54636287689209,1.25,0.4,0.4
212.855,0,-4.5,-4.886363983154297,1.25,0.4,0.4
212.875,0,-5,-4.222365379333496,1.25,0.4,0.4
212.895,0,-4.5,-44,1.25,0.4,0.4
212.915,0,-4,-44,1.25,0.4,0.4
212.935,0,-4,-5.3653669357299805,1.25,0.4,0.4
212.955,0,-4,-5.333365440368652,1.25,0.4,0.4
212.975,0,-4,-5.301364898681641,1.25,0.4,0.4
212.995,0,-3,-6.526366233825684,1.25,0.4,0.4
213.015,0,-3,-6.50236701965332,1.25,0.4,0.4
213.035,0,-4,-5.223366737365723,1.25,0.4,0.4
213.055,0,-4,-5.191366195678711,1.25,0.4,0.4
213.075,0,-3.5,-44,1.25,0.4,0.4
213.095,0,-3.5,34.241634368896484,1.25,0.4,0.4
213.115,0,-3.5,-5.731366157531738,1.25,0.4,0.4
213.135,0,-4,-5.074365615844727,1.25,0.4,0.4
213.155,0,-4,-5.042365074157715,1.25,0.4,0.4
213.175,0,-4,-5.010363578796387,1.25,0.4,0.4
213.195,0,-4,-4.978363037109375,1.25,0.4,0.4
213.215,0,-4,-4.946362495422363,1.25,0.4,0.4
213.235,0,-3.5,-44,1.25,0.4,0.4
213.255,0,-3,-6.139362335205078,1.25,0.4,0.4
213.275,0,-3,-6.115363121032715,1.25,0.4,0.4
213.295,0,-4,-4.833362579345703,1.25,0.4,0.4
213.315,0,-4,-4.801362037658691,1.25,0.4,0.4
213.335,0,-4.5,-4.140363693237305,1.25,0.4,0.4
213.355,0,-4.5,-4.104365348815918,1.25,0.4,0.4
213.375,0,-4.5,-4.068366050720215,1.25,0.4,0.4
213.395,0,-4,-4.660366058349609,1.25,0.4,0.4
213.415,0,-4,-4.628365516662598,1.25,0.4,0.4
213.435,0,-4,-4.596364974975586,1.25,0.4,0.4
213.455,0,-4,-4.564364433288574,1.25,0.4,0.4
213.475,0,-4,35.466636657714844,1.25,0.4,0.4
213.495,0,-3.5,-5.130363464355469,1.25,0.4,0.4
213.515,0,-4,-4.474363327026367,1.25,0.4,0.4
213.535,0,-3,-44,1.25,0.4,0.4
213.555,0,-3,-5.671363830566406,1.25,0.4,0.4
213.575,0,-4,-4.392363548278809,1.25,0.4,0.4
213.595,0,-4,-4.360363006591797,1.25,0.4,0.4
213.615,0,-4,-4.328362464904785,1.25,0.4,0.4
213.635,0,-4,-4.296361923217773,1.25,0.4,0.4
213.655,0,-4.5,36.361637115478516,1.25,0.4,0.4
213.675,0,-4.5,-3.602362632751465,1.25,0.4,0.4
213.695,0,-4.5,-43.565364837646484,1.25,0.4,0.4
213.715,0,-4.5,-3.528365135192871,1.25,0.4,0.4
213.735,0,-4.5,-3.4923667907714844,1.25,0.4,0.4
213.755,0,-4,-4.085366249084473,1.25,0.4,0.4
213.775,0,-4,-4.053365707397461,1.25,0.4,0.4
213.795,0,-4,-4.021365165710449,1.25,0.4,0.4
213.815,0,-4,-3.989363670349121,1.25,0.4,0.4
213.835,0,-4,-3.9573631286621094,1.25,0.4,0.4
213.855,0,-4,-3.9253625869750977,1.25,0.4,0.4
213.875,0,-4,-3.893362045288086,1.25,0.4,0.4
213.895,0,-4,-3.861361503601074,1.25,0.4,0.4
213.915,0,-4,-3.829360008239746,1.25,0.4,0.4
213.935,0,-4,-3.7973594665527344,1.25,0.4,0.4
213.955,0,-3.5,-3.7653589248657227,1.25,0.4,0.4
213.975,0,-3,-4.990359306335449,1.25,0.4,0.4
213.995,0,-3,-4.966361045837402,1.25,0.4,0.4
214.015,0,-2.5,-4.942361831665039,1.25,0.4,0.4
214.035,0,-2.5,-5.547360420227051,1.25,0.4,0.4
214.055,0,-2.5,-5.5273590087890625,1.25,0.4,0.4
214.075,0,-2.5,-5.507357597351074,1.25,0.4,0.4
214.095,0,-3,-4.859358787536621,1.25,0.4,0.4
214.115,0,-3,-4.835359573364258,1.25,0.4,0.4
214.135,0,-3,-4.8113603591918945,1.25,0.4,0.4
214.155,0,-3,-4.787361145019531,1.25,0.4,0.4
214.175,0,-3,-4.763361930847168,1.25,0.4,0.4
214.195,0,-3.5,-4.112362861633301,1.25,0.4,0.4
214.215,0,-4,-3.456362724304199,1.25,0.4,0.4
214.235,0,-4,-3.424361228942871,1.25,0.4,0.4
214.255,0,-3.5,-4.01936149597168,1.25,0.4,0.4
214.275,0,-4,-3.3633604049682617,1.25,0.4,0.4
214.295,0,-4,-3.33135986328125,1.25,0.4,0.4
214.315,0,-4,-3.2993593215942383,1.25,0.4,0.4
214.335,0,-4,-3.2673587799072266,1.25,0.4,0.4
214.355,0,-3.5,-43.861358642578125,1.25,0.4,0.4
214.375,0,-3,-4.460358619689941,1.25,0.4,0.4
214.395,0,-4,36.818641662597656,1.25,0.4,0.4
214.415,0,-4,-3.149357795715332,1.25,0.4,0.4
214.435,0,-4.5,-2.490358352661133,1.25,0.4,0.4
214.455,0,-4.5,-2.454360008239746,1.25,0.4,0.4
214.475,0,-4.5,-2.418360710144043,1.25,0.4,0.4
214.495,0,-5,-1.7543621063232422,1.25,0.4,0.4
214.515,0,-5,-1.714362621307373,1.25,0.4,0.4
214.535,0,-4.5,-2.301363468170166,1.25,0.4,0.4
214.555,0,-4.5,-2.2653651237487793,1.25,0.4,0.4
214.575,0,-4,-2.8573646545410156,1.25,0.4,0.4
214.595,0,-4,-2.825364112854004,1.25,0.4,0.4
214.615,0,-4,-2.793363094329834,1.25,0.4,0.4
214.635,0,-4,-2.7613625526428223,1.25,0.4,0.4
214.655,0,-4,-2.7293620109558105,1.25,0.4,0.4
214.675,0,-3,-3.954362392425537,1.25,0.4,0.4
214.695,0,-2.5,-4.558362007141113,1.25,0.4,0.4
214.715,0,-3,-3.9113616943359375,1.25,0.4,0.4
214.735,0,-3,-3.8873629570007324,1.25,0.4,0.4
214.755,0,-3,-3.863363742828369,1.25,0.4,0.4
214.775,0,-2.5,-44,1.25,0.4,0.4
214.795,0,-2.5,-4.4453630447387695,1.25,0.4,0.4
214.815,0,-2.5,-4.425361633300781,1.25,0.4,0.4
214.835,0,-3,-3.77736234664917,1.25,0.4,0.4
214.855,0,-2.5,-4.380362033843994,1.25,0.4,0.4
214.875,0,-2.5,-4.360360622406006,1.25,0.4,0.4
214.895,0,-2.5,-4.340359687805176,1.25,0.4,0.4
214.915,0,-3,36.305641174316406,1.25,0.4,0.4
214.935,0,-2.5,-44,1.25,0.4,0.4
214.955,0,-2.5,-4.278357028961182,1.25,0.4,0.4
214.975,0,-2.5,-4.258355617523193,1.25,0.4,0.4
214.995,0,-3,-3.611355781555176,1.25,0.4,0.4
215.015,0,-3,-3.5873565673828125,1.25,0.4,0.4
215.035,0,-3,-3.5633578300476074,1.25,0.4,0.4
215.055,0,-3,-3.539358615875244,1.25,0.4,0.4
215.075,0,-3,-3.515359401702881,1.25,0.4,0.4
215.095,0,-4,37.763641357421875,1.25,0.4,0.4
215.115,0,-4,-2.2043585777282715,1.25,0.4,0.4
215.135,0,-3.5,-2.801358699798584,1.25,0.4,0.4
215.155,0,-3.5,-2.775359630584717,1.25,0.4,0.4
215.175,0,-4,-2.118358612060547,1.25,0.4,0.4
215.195,0,-4,-2.086358070373535,1.25,0.4,0.4
215.215,0,-3,-43.30735778808594,1.25,0.4,0.4
215.235,0,-3,-3.2833590507507324,1.25,0.4,0.4
215.255,0,-3.5,37.366641998291016,1.25,0.4,0.4
215.275,0,-4,-1.9763588905334473,1.25,0.4,0.4
215.295,0,-4,-1.9443583488464355,1.25,0.4,0.4
215.315,0,-3,-3.1673583984375,1.25,0.4,0.4
215.335,0,-3,-3.143359661102295,1.25,0.4,0.4
215.355,0,-3,-3.1193604469299316,1.25,0.4,0.4
215.375,0,-2.5,-43.72235870361328,1.25,0.4,0.4
215.395,0,-2.5,-3.702359199523926,1.25,0.4,0.4
215.415,0,-2.5,-3.6823577880859375,1.25,0.4,0.4
215.435,0,-2.5,-3.6623568534851074,1.25,0.4,0.4
215.455,0,-2.5,-3.642355442047119,1.25,0.4,0.4
215.475,0,-2.5,-3.622354030609131,1.25,0.4,0.4
215.495,0,-2,-4.230353832244873,1.25,0.4,0.4
215.515,0,-2.5,36.41264724731445,1.25,0.4,0.4
215.535,0,-2.5,-3.567351818084717,1.25,0.4,0.4
215.555,0,-2.5,-3.5473504066467285,1.25,0.4,0.4
215.575,0,-3,-2.9003500938415527,1.25,0.4,0.4
215.595,0,-3.5,37.74964904785156,1.25,0.4,0.4
215.615,0,-4,-1.5933504104614258,1.25,0.4,0.4
215.635,0,-4,-1.5613493919372559,1.25,0.4,0.4
215.655,0,-4,-1.5293488502502441,1.25,0.4,0.4
215.675,0,-4,-1.4973483085632324,1.25,0.4,0.4
215.695,0,-4,-1.4653472900390625,1.25,0.4,0.4
215.715,0,-3,-2.689347743988037,1.25,0.4,0.4
215.735,0,-2.5,-3.2933473587036133,1.25,0.4,0.4
215.755,0,-2,-3.9023470878601074,1.25,0.4,0.4
215.775,0,-2,-3.8863463401794434,1.25,0.4,0.4
215.795,0,-2,-3.8703460693359375,1.25,0.4,0.4
215.815,0,-2,-3.8543457984924316,1.25,0.4,0.4
215.835,0,-2,-3.838345527648926,1.25,0.4,0.4
215.855,0,-2,-3.82234525680542,1.25,0.4,0.4
215.875,0,-1,-44,1.25,0.4,0.4
215.895,0,-1,-5.051344871520996,1.25,0.4,0.4
215.915,0,-1.5,35.58265686035156,1.25,0.4,0.4
215.935,0,-2,-3.7763442993164062,1.25,0.4,0.4
215.955,0,-2,-3.7603440284729004,1.25,0.4,0.4
215.975,0,-2,-3.7443437576293945,1.25,0.4,0.4
215.995,0,-2,-3.7283434867858887,1.25,0.4,0.4
216.015,0,-2.5,-3.084343433380127,1.25,0.4,0.4
216.035,0,-2.5,-3.0643439292907715,1.25,0.4,0.4
216.055,0,-2.5,-3.044343948364258,1.25,0.4,0.4
216.075,0,-2.5,-3.0243444442749023,1.25,0.4,0.4
216.095,0,-2.5,-3.0043444633483887,1.25,0.4,0.4
216.115,0,-2,-3.613344192504883,1.25,0.4,0.4
216.135,0,-2,-3.597343921661377,1.25,0.4,0.4
216.155,0,-2.5,-2.9533438682556152,1.25,0.4,0.4
216.175,0,-3,-2.3063440322875977,1.25,0.4,0.4
216.195,0,-3,-2.2823433876037598,1.25,0.4,0.4
216.215,0,-3,-2.258342742919922,1.25,0.4,0.4
216.235,0,-3,-2.234342098236084,1.25,0.4,0.4
216.255,0,-3,-2.2103419303894043,1.25,0.4,0.4
216.275,0,-3,-2.1863412857055664,1.25,0.4,0.4
216.295,0,-2.5,-2.7893409729003906,1.25,0.4,0.4
216.315,0,-2.5,-2.769341468811035,1.25,0.4,0.4
216.335,0,-2.5,37.2486572265625,1.25,0.4,0.4
216.355,0,-2.5,-2.73134183883667,1.25,0.4,0.4
216.375,0,-3,37.91465759277344,1.25,0.4,0.4
216.395,0,-3,-2.0613412857055664,1.25,0.4,0.4
216.415,0,-4,-0.7823405265808105,1.25,0.4,0.4
216.435,0,-4,-0.7503399848937988,1.25,0.4,0.4
216.455,0,-3,-41.97134017944336,1.25,0.4,0.4
216.475,0,-3,-1.9473390579223633,1.25,0.4,0.4
216.495,0,-2.5,-2.5513391494750977,1.25,0.4,0.4
216.515,0,-2,-43.15734100341797,1.25,0.4,0.4
216.535,0,-2,-3.14133882522583,1.25,0.4,0.4
216.555,0,-1.5,-3.7523388862609863,1.25,0.4,0.4
216.575,0,-1,-4.369338512420654,1.25,0.4,0.4
216.595,0,-1,-4.3613386154174805,1.25,0.4,0.4
216.615,0,-1,-4.353338241577148,1.25,0.4,0.4
216.635,0,-1.5,36.280662536621094,1.25,0.4,0.4
216.655,0,-2,-3.080338478088379,1.25,0.4,0.4
216.675,0,-1,-44,1.25,0.4,0.4
216.695,0,-1,-4.309338092803955,1.25,0.4,0.4
216.715,0,-1,-4.301337718963623,1.25,0.4,0.4
216.735,0,-1,-4.293337821960449,1.25,0.4,0.4
216.755,0,-1,-4.285337448120117,1.25,0.4,0.4
216.775,0,-1.5,36.348663330078125,1.25,0.4,0.4
216.795,0,-2,-3.0103373527526855,1.25,0.4,0.4
216.815,0,-2,-2.9943366050720215,1.25,0.4,0.4
216.835,0,-2,-2.9783363342285156,1.25,0.4,0.4
216.855,0,-2.5,-2.33333683013916,1.25,0.4,0.4
216.875,0,-2.5,-2.3133368492126465,1.25,0.4,0.4
216.895,0,-2.5,-2.293337345123291,1.25,0.4,0.4
216.915,0,-2,-2.9003372192382812,1.25,0.4,0.4
216.935,0,-2,-2.8843369483947754,1.25,0.4,0.4
216.955,0,-2,-2.8683366775512695,1.25,0.4,0.4
216.975,0,-2.5,-2.223336696624756,1.25,0.4,0.4
216.995,0,-2.5,-2.2033371925354004,1.25,0.4,0.4
217.015,0,-2,-42.8093376159668,1.25,0.4,0.4
217.035,0,-2,-2.793336868286133,1.25,0.4,0.4
217.055,0,-2,-2.777336597442627,1.25,0.4,0.4
217.075,0,-2,-2.761336326599121,1.25,0.4,0.4
217.095,0,-2,-2.7453360557556152,1.25,0.4,0.4
217.115,0,-2,-2.729335308074951,1.25,0.4,0.4
217.135,0,-2,-2.7133350372314453,1.25,0.4,0.4
217.155,0,-2,-2.6973347663879395,1.25,0.4,0.4
217.175,0,-2,-2.6813344955444336,1.25,0.4,0.4
217.195,0,-2,-2.6653342247009277,1.25,0.4,0.4
217.215,0,-2,-2.6493334770202637,1.25,0.4,0.4
217.235,0,-1,-43.88633346557617,1.25,0.4,0.4
217.255,0,-1,-3.878333568572998,1.25,0.4,0.4
217.275,0,-1,-3.870333194732666,1.25,0.4,0.4
217.295,0,-1,-3.862332820892334,1.25,0.4,0.4
217.315,0,-1,-3.85433292388916,1.25,0.4,0.4
217.335,0,-1,-3.846332550048828,1.25,0.4,0.4
217.355,0,-1,-3.8383326530456543,1.25,0.4,0.4
217.375,0,-1,-3.8303322792053223,1.25,0.4,0.4
217.395,0,-1,-3.8213324546813965,1.25,0.4,0.4
217.415,0,-0.5,-44,1.25,0.4,0.4
217.435,0,-0.5,-4.435332775115967,1.25,0.4,0.4
217.455,0,0,-5.060332775115967,1.25,0.4,0.4
217.475,0,0,-5.060332775115967,1.25,0.4,0.4
217.495,0,0,-5.060332775115967,1.25,0.4,0.4
217.515,0,1,-44,1.25,0.4,0.4
217.535,0,0.5,34.30366897583008,1.25,0.4,0.4
217.555,0,0,-5.0713324546813965,1.25,0.4,0.4
217.575,0,0,-5.0713324546813965,1.25,0.4,0.4
217.595,0,-0.5,-4.442333221435547,1.25,0.4,0.4
217.615,0,-0.5,-4.438333988189697,1.25,0.4,0.4
217.635,0,0,-5.063333988189697,1.25,0.4,0.4
217.655,0,0,-5.063333988189697,1.25,0.4,0.4
217.675,0,0,-5.063333988189697,1.25,0.4,0.4
217.695,0,0.5,-44,1.25,0.4,0.4
217.715,0,1,-6.321333885192871,1.25,0.4,0.4
217.735,0,0.5,-5.702333450317383,1.25,0.4,0.4
217.755,0,0,-5.077333450317383,1.25,0.4,0.4
217.775,0,0,-5.077333450317383,1.25,0.4,0.4
217.795,0,0,-5.077333450317383,1.25,0.4,0.4
217.815,0,0,-5.077333450317383,1.25,0.4,0.4
217.835,0,0,-5.077333450317383,1.25,0.4,0.4
217.855,0,0,-5.077333450317383,1.25,0.4,0.4
217.875,0,0,-5.077333450317383,1.25,0.4,0.4
217.895,0,0,-5.077333450317383,1.25,0.4,0.4
217.915,0,0,-5.077333450317383,1.25,0.4,0.4
217.935,0,0.5,-5.704333305358887,1.25,0.4,0.4
217.955,0,1,-6.3373332023620605,1.25,0.4,0.4
217.975,0,0,34.90766525268555,1.25,0.4,0.4
217.995,0,0,-5.0923333168029785,1.25,0.4,0.4
218.015,0,0,-5.0923333168029785,1.25,0.4,0.4
218.035,0,0,-5.0923333168029785,1.25,0.4,0.4
218.055,0,0,-5.0923333168029785,1.25,0.4,0.4
218.075,0,0,-5.0923333168029785,1.25,0.4,0.4
218.095,0,0.5,-5.721332550048828,1.25,0.4,0.4
218.115,0,0.5,-5.725331783294678,1.25,0.4,0.4
218.135,0,0,-5.10133171081543,1.25,0.4,0.4
218.155,0,0,-5.10133171081543,1.25,0.4,0.4
218.175,0,0,-5.10133171081543,1.25,0.4,0.4
218.195,0,0.5,-5.728331565856934,1.25,0.4,0.4
218.215,0,0,34.89366912841797,1.25,0.4,0.4
218.235,0,0,-5.106330871582031,1.25,0.4,0.4
218.255,0,-0.5,-4.478331565856934,1.25,0.4,0.4
218.275,0,-0.5,-4.474332332611084,1.25,0.4,0.4
218.295,0,-0.5,-4.470332622528076,1.25,0.4,0.4
218.315,0,-0.5,-4.466333389282227,1.25,0.4,0.4
218.335,0,-0.5,-4.462334156036377,1.25,0.4,0.4
218.355,0,-0.5,-4.458334922790527,1.25,0.4,0.4
218.375,0,-1,-3.8263349533081055,1.25,0.4,0.4
218.395,0,-1,-3.8183345794677734,1.25,0.4,0.4
218.415,0,-1,-3.8103346824645996,1.25,0.4,0.4
218.435,0,-1,-3.8023343086242676,1.25,0.4,0.4
218.455,0,-1,-3.7943339347839355,1.25,0.4,0.4
218.475,0,-1,-3.7853341102600098,1.25,0.4,0.4
218.495,0,-1,-3.7773337364196777,1.25,0.4,0.4
218.515,0,-1,-3.769333839416504,1.25,0.4,0.4
218.535,0,-1,-3.761333465576172,1.25,0.4,0.4
218.555,0,-1,-3.753333568572998,1.25,0.4,0.4
218.575,0,-1,-3.745333194732666,1.25,0.4,0.4
218.595,0,-1.5,36.888668060302734,1.25,0.4,0.4
218.615,0,-1,-43.72533416748047,1.25,0.4,0.4
218.635,0,-1,-3.7173333168029785,1.25,0.4,0.4
218.655,0,-1,-3.7093329429626465,1.25,0.4,0.4
218.675,0,-1,-3.7013330459594727,1.25,0.4,0.4
218.695,0,-1,-3.6933326721191406,1.25,0.4,0.4
218.715,0,-1,-3.685332775115967,1.25,0.4,0.4
218.735,0,-2,-2.422332286834717,1.25,0.4,0.4
218.755,0,-2,-2.406332015991211,1.25,0.4,0.4
218.775,0,-1.5,-43.01633071899414,1.25,0.4,0.4
218.795,0,-1,-3.6323318481445312,1.25,0.4,0.4
218.815,0,-1,-3.6243319511413574,1.25,0.4,0.4
218.835,0,-2,-2.3593316078186035,1.25,0.4,0.4
218.855,0,-2,-2.3433313369750977,1.25,0.4,0.4
218.875,0,-1.5,-42.953330993652344,1.25,0.4,0.4
218.895,0,-1,-3.57033109664917,1.25,0.4,0.4
218.915,0,-1,-3.562330722808838,1.25,0.4,0.4
218.935,0,-1.5,37.07167053222656,1.25,0.4,0.4
218.955,0,-2,-2.288330554962158,1.25,0.4,0.4
218.975,0,-2,-2.2723302841186523,1.25,0.4,0.4
218.995,0,-2,-2.2563300132751465,1.25,0.4,0.4
219.015,0,-2,-2.2403292655944824,1.25,0.4,0.4
219.035,0,-1.5,-2.8513293266296387,1.25,0.4,0.4
219.055,0,-1,-3.468329429626465,1.25,0.4,0.4
219.075,0,-2,37.793670654296875,1.25,0.4,0.4
219.095,0,-2,-2.190329074859619,1.25,0.4,0.4
219.115,0,-2,-2.1723289489746094,1.25,0.4,0.4
219.135,0,-2,-2.1563286781311035,1.25,0.4,0.4
219.155,0,-1,-3.3953285217285156,1.25,0.4,0.4
219.175,0,-1,-3.387328624725342,1.25,0.4,0.4
219.195,0,-1.5,37.246673583984375,1.25,0.4,0.4
219.215,0,-2,-2.113328456878662,1.25,0.4,0.4
219.235,0,-2,-2.097327709197998,1.25,0.4,0.4
219.255,0,-2,-2.081327438354492,1.25,0.4,0.4
219.275,0,-2,-2.0653271675109863,1.25,0.4,0.4
219.295,0,-2,-2.0493268966674805,1.25,0.4,0.4
219.315,0,-1,-44,1.25,0.4,0.4
219.335,0,-1,-3.2773261070251465,1.25,0.4,0.4
219.355,0,0,-44,1.25,0.4,0.4
219.375,0,0,-4.524326801300049,1.25,0.4,0.4
219.395,0,0,-4.524326801300049,1.25,0.4,0.4
219.415,0,1,-5.781326770782471,1.25,0.4,0.4
219.435,0,1,-5.789327144622803,1.25,0.4,0.4
219.455,0,1,-5.797327041625977,1.25,0.4,0.4
219.475,0,1,-5.805327415466309,1.25,0.4,0.4
219.495,0,1,-5.813327312469482,1.25,0.4,0.4
219.515,0,1,-5.8213276863098145,1.25,0.4,0.4
219.535,0,1,-5.8293280601501465,1.25,0.4,0.4
219.555,0,0.5,-5.209327220916748,1.25,0.4,0.4
219.575,0,0,-4.586327075958252,1.25,0.4,0.4
219.595,0,0,-4.586327075958252,1.25,0.4,0.4
219.615,0,0,-4.586327075958252,1.25,0.4,0.4
219.635,0,0,-4.586327075958252,1.25,0.4,0.4
219.655,0,1,-44,1.25,0.4,0.4
219.675,0,1,-5.848327159881592,1.25,0.4,0.4
219.695,0,0,-4.5993266105651855,1.25,0.4,0.4
219.715,0,-0.5,-3.971327304840088,1.25,0.4,0.4
219.735,0,-0.5,-3.9673280715942383,1.25,0.4,0.4
219.755,0,-0.5,-3.9633288383483887,1.25,0.4,0.4
219.775,0,-1,-3.3323287963867188,1.25,0.4,0.4
219.795,0,-1,-3.324328899383545,1.25,0.4,0.4
219.815,0,-1,-3.316328525543213,1.25,0.4,0.4
219.835,0,-1,-3.308328151702881,1.25,0.4,0.4
219.855,0,-0.5,-3.9293289184570312,1.25,0.4,0.4
219.875,0,0,-44,1.25,0.4,0.4
219.895,0,0,-4.551329612731934,1.25,0.4,0.4
219.915,0,0,-4.551329612731934,1.25,0.4,0.4
219.935,0,0,35.447669982910156,1.25,0.4,0.4
219.955,0,0,35.44567108154297,1.25,0.4,0.4
219.975,0,0,-4.555328845977783,1.25,0.4,0.4
219.995,0,0,-4.557328701019287,1.25,0.4,0.4
220.015,90,0,44,1.25,0.4,0.4
220.035,90,1,44,1.25,0.4,0.4
220.055,90,2.5,44,1.25,0.4,0.4
220.075,90,6,23.087669372558594,1.25,0.4,0.4
220.095,90,10.5,18.1126708984375,1.25,0.4,0.4
220.115,90,15.5,-27.526329040527344,1.25,0.4,0.4
220.135,90,20,44,1.25,0.4,0.4
220.155,90,24.5,2.3306732177734375,1.25,0.4,0.4
220.175,90,28,38.461669921875,1.25,0.4,0.4
220.195,90,32,-6.0623321533203125,1.25,0.4,0.4
220.215,90,36,-10.618331909179688,1.25,0.4,0.4
220.235,90,39.5,25.41967010498047,1.25,0.4,0.4
220.255,90,42,22.6856689453125,1.25,0.4,0.4
220.275,90,45,-20.695327758789062,1.25,0.4,0.4
220.295,90,47.5,16.527671813964844,1.25,0.4,0.4
220.315,90,51,-27.523330688476562,1.25,0.4,0.4
220.335,90,55,-32.23133087158203,1.25,0.4,0.4
220.355,90,58,4.283668518066406,1.25,0.4,0.4
220.375,90,59.5,42.65666961669922,1.25,0.4,0.4
220.395,90,61,1.0186691284179688,1.25,0.4,0.4
220.415,90,62.5,-0.6313285827636719,1.25,0.4,0.4
220.435,90,64.5,-2.9213294982910156,1.25,0.4,0.4
220.455,90,66.5,-5.227329254150391,1.25,0.4,0.4
220.475,90,68,33.0766716003418,1.25,0.4,0.4
220.495,90,70,-9.258329391479492,1.25,0.4,0.4
220.515,90,71.5,-10.979330062866211,1.25,0.4,0.4
220.535,90,72,28.541669845581055,1.25,0.4,0.4
220.555,90,73,27.431671142578125,1.25,0.4,0.4
220.575,90,75,-44,1.25,0.4,0.4
220.595,90,77.5,-17.958330154418945,1.25,0.4,0.4
220.615,90,80,-20.99633026123047,1.25,0.4,0.4
220.635,90,82,-23.428329467773438,1.25,0.4,0.4
220.655,90,83,-24.618330001831055,1.25,0.4,0.4
220.675,90,83,15.43766975402832,1.25,0.4,0.4
220.695,90,83,15.493669509887695,1.25,0.4,0.4
220.715,90,84,-25.70532989501953,1.25,0.4,0.4
220.735,90,85.5,-27.538330078125,1.25,0.4,0.4
220.755,90,86.5,-28.756330490112305,1.25,0.4,0.4
220.775,90,87.5,-29.98333168029785,1.25,0.4,0.4
220.795,90,87,44,1.25,0.4,0.4
220.815,90,86.5,44,1.25,0.4,0.4
220.835,90,87,-29.28533172607422,1.25,0.4,0.4
220.855,90,87.5,-29.887332916259766,1.25,0.4,0.4
220.875,90,88,9.505668640136719,1.25,0.4,0.4
220.895,90,89.5,-32.36033248901367,1.25,0.4,0.4
220.915,90,90,7.0156683921813965,1.25,0.4,0.4
220.935,90,91,5.758669376373291,1.25,0.4,0.4
220.955,90,91,5.749670505523682,1.25,0.4,0.4
220.975,90,90,6.996670722961426,1.25,0.4,0.4
220.995,90,89.5,7.624671459197998,1.25,0.4,0.4
221.015,90,90,7.00167179107666,1.25,0.4,0.4
221.035,90,90,7.00167179107666,1.25,0.4,0.4
221.055,90,90.5,6.373671054840088,1.25,0.4,0.4
221.075,90,91,5.740672588348389,1.25,0.4,0.4
221.095,90,91.5,5.103672981262207,1.25,0.4,0.4
221.115,90,92.5,-36.163326263427734,1.25,0.4,0.4
221.135,90,93.5,2.5616722106933594,1.25,0.4,0.4
221.155,90,94,1.9066720008850098,1.25,0.4,0.4
221.175,90,94.5,-38.75132751464844,1.25,0.4,0.4
221.195,90,95,0.5836725234985352,1.25,0.4,0.4
221.215,90,95.5,-0.08432769775390625,1.25,0.4,0.4
221.235,90,95.5,-0.1283278465270996,1.25,0.4,0.4
221.255,90,96,-0.7993283271789551,1.25,0.4,0.4
221.275,90,96,-0.8473296165466309,1.25,0.4,0.4
221.295,90,96.5,-41.521331787109375,1.25,0.4,0.4
221.315,90,97,-2.2013297080993652,1.25,0.4,0.4
221.335,90,97,-2.2573294639587402,1.25,0.4,0.4
221.355,90,97,-2.3133292198181152,1.25,0.4,0.4
221.375,90,97.5,-2.9963293075561523,1.25,0.4,0.4
221.395,90,97.5,-3.0563302040100098,1.25,0.4,0.4
221.415,90,97.5,-3.116330623626709,1.25,0.4,0.4
221.435,90,97.5,-3.176331043243408,1.25,0.4,0.4
221.455,90,97.5,-3.2363319396972656,1.25,0.4,0.4
221.475,90,97.5,-3.296332359313965,1.25,0.4,0.4
221.495,90,98,-3.98433256149292,1.25,0.4,0.4
221.515,90,98,-4.048332691192627,1.25,0.4,0.4
221.535,90,97.5,-3.483333110809326,1.25,0.4,0.4
221.555,90,98,-4.171333312988281,1.25,0.4,0.4
221.575,90,98,-4.23533296585083,1.25,0.4,0.4
221.595,90,98,-4.299333095550537,1.25,0.4,0.4
221.615,90,98,-4.363333225250244,1.25,0.4,0.4
221.635,90,98,-4.427332878112793,1.25,0.4,0.4
221.655,90,98,-4.4913330078125,1.25,0.4,0.4
221.675,90,98,-4.555332660675049,1.25,0.4,0.4
221.695,90,98,-4.619332790374756,1.25,0.4,0.4
221.715,90,98,-4.683332920074463,1.25,0.4,0.4
221.735,90,97.5,-4.119333267211914,1.25,0.4,0.4
221.755,90,97.5,-4.179333686828613,1.25,0.4,0.4
221.775,90,98,-4.866333961486816,1.25,0.4,0.4
221.795,90,98,-4.930334091186523,1.25,0.4,0.4
221.815,90,98,-4.994333744049072,1.25,0.4,0.4
221.835,90,97.5,-4.42933464050293,1.25,0.4,0.4
221.855,90,97.5,-4.489335060119629,1.25,0.4,0.4
221.875,90,97.5,-4.549335956573486,1.25,0.4,0.4
221.895,90,97.5,-4.6093363761901855,1.25,0.4,0.4
221.915,90,97.5,-4.669336795806885,1.25,0.4,0.4
221.935,90,97.5,-4.729337692260742,1.25,0.4,0.4
221.955,90,97.5,-4.789338111877441,1.25,0.4,0.4
221.975,90,97.5,-4.849339008331299,1.25,0.4,0.4
221.995,90,97.5,-4.91033935546875,1.25,0.4,0.4
222.015,90,97.5,-4.970339775085449,1.25,0.4,0.4
222.035,90,97,-4.403339862823486,1.25,0.4,0.4
222.055,90,96,36.79465866088867,1.25,0.4,0.4
222.075,90,96,-3.2533397674560547,1.25,0.4,0.4
222.095,90,96,-3.3013391494750977,1.25,0.4,0.4
222.115,90,97,-44,1.25,0.4,0.4
222.135,90,97,-4.65933895111084,1.25,0.4,0.4
222.155,90,96.5,35.91065979003906,1.25,0.4,0.4
222.175,90,96,-3.512338638305664,1.25,0.4,0.4
222.195,90,95.5,-2.9313387870788574,1.25,0.4,0.4
222.215,90,95.5,-2.97533917427063,1.25,0.4,0.4
222.235,90,95.5,-3.0193393230438232,1.25,0.4,0.4
222.255,90,96,-3.6913390159606934,1.25,0.4,0.4
222.275,90,97,-44,1.25,0.4,0.4
222.295,90,97,-5.0493388175964355,1.25,0.4,0.4
222.315,90,97.5,-5.733339309692383,1.25,0.4,0.4
222.335,90,97.5,-5.793339729309082,1.25,0.4,0.4
222.355,90,97.5,-5.853340148925781,1.25,0.4,0.4
222.375,90,97.5,-5.913341045379639,1.25,0.4,0.4
222.395,90,97.5,-5.973341941833496,1.25,0.4,0.4
222.415,90,97.5,-6.033342361450195,1.25,0.4,0.4
222.435,90,97.5,-6.0933427810668945,1.25,0.4,0.4
222.455,90,97.5,-6.153343200683594,1.25,0.4,0.4
222.475,90,97.5,-6.213343620300293,1.25,0.4,0.4
222.495,90,97.5,-6.273343086242676,1.25,0.4,0.4
222.515,90,97,-5.706343173980713,1.25,0.4,0.4
222.535,90,97,-5.762342929840088,1.25,0.4,0.4
222.555,90,97,-5.818342685699463,1.25,0.4,0.4
222.575,90,97,-5.874342441558838,1.25,0.4,0.4
222.595,90,97,-5.930342197418213,1.25,0.4,0.4
222.615,90,97,-5.986341953277588,1.25,0.4,0.4
222.635,90,97,-6.042341709136963,1.25,0.4,0.4
222.655,90,97,-6.098341464996338,1.25,0.4,0.4
222.675,90,97,-6.154341220855713,1.25,0.4,0.4
222.695,90,97,-6.210340976715088,1.25,0.4,0.4
222.715,90,97,-6.268341064453125,1.25,0.4,0.4
222.735,90,97,-6.3243408203125,1.25,0.4,0.4
222.755,90,96,-5.124340534210205,1.25,0.4,0.4
222.775,90,96,-5.1723408699035645,1.25,0.4,0.4
222.795,90,96,-5.220341205596924,1.25,0.4,0.4
222.815,90,96,-5.268341541290283,1.25,0.4,0.4
222.835,90,96,-5.316341876983643,1.25,0.4,0.4
222.855,90,96,-5.364342212677002,1.25,0.4,0.4
222.875,90,96,-5.412342548370361,1.25,0.4,0.4
222.895,90,96,-5.460342884063721,1.25,0.4,0.4
222.915,90,96,-5.50834321975708,1.25,0.4,0.4
222.935,90,96,-5.5563435554504395,1.25,0.4,0.4
222.955,90,96,-5.604343891143799,1.25,0.4,0.4
222.975,90,96,-5.652344226837158,1.25,0.4,0.4
222.995,90,96,-5.700344562530518,1.25,0.4,0.4
223.015,90,96,-5.748344898223877,1.25,0.4,0.4
223.035,90,96,-44,1.25,0.4,0.4
223.055,90,96,-5.843345642089844,1.25,0.4,0.4
223.075,90,96.5,-44,1.25,0.4,0.4
223.095,90,96.5,-6.569345951080322,1.25,0.4,0.4
223.115,90,96.5,33.37565612792969,1.25,0.4,0.4
223.135,90,96.5,-6.6763458251953125,1.25,0.4,0.4
223.155,90,96,-6.099346160888672,1.25,0.4,0.4
223.175,90,95.5,-5.520345687866211,1.25,0.4,0.4
223.195,90,95,35.06165313720703,1.25,0.4,0.4
223.215,90,95,-4.97834587097168,1.25,0.4,0.4
223.235,90,95,-5.018345832824707,1.25,0.4,0.4
223.255,90,95,-5.058346271514893,1.25,0.4,0.4
223.275,90,95,-5.09834623336792,1.25,0.4,0.4
223.295,90,95,-5.1383466720581055,1.25,0.4,0.4
223.315,90,95,-5.177346706390381,1.25,0.4,0.4
223.335,90,95,-5.215346813201904,1.25,0.4,0.4
223.355,90,95,-5.255346775054932,1.25,0.4,0.4
223.375,90,95,-5.295347213745117,1.25,0.4,0.4
223.395,90,95,-5.3353471755981445,1.25,0.4,0.4
223.415,90,95,-5.37534761428833,1.25,0.4,0.4
223.435,90,95,-5.415347576141357,1.25,0.4,0.4
223.455,90,94.5,-4.826347827911377,1.25,0.4,0.4
223.475,90,94,-4.235347747802734,1.25,0.4,0.4
223.495,90,94,-4.267347812652588,1.25,0.4,0.4
223.515,90,94.5,-4.926347732543945,1.25,0.4,0.4
223.535,90,94.5,-4.962347507476807,1.25,0.4,0.4
223.555,90,94,-4.371347904205322,1.25,0.4,0.4
223.575,90,94,-4.403347492218018,1.25,0.4,0.4
223.595,90,94,-4.435347557067871,1.25,0.4,0.4
223.615,90,94,-4.467347621917725,1.25,0.4,0.4
223.635,90,93.5,-3.872347593307495,1.25,0.4,0.4
223.655,90,93.5,-3.9003477096557617,1.25,0.4,0.4
223.675,90,93.5,-3.9283478260040283,1.25,0.4,0.4
223.695,90,93.5,-3.956347942352295,1.25,0.4,0.4
223.715,90,93.5,-3.9843478202819824,1.25,0.4,0.4
223.735,90,93.5,-4.01234769821167,1.25,0.4,0.4
223.755,90,93.5,-4.040348052978516,1.25,0.4,0.4
223.775,90,93.5,-4.068347930908203,1.25,0.4,0.4
223.795,90,93.5,-4.096347808837891,1.25,0.4,0.4
223.815,90,93.5,-4.124347686767578,1.25,0.4,0.4
223.835,90,93.5,-4.152347564697266,1.25,0.4,0.4
223.855,90,94,-4.807347774505615,1.25,0.4,0.4
223.875,90,94,-4.839347839355469,1.25,0.4,0.4
223.895,90,94,-4.871347904205322,1.25,0.4,0.4
223.915,90,94,-4.903347969055176,1.25,0.4,0.4
223.935,90,94,-4.935347557067871,1.25,0.4,0.4
223.955,90,94,-4.967347621917725,1.25,0.4,0.4
223.975,90,94,-4.999347686767578,1.25,0.4,0.4
223.995,90,93.5,-4.402347564697266,1.25,0.4,0.4
224.015,90,93.5,-4.430347919464111,1.25,0.4,0.4
224.035,90,93.5,-4.457347869873047,1.25,0.4,0.4
224.055,90,93,36.14065170288086,1.25,0.4,0.4
224.075,90,93.5,-44,1.25,0.4,0.4
224.095,90,93.5,-4.5393476486206055,1.25,0.4,0.4
224.115,90,94,-5.194347858428955,1.25,0.4,0.4
224.135,90,94,-5.226347923278809,1.25,0.4,0.4
224.155,90,94,-5.258347511291504,1.25,0.4,0.4
224.175,90,95,-44,1.25,0.4,0.4
224.195,90,95,-6.584347724914551,1.25,0.4,0.4
224.215,90,94.5,34.001651763916016,1.25,0.4,0.4
224.235,90,94,34.591651916503906,1.25,0.4,0.4
224.255,90,94,-5.440347671508789,1.25,0.4,0.4
224.275,90,94,-5.472347259521484,1.25,0.4,0.4
224.295,90,94,-5.504347324371338,1.25,0.4,0.4
224.315,90,94,-5.536347389221191,1.25,0.4,0.4
224.335,90,94,-5.568347454071045,1.25,0.4,0.4
224.355,90,94.5,-6.227347373962402,1.25,0.4,0.4
224.375,90,94.5,-6.262347221374512,1.25,0.4,0.4
224.395,90,94.5,-6.298347473144531,1.25,0.4,0.4
224.415,90,94,-5.706347465515137,1.25,0.4,0.4
224.435,90,94,-5.73834753036499,1.25,0.4,0.4
224.455,90,94,-5.770347595214844,1.25,0.4,0.4
224.475,90,94,-5.802347660064697,1.25,0.4,0.4
224.495,90,94,-5.834347248077393,1.25,0.4,0.4
224.515,90,94,-5.866347312927246,1.25,0.4,0.4
224.535,90,94,-5.8983473777771,1.25,0.4,0.4
224.555,90,94,-5.930347442626953,1.25,0.4,0.4
224.575,90,94,-5.962347507476807,1.25,0.4,0.4
224.595,90,94,-5.994347095489502,1.25,0.4,0.4
224.615,90,94,-6.0263471603393555,1.25,0.4,0.4
224.635,90,94,-6.058347225189209,1.25,0.4,0.4
224.655,90,94,-6.0903472900390625,1.25,0.4,0.4
224.675,90,94,-6.122347354888916,1.25,0.4,0.4
224.695,90,94,-6.1543474197387695,1.25,0.4,0.4
224.715,90,94,-6.186347007751465,1.25,0.4,0.4
224.735,90,93.5,34.40765380859375,1.25,0.4,0.4
224.755,90,93.5,-5.620347023010254,1.25,0.4,0.4
224.775,90,93.5,-5.648346900939941,1.25,0.4,0.4
224.795,90,93,-5.047347068786621,1.25,0.4,0.4
224.815,90,92,-3.815347194671631,1.25,0.4,0.4
224.835,90,92,-3.8313469886779785,1.25,0.4,0.4
224.855,90,92,-3.8473470211029053,1.25,0.4,0.4
224.875,90,92,-3.863347053527832,1.25,0.4,0.4
224.895,90,92,-3.8793468475341797,1.25,0.4,0.4
224.915,90,92,-3.8953471183776855,1.25,0.4,0.4
224.935,90,92,-3.911346912384033,1.25,0.4,0.4
224.955,90,92.5,-4.554347038269043,1.25,0.4,0.4
224.975,90,92.5,-4.574347019195557,1.25,0.4,0.4
224.995,90,92,-3.9653470516204834,1.25,0.4,0.4
225.015,90,92,-3.98134708404541,1.25,0.4,0.4
225.035,90,93,-44,1.25,0.4,0.4
225.055,90,93,-5.2763471603393555,1.25,0.4,0.4
225.075,90,92.5,-4.673347473144531,1.25,0.4,0.4
225.095,90,92.5,-4.693347454071045,1.25,0.4,0.4
225.115,90,92,-4.084347724914551,1.25,0.4,0.4
225.135,90,92,-4.100347518920898,1.25,0.4,0.4
225.155,90,92,-4.116347789764404,1.25,0.4,0.4
225.175,90,92,-4.133347988128662,1.25,0.4,0.4
225.195,90,92.5,-44,1.25,0.4,0.4
225.215,90,92.5,-4.795348167419434,1.25,0.4,0.4
225.235,90,92.5,-4.815347671508789,1.25,0.4,0.4
225.255,90,93,-5.4643473625183105,1.25,0.4,0.4
225.275,90,93,-5.488347053527832,1.25,0.4,0.4
225.295,90,93,-5.512347221374512,1.25,0.4,0.4
225.315,90,93,-44,1.25,0.4,0.4
225.335,90,93,-5.559346675872803,1.25,0.4,0.4
225.355,90,93,-5.583346366882324,1.25,0.4,0.4
225.375,90,93,-5.607346057891846,1.25,0.4,0.4
225.395,90,93.5,-6.260345935821533,1.25,0.4,0.4
225.415,90,93,-5.661345958709717,1.25,0.4,0.4
225.435,90,93,-5.685345649719238,1.25,0.4,0.4
225.455,90,93,-5.70934534072876,1.25,0.4,0.4
225.475,90,93,-5.733345031738281,1.25,0.4,0.4
225.495,90,93,-5.757345199584961,1.25,0.4,0.4
225.515,90,93,-5.781344890594482,1.25,0.4,0.4
225.535,90,92.5,34.8216552734375,1.25,0.4,0.4
225.555,90,92.5,-5.1983442306518555,1.25,0.4,0.4
225.575,90,92.5,-5.218343734741211,1.25,0.4,0.4
225.595,90,92.5,-5.238343715667725,1.25,0.4,0.4
225.615,90,92.5,-5.258343696594238,1.25,0.4,0.4
225.635,90,92,-4.65134334564209,1.25,0.4,0.4
225.655,90,92,-4.667344093322754,1.25,0.4,0.4
225.675,90,92,-4.683343887329102,1.25,0.4,0.4
225.695,90,92.5,-44,1.25,0.4,0.4
225.715,90,93,-44,1.25,0.4,0.4
225.735,90,93,-5.995344161987305,1.25,0.4,0.4
225.755,90,93,-6.019343376159668,1.25,0.4,0.4
225.775,90,93,-6.043343544006348,1.25,0.4,0.4
225.795,90,93,-6.067343235015869,1.25,0.4,0.4
225.815,90,92.5,-5.463342666625977,1.25,0.4,0.4
225.835,90,92.5,-5.48334264755249,1.25,0.4,0.4
225.855,90,93,-6.130342483520508,1.25,0.4,0.4
225.875,90,93,-6.154342174530029,1.25,0.4,0.4
225.895,90,93,-6.178341865539551,1.25,0.4,0.4
225.915,90,93,-6.2023420333862305,1.25,0.4,0.4
225.935,90,93,-6.226341247558594,1.25,0.4,0.4
225.955,90,93.5,-44,1.25,0.4,0.4
225.975,90,93.5,-6.904341220855713,1.25,0.4,0.4
225.995,90,93.5,-6.9323410987854,1.25,0.4,0.4
226.015,90,94,-7.58734130859375,1.25,0.4,0.4
226.035,90,93.5,33.00666046142578,1.25,0.4,0.4
226.055,90,93.5,-7.021340847015381,1.25,0.4,0.4
226.075,90,93,-6.4213409423828125,1.25,0.4,0.4
226.095,90,93,-6.445340156555176,1.25,0.4,0.4
226.115,90,93,-6.4693403244018555,1.25,0.4,0.4
226.135,90,93,-6.493340015411377,1.25,0.4,0.4
226.155,90,93,-6.517339706420898,1.25,0.4,0.4
226.175,90,93,-6.541339874267578,1.25,0.4,0.4
226.195,90,93,-6.565339088439941,1.25,0.4,0.4
226.215,90,93,-6.589339256286621,1.25,0.4,0.4
226.235,90,93.5,-7.240339279174805,1.25,0.4,0.4
226.255,90,93.5,-7.268339157104492,1.25,0.4,0.4
226.275,90,93.5,-7.29633903503418,1.25,0.4,0.4
226.295,90,93,-6.695338249206543,1.25,0.4,0.4
226.315,90,92.5,33.90666198730469,1.25,0.4,0.4
226.335,90,92,-5.4863386154174805,1.25,0.4,0.4
226.355,90,92.5,-44,1.25,0.4,0.4
226.375,90,92.5,-6.148338317871094,1.25,0.4,0.4
226.395,90,92.5,-6.168337821960449,1.25,0.4,0.4
226.415,90,92,-5.559338569641113,1.25,0.4,0.4
226.435,90,91.5,35.0506591796875,1.25,0.4,0.4
226.455,90,91.5,-4.961338996887207,1.25,0.4,0.4
226.475,90,91.5,-4.973339080810547,1.25,0.4,0.4
226.495,90,91.5,-4.985339164733887,1.25,0.4,0.4
226.515,90,92,-5.625339508056641,1.25,0.4,0.4
226.535,90,92,-5.641340255737305,1.25,0.4,0.4
226.555,90,92,-5.6573405265808105,1.25,0.4,0.4
226.575,90,92,-5.673340797424316,1.25,0.4,0.4
226.595,90,92,-5.6893415451049805,1.25,0.4,0.4
226.615,90,91.5,-5.078341484069824,1.25,0.4,0.4
226.635,90,91.5,-5.090340614318848,1.25,0.4,0.4
226.655,90,92,-44,1.25,0.4,0.4
226.675,90,92,-5.743340492248535,1.25,0.4,0.4
226.695,90,91.5,-5.131340503692627,1.25,0.4,0.4
226.715,90,90.5,36.11166000366211,1.25,0.4,0.4
226.735,90,90.5,-3.8923397064208984,1.25,0.4,0.4
226.755,90,90.5,-3.896339178085327,1.25,0.4,0.4
226.775,90,90.5,-3.9003384113311768,1.25,0.4,0.4
226.795,90,91,-4.53333854675293,1.25,0.4,0.4
226.815,90,91,-4.541338920593262,1.25,0.4,0.4
226.835,90,90.5,36.07666015625,1.25,0.4,0.4
226.855,90,90.5,-3.927338123321533,1.25,0.4,0.4
226.875,90,90,-3.302338123321533,1.25,0.4,0.4
226.895,90,90.5,-3.931337356567383,1.25,0.4,0.4
226.915,90,90,36.6906623840332,1.25,0.4,0.4
226.935,90,90,-3.3093369007110596,1.25,0.4,0.4
226.955,90,90,-3.3093369007110596,1.25,0.4,0.4
226.975,90,90,-3.3093369007110596,1.25,0.4,0.4
226.995,90,90,-3.3093369007110596,1.25,0.4,0.4
227.015,90,90,-3.3093369007110596,1.25,0.4,0.4
227.035,90,90,-3.3093369007110596,1.25,0.4,0.4
227.055,90,90,-3.3093369007110596,1.25,0.4,0.4
227.075,90,90.5,-3.938336133956909,1.25,0.4,0.4
227.095,90,90.5,-3.942335605621338,1.25,0.4,0.4
227.115,90,90.5,-3.9463348388671875,1.25,0.4,0.4
227.135,90,90.5,-3.9493343830108643,1.25,0.4,0.4
227.155,90,91,-4.581334114074707,1.25,0.4,0.4
227.175,90,91,35.40866470336914,1.25,0.4,0.4
227.195,90,91,-4.600334167480469,1.25,0.4,0.4
227.215,90,91,-44,1.25,0.4,0.4
227.235,90,90.5,-43.98533248901367,1.25,0.4,0.4
227.255,90,90,-3.3603336811065674,1.25,0.4,0.4
227.275,90,90,-3.3603336811065674,1.25,0.4,0.4
227.295,90,90.5,-3.987333297729492,1.25,0.4,0.4
227.315,90,91,-4.618332862854004,1.25,0.4,0.4
227.335,90,91,-4.626333236694336,1.25,0.4,0.4
227.355,90,91,-4.634333610534668,1.25,0.4,0.4
227.375,90,91.5,-5.271332740783691,1.25,0.4,0.4
227.395,90,91.5,-5.283332824707031,1.25,0.4,0.4
227.415,90,91.5,-5.295331954956055,1.25,0.4,0.4
227.435,90,92,-5.936332702636719,1.25,0.4,0.4
227.455,90,92,-5.952332496643066,1.25,0.4,0.4
227.475,90,91.5,-5.339332580566406,1.25,0.4,0.4
227.495,90,91.5,-5.35133171081543,1.25,0.4,0.4
227.515,90,91,-4.7353315353393555,1.25,0.4,0.4
227.535,90,90.5,35.882667541503906,1.25,0.4,0.4
227.555,90,90,36.504669189453125,1.25,0.4,0.4
227.575,90,90,-3.495331287384033,1.25,0.4,0.4
227.595,90,89.5,37.13066864013672,1.25,0.4,0.4
227.615,90,89.5,-2.8653321266174316,1.25,0.4,0.4
227.635,90,90,-43.48833084106445,1.25,0.4,0.4
227.655,90,90,-3.488332509994507,1.25,0.4,0.4
227.675,90,90,-3.488332509994507,1.25,0.4,0.4
227.695,90,90,-3.488332509994507,1.25,0.4,0.4
227.715,90,90.5,-44,1.25,0.4,0.4
227.735,90,90,-3.4893321990966797,1.25,0.4,0.4
227.755,90,90,-3.4893321990966797,1.25,0.4,0.4
227.775,90,90,-3.4893321990966797,1.25,0.4,0.4
227.795,90,90,-3.4893321990966797,1.25,0.4,0.4
227.815,90,90.5,-4.117331504821777,1.25,0.4,0.4
227.835,90,90.5,-4.121331214904785,1.25,0.4,0.4
227.855,90,90,-3.497330904006958,1.25,0.4,0.4
227.875,90,90,-3.497330904006958,1.25,0.4,0.4
227.895,90,90,-3.497330904006958,1.25,0.4,0.4
227.915,90,90,-3.497330904006958,1.25,0.4,0.4
227.935,90,90,-3.497330904006958,1.25,0.4,0.4
227.955,90,90,-3.497330904006958,1.25,0.4,0.4
227.975,90,90.5,-4.124330520629883,1.25,0.4,0.4
227.995,90,90.5,-4.128330230712891,1.25,0.4,0.4
228.015,90,90.5,-4.132328987121582,1.25,0.4,0.4
228.035,90,90,-3.507329225540161,1.25,0.4,0.4
228.055,90,90.5,-4.134328842163086,1.25,0.4,0.4
228.075,90,90.5,-4.138328552246094,1.25,0.4,0.4
228.095,90,90.5,-4.142327308654785,1.25,0.4,0.4
228.115,90,91,-4.774327278137207,1.25,0.4,0.4
228.135,90,91,-4.782327651977539,1.25,0.4,0.4
228.155,90,91,-4.790328025817871,1.25,0.4,0.4
228.175,90,91.5,-5.425327777862549,1.25,0.4,0.4
228.195,90,91.5,-5.4373273849487305,1.25,0.4,0.4
228.215,90,91.5,-5.449326515197754,1.25,0.4,0.4
228.235,90,91.5,-5.461326599121094,1.25,0.4,0.4
228.255,90,91.5,-5.473325729370117,1.25,0.4,0.4
228.275,90,91.5,-5.485325336456299,1.25,0.4,0.4
228.295,90,92,-6.1253252029418945,1.25,0.4,0.4
228.315,90,91.5,-5.513325214385986,1.25,0.4,0.4
228.335,90,91.5,-5.525324821472168,1.25,0.4,0.4
228.355,90,91,-4.910324573516846,1.25,0.4,0.4
228.375,90,90.5,-4.2903242111206055,1.25,0.4,0.4
228.395,90,90,-3.6663239002227783,1.25,0.4,0.4
228.415,90,90,-3.6663239002227783,1.25,0.4,0.4
228.435,90,90,-3.6663239002227783,1.25,0.4,0.4
228.455,90,90.5,-4.293323516845703,1.25,0.4,0.4
228.475,90,90.5,-4.297323226928711,1.25,0.4,0.4
228.495,90,90.5,-4.301321983337402,1.25,0.4,0.4