t (s),r (°),x (°),u_in (°),Kp,Ki,Kd
85.355,90,92.5,-4.75,1.9,0,0.2
85.375,90,92,16.200000762939453,1.9,0,0.2
85.395,90,92,-3.799999952316284,1.9,0,0.2
85.415,90,92,-3.799999952316284,1.9,0,0.2
85.435,90,92.5,-4.75,1.9,0,0.2
85.455,90,93,-5.699999809265137,1.9,0,0.2
85.475,90,92.5,15.25,1.9,0,0.2
85.495,90,92.5,-4.75,1.9,0,0.2
85.515,90,92.5,-4.75,1.9,0,0.2
85.535,90,92.5,-4.75,1.9,0,0.2
85.555,90,92.5,-4.75,1.9,0,0.2
85.575,90,92.5,-4.75,1.9,0,0.2
85.595,90,92.5,-4.75,1.9,0,0.2
85.615,90,92.5,15.25,1.9,0,0.2
85.635,90,92.5,-4.75,1.9,0,0.2
85.655,90,92.5,-4.75,1.9,0,0.2
85.675,90,92.5,-4.75,1.9,0,0.2
85.695,90,93,-5.699999809265137,1.9,0,0.2
85.715,90,93,-5.699999809265137,1.9,0,0.2
85.735,90,93,-5.699999809265137,1.9,0,0.2
85.755,90,93,-4.75,1.9,0,0.2
85.775,90,93,-5.699999809265137,1.9,0,0.2
85.795,90,93,-5.699999809265137,1.9,0,0.2
85.815,90,93,-5.699999809265137,1.9,0,0.2
85.835,90,93,14.300000190734863,1.9,0,0.2
85.855,90,93,-5.699999809265137,1.9,0,0.2
85.875,90,93,-5.699999809265137,1.9,0,0.2
85.895,90,93,-5.699999809265137,1.9,0,0.2
85.915,90,93,-5.699999809265137,1.9,0,0.2
85.935,90,92.5,-4.75,1.9,0,0.2
85.955,90,92.5,-4.75,1.9,0,0.2
85.975,90,93,-25.700000762939453,1.9,0,0.2
85.995,90,93,-5.699999809265137,1.9,0,0.2
86.015,90,93,-5.699999809265137,1.9,0,0.2
86.035,90,93,-5.699999809265137,1.9,0,0.2
86.055,90,93,-5.699999809265137,1.9,0,0.2
86.075,90,93,-5.699999809265137,1.9,0,0.2
86.095,90,92.5,15.25,1.9,0,0.2
86.115,90,92.5,-4.75,1.9,0,0.2
86.135,90,92.5,-24.75,1.9,0,0.2
86.155,90,92,-3.799999952316284,1.9,0,0.2
86.175,90,92.5,-4.75,1.9,0,0.2
86.195,90,92.5,-4.75,1.9,0,0.2
86.215,90,93,-25.700000762939453,1.9,0,0.2
86.235,90,93,-5.699999809265137,1.9,0,0.2
86.255,90,93,-5.699999809265137,1.9,0,0.2
86.275,90,93,-5.699999809265137,1.9,0,0.2
86.295,90,92,16.200000762939453,1.9,0,0.2
86.315,90,92,-3.799999952316284,1.9,0,0.2
86.335,90,92,-3.799999952316284,1.9,0,0.2
86.355,90,92.5,-24.75,1.9,0,0.2
86.375,90,92.5,-4.75,1.9,0,0.2
86.395,90,93,-5.699999809265137,1.9,0,0.2
86.415,90,92.5,15.25,1.9,0,0.2
86.435,90,92.5,-4.75,1.9,0,0.2
86.455,90,92.5,-4.75,1.9,0,0.2
86.475,90,93,-5.699999809265137,1.9,0,0.2
86.495,90,93,-5.699999809265137,1.9,0,0.2
86.515,90,93,-5.699999809265137,1.9,0,0.2
86.535,90,93,-5.699999809265137,1.9,0,0.2
86.555,90,93,-5.699999809265137,1.9,0,0.2
86.575,90,93,-5.699999809265137,1.9,0,0.2
86.595,90,93,-5.699999809265137,1.9,0,0.2
86.615,90,93,-5.699999809265137,1.9,0,0.2
86.635,90,93,-5.699999809265137,1.9,0,0.2
86.655,90,92.5,15.25,1.9,0,0.2
86.675,90,92,-3.799999952316284,1.9,0,0.2
86.695,90,92,-3.799999952316284,1.9,0,0.2
86.715,90,92,-3.799999952316284,1.9,0,0.2
86.735,90,92.5,-24.75,1.9,0,0.2
86.755,90,92.5,-4.75,1.9,0,0.2
86.775,90,92.5,-4.75,1.9,0,0.2
86.795,90,92.5,-4.75,1.9,0,0.2
86.815,90,92.5,-4.75,1.9,0,0.2
86.835,90,92.5,-4.75,1.9,0,0.2
86.855,90,92.5,-4.75,1.9,0,0.2
86.875,90,93,-5.699999809265137,1.9,0,0.2
86.895,90,93,-5.699999809265137,1.9,0,0.2
86.915,90,93,-5.699999809265137,1.9,0,0.2
86.935,90,93,-5.699999809265137,1.9,0,0.2
86.955,90,93,-5.699999809265137,1.9,0,0.2
86.975,90,92.5,15.25,1.9,0,0.2
86.995,90,93,-5.699999809265137,1.9,0,0.2
87.015,90,93,-5.699999809265137,1.9,0,0.2
87.035,90,92.5,-4.75,1.9,0,0.2
87.055,90,92.5,-4.75,1.9,0,0.2
87.075,90,92.5,-4.75,1.9,0,0.2
87.095,90,92.5,-4.75,1.9,0,0.2
87.115,90,92.5,-4.75,1.9,0,0.2
87.135,90,93,-25.700000762939453,1.9,0,0.2
87.155,90,92.5,-4.75,1.9,0,0.2
87.175,90,92.5,-4.75,1.9,0,0.2
87.195,90,93,-5.699999809265137,1.9,0,0.2
87.215,90,93,-5.699999809265137,1.9,0,0.2
87.235,90,93,-5.699999809265137,1.9,0,0.2
87.255,90,93,-5.699999809265137,1.9,0,0.2
87.275,90,93,-5.699999809265137,1.9,0,0.2
87.295,90,93,-5.699999809265137,1.9,0,0.2
87.315,90,92.5,-4.75,1.9,0,0.2
87.335,90,92.5,-4.75,1.9,0,0.2
87.355,90,93,-5.699999809265137,1.9,0,0.2
87.375,90,93,-5.699999809265137,1.9,0,0.2
87.395,90,93,-5.699999809265137,1.9,0,0.2
87.415,90,93,-5.699999809265137,1.9,0,0.2
87.435,90,93,-5.699999809265137,1.9,0,0.2
87.455,90,93,-5.699999809265137,1.9,0,0.2
87.475,90,92,16.200000762939453,1.9,0,0.2
87.495,90,92,-3.799999952316284,1.9,0,0.2
87.515,90,92,-3.799999952316284,1.9,0,0.2
87.535,90,92,-3.799999952316284,1.9,0,0.2
87.555,90,92,-3.799999952316284,1.9,0,0.2
87.575,90,92.5,-4.75,1.9,0,0.2
87.595,90,93,-5.699999809265137,1.9,0,0.2
87.615,90,92.5,15.25,1.9,0,0.2
87.635,90,92.5,-4.75,1.9,0,0.2
87.655,90,92.5,-4.75,1.9,0,0.2
87.675,90,93,-5.699999809265137,1.9,0,0.2
87.695,90,93,-5.699999809265137,1.9,0,0.2
87.715,90,92.5,-4.75,1.9,0,0.2
87.735,90,92.5,-4.75,1.9,0,0.2
87.755,90,92.5,-4.75,1.9,0,0.2
87.775,90,92,16.200000762939453,1.9,0,0.2
87.795,90,92,-3.799999952316284,1.9,0,0.2
87.815,90,92.5,-4.75,1.9,0,0.2
87.835,90,93,-5.699999809265137,1.9,0,0.2
87.855,90,93,-5.699999809265137,1.9,0,0.2
87.875,90,93,-5.699999809265137,1.9,0,0.2
87.895,90,92.5,15.25,1.9,0,0.2
87.915,90,92,-3.799999952316284,1.9,0,0.2
87.935,90,92,-3.799999952316284,1.9,0,0.2
87.955,90,92,-3.799999952316284,1.9,0,0.2
87.975,90,92.5,-4.75,1.9,0,0.2
87.995,90,92,16.200000762939453,1.9,0,0.2
88.015,90,92,-3.799999952316284,1.9,0,0.2
88.035,90,92,-3.799999952316284,1.9,0,0.2
88.055,90,92.5,-4.75,1.9,0,0.2
88.075,90,92.5,15.25,1.9,0,0.2
88.095,90,92.5,-4.75,1.9,0,0.2
88.115,90,93,-25.700000762939453,1.9,0,0.2
88.135,90,92.5,15.25,1.9,0,0.2
88.155,90,92,16.200000762939453,1.9,0,0.2
88.175,90,92.5,-4.75,1.9,0,0.2
88.195,90,92.5,-4.75,1.9,0,0.2
88.215,90,92.5,-4.75,1.9,0,0.2
88.235,90,92.5,-4.75,1.9,0,0.2
88.255,90,92.5,-4.75,1.9,0,0.2
88.275,90,92.5,-4.75,1.9,0,0.2
88.295,90,92,-3.799999952316284,1.9,0,0.2
88.315,90,92,-3.799999952316284,1.9,0,0.2
88.335,90,92.5,-4.75,1.9,0,0.2
88.355,90,93,-5.699999809265137,1.9,0,0.2
88.375,90,92.5,-4.75,1.9,0,0.2
88.395,90,92.5,-4.75,1.9,0,0.2
88.415,90,92.5,-4.75,1.9,0,0.2
88.435,90,93,-5.699999809265137,1.9,0,0.2
88.455,90,93.5,-26.649999618530273,1.9,0,0.2
88.475,90,93.5,-6.650000095367432,1.9,0,0.2
88.495,90,93.5,-6.650000095367432,1.9,0,0.2
88.515,90,93.5,-26.649999618530273,1.9,0,0.2
88.535,90,93.5,-6.650000095367432,1.9,0,0.2
88.555,90,93.5,-6.650000095367432,1.9,0,0.2
88.575,90,93.5,-6.650000095367432,1.9,0,0.2
88.595,90,93,14.300000190734863,1.9,0,0.2
88.615,90,93,-5.699999809265137,1.9,0,0.2
88.635,90,93,-5.699999809265137,1.9,0,0.2
88.655,90,93,-5.699999809265137,1.9,0,0.2
88.675,90,93,-5.699999809265137,1.9,0,0.2
88.695,90,93.5,-6.650000095367432,1.9,0,0.2
88.715,90,93.5,-6.650000095367432,1.9,0,0.2
88.735,90,93.5,-6.650000095367432,1.9,0,0.2
88.755,90,93.5,-6.650000095367432,1.9,0,0.2
88.775,90,93,14.300000190734863,1.9,0,0.2
88.795,90,93,-5.699999809265137,1.9,0,0.2
88.815,90,93.5,-6.650000095367432,1.9,0,0.2
88.835,90,93.5,-6.650000095367432,1.9,0,0.2
88.855,90,94,-27.600000381469727,1.9,0,0.2
88.875,90,93.5,13.350000381469727,1.9,0,0.2
88.895,90,93.5,-6.650000095367432,1.9,0,0.2
88.915,90,93.5,-6.650000095367432,1.9,0,0.2
88.935,90,93,-5.699999809265137,1.9,0,0.2
88.955,90,93,-5.699999809265137,1.9,0,0.2
88.975,90,93,-5.699999809265137,1.9,0,0.2
88.995,90,93,-5.699999809265137,1.9,0,0.2
89.015,90,93,-5.699999809265137,1.9,0,0.2
89.035,90,92.5,15.25,1.9,0,0.2
89.055,90,92,-3.799999952316284,1.9,0,0.2
89.075,90,92.5,-4.75,1.9,0,0.2
89.095,90,93,-25.700000762939453,1.9,0,0.2
89.115,90,93,-5.699999809265137,1.9,0,0.2
89.135,90,93,-5.699999809265137,1.9,0,0.2
89.155,90,93,-5.699999809265137,1.9,0,0.2
89.175,90,93,-5.699999809265137,1.9,0,0.2
89.195,90,93.5,-6.650000095367432,1.9,0,0.2
89.215,90,93.5,-6.650000095367432,1.9,0,0.2
89.235,90,93.5,-6.650000095367432,1.9,0,0.2
89.255,90,93,14.300000190734863,1.9,0,0.2
89.275,90,92.5,15.25,1.9,0,0.2
89.295,90,92.5,-4.75,1.9,0,0.2
89.315,90,92.5,-4.75,1.9,0,0.2
89.335,90,92.5,-4.75,1.9,0,0.2
89.355,90,92.5,-4.75,1.9,0,0.2
89.375,90,92,16.200000762939453,1.9,0,0.2
89.395,90,92,-3.799999952316284,1.9,0,0.2
89.415,90,92.5,-24.75,1.9,0,0.2
89.435,90,93,-25.700000762939453,1.9,0,0.2
89.455,90,93,-5.699999809265137,1.9,0,0.2
89.475,90,93.5,-6.650000095367432,1.9,0,0.2
89.495,90,93.5,-6.650000095367432,1.9,0,0.2
89.515,90,94,-7.599999904632568,1.9,0,0.2
89.535,90,94,-7.599999904632568,1.9,0,0.2
89.555,90,94.5,-8.550000190734863,1.9,0,0.2
89.575,90,94.5,-8.550000190734863,1.9,0,0.2
89.595,90,95,-29.5,1.9,0,0.2
89.615,90,94.5,-8.550000190734863,1.9,0,0.2
89.635,90,94,-7.599999904632568,1.9,0,0.2
89.655,90,94,-7.599999904632568,1.9,0,0.2
89.675,90,93.5,-6.650000095367432,1.9,0,0.2
89.695,90,93.5,-6.650000095367432,1.9,0,0.2
89.715,90,93.5,-6.650000095367432,1.9,0,0.2
89.735,90,93.5,-6.650000095367432,1.9,0,0.2
89.755,90,93.5,-6.650000095367432,1.9,0,0.2
89.775,90,93.5,-6.650000095367432,1.9,0,0.2
89.795,90,93.5,-6.650000095367432,1.9,0,0.2
89.815,90,94,-7.599999904632568,1.9,0,0.2
89.835,90,94,-7.599999904632568,1.9,0,0.2
89.855,90,94,-7.599999904632568,1.9,0,0.2
89.875,90,94,-7.599999904632568,1.9,0,0.2
89.895,90,94,-7.599999904632568,1.9,0,0.2
89.915,90,94,-7.599999904632568,1.9,0,0.2
89.935,90,94,-7.599999904632568,1.9,0,0.2
89.955,90,94,-7.599999904632568,1.9,0,0.2
89.975,90,94,-7.599999904632568,1.9,0,0.2
89.995,90,94.5,-8.550000190734863,1.9,0,0.2
90.015,0,94,-44,1.9,0,0.2
90.035,0,93.5,-44,1.9,0,0.2
90.055,0,92,-44,1.9,0,0.2
90.075,0,90,-44,1.9,0,0.2
90.095,0,87,-44,1.9,0,0.2
90.115,0,83.5,-44,1.9,0,0.2
90.135,0,79,-44,1.9,0,0.2
90.155,0,73.5,-44,1.9,0,0.2
90.175,0,68,-44,1.9,0,0.2
90.195,0,62,-37.79999542236328,1.9,0,0.2
90.215,0,55.5,-25.449996948242188,1.9,0,0.2
90.235,0,48,-11.199996948242188,1.9,0,0.2
90.255,0,40.5,3.0500030517578125,1.9,0,0.2
90.275,0,33,17.299999237060547,1.9,0,0.2
90.295,0,25.5,31.549999237060547,1.9,0,0.2
90.315,0,19.5,22.950000762939453,1.9,0,0.2
90.335,0,15,11.5,1.9,0,0.2
90.355,0,11.5,-22.799999237060547,1.9,0,0.2
90.375,0,9.5,1.9500007629394531,1.9,0,0.2
90.395,0,8,-15.199999809265137,1.9,0,0.2
90.415,0,7.5,-14.25,1.9,0,0.2
90.435,0,6,28.600000381469727,1.9,0,0.2
90.455,0,5.5,-10.449999809265137,1.9,0,0.2
90.475,0,4,32.400001525878906,1.9,0,0.2
90.495,0,3.5,13.350000381469727,1.9,0,0.2
90.515,0,3,-5.699999809265137,1.9,0,0.2
90.535,0,2,-3.799999952316284,1.9,0,0.2
90.555,0,2,-3.799999952316284,1.9,0,0.2
90.575,0,2,-3.799999952316284,1.9,0,0.2
90.595,0,2,-3.799999952316284,1.9,0,0.2
90.615,0,3,-5.699999809265137,1.9,0,0.2
90.635,0,3,-5.699999809265137,1.9,0,0.2
90.655,0,3,-5.699999809265137,1.9,0,0.2
90.675,0,2.5,-4.75,1.9,0,0.2
90.695,0,2,-3.799999952316284,1.9,0,0.2
90.715,0,2.5,-4.75,1.9,0,0.2
90.735,0,3,-5.699999809265137,1.9,0,0.2
90.755,0,3,-5.699999809265137,1.9,0,0.2
90.775,0,3,-5.699999809265137,1.9,0,0.2
90.795,0,3,-5.699999809265137,1.9,0,0.2
90.815,0,3,-5.699999809265137,1.9,0,0.2
90.835,0,2.5,15.25,1.9,0,0.2
90.855,0,2,-3.799999952316284,1.9,0,0.2
90.875,0,2.5,-24.75,1.9,0,0.2
90.895,0,3,-5.699999809265137,1.9,0,0.2
90.915,0,2.5,15.25,1.9,0,0.2
90.935,0,2,-3.799999952316284,1.9,0,0.2
90.955,0,2,-3.799999952316284,1.9,0,0.2
90.975,0,2,-3.799999952316284,1.9,0,0.2
90.995,0,2,-3.799999952316284,1.9,0,0.2
91.015,0,2,-3.799999952316284,1.9,0,0.2
91.035,0,2,-3.799999952316284,1.9,0,0.2
91.055,0,2,-3.799999952316284,1.9,0,0.2
91.075,0,2,-3.799999952316284,1.9,0,0.2
91.095,0,2,-3.799999952316284,1.9,0,0.2
91.115,0,2,-3.799999952316284,1.9,0,0.2
91.135,0,3,-25.700000762939453,1.9,0,0.2
91.155,0,3,-5.699999809265137,1.9,0,0.2
91.175,0,3,-5.699999809265137,1.9,0,0.2
91.195,0,2.5,15.25,1.9,0,0.2
91.215,0,2,-3.799999952316284,1.9,0,0.2
91.235,0,2,-3.799999952316284,1.9,0,0.2
91.255,0,2,-3.799999952316284,1.9,0,0.2
91.275,0,2,-3.799999952316284,1.9,0,0.2
91.295,0,2,-3.799999952316284,1.9,0,0.2
91.315,0,3,-25.700000762939453,1.9,0,0.2
91.335,0,3,-5.699999809265137,1.9,0,0.2
91.355,0,3,-5.699999809265137,1.9,0,0.2
91.375,0,3,-5.699999809265137,1.9,0,0.2
91.395,0,2.5,15.25,1.9,0,0.2
91.415,0,2.5,15.25,1.9,0,0.2
91.435,0,2,16.200000762939453,1.9,0,0.2
91.455,0,2,-3.799999952316284,1.9,0,0.2
91.475,0,3,-25.700000762939453,1.9,0,0.2
91.495,0,3,-5.699999809265137,1.9,0,0.2
91.515,0,3,-5.699999809265137,1.9,0,0.2
91.535,0,2,-4.75,1.9,0,0.2
91.555,0,2,-3.799999952316284,1.9,0,0.2
91.575,0,2.5,-4.75,1.9,0,0.2
91.595,0,3,-5.699999809265137,1.9,0,0.2
91.615,0,2,16.200000762939453,1.9,0,0.2
91.635,0,2,-3.799999952316284,1.9,0,0.2
91.655,0,2.5,-24.75,1.9,0,0.2
91.675,0,3,-5.699999809265137,1.9,0,0.2
91.695,0,3.5,-6.650000095367432,1.9,0,0.2
91.715,0,3.5,-6.650000095367432,1.9,0,0.2
91.735,0,3.5,-6.650000095367432,1.9,0,0.2
91.755,0,3.5,-6.650000095367432,1.9,0,0.2
91.775,0,3,-5.699999809265137,1.9,0,0.2
91.795,0,3,-5.699999809265137,1.9,0,0.2
91.815,0,2.5,15.25,1.9,0,0.2
91.835,0,2,-3.799999952316284,1.9,0,0.2
91.855,0,2,-3.799999952316284,1.9,0,0.2
91.875,0,2,-3.799999952316284,1.9,0,0.2
91.895,0,2.5,-4.75,1.9,0,0.2
91.915,0,2.5,-4.75,1.9,0,0.2
91.935,0,2,-3.799999952316284,1.9,0,0.2
91.955,0,2,-3.799999952316284,1.9,0,0.2
91.975,0,2,-3.799999952316284,1.9,0,0.2
91.995,0,2,-3.799999952316284,1.9,0,0.2
92.015,0,2.5,-24.75,1.9,0,0.2
92.035,0,3,-5.699999809265137,1.9,0,0.2
92.055,0,3,-5.699999809265137,1.9,0,0.2
92.075,0,3,-5.699999809265137,1.9,0,0.2
92.095,0,3,-5.699999809265137,1.9,0,0.2
92.115,0,3,-5.699999809265137,1.9,0,0.2
92.135,0,3,-5.699999809265137,1.9,0,0.2
92.155,0,3,-5.699999809265137,1.9,0,0.2
92.175,0,3,-5.699999809265137,1.9,0,0.2
92.195,0,3,-5.699999809265137,1.9,0,0.2
92.215,0,3,-5.699999809265137,1.9,0,0.2
92.235,0,3.5,-6.650000095367432,1.9,0,0.2
92.255,0,3.5,-6.650000095367432,1.9,0,0.2
92.275,0,3.5,-6.650000095367432,1.9,0,0.2
92.295,0,3,14.300000190734863,1.9,0,0.2
92.315,0,3,-5.699999809265137,1.9,0,0.2
92.335,0,2.5,-4.75,1.9,0,0.2
92.355,0,2,-3.799999952316284,1.9,0,0.2
92.375,0,2.5,-24.75,1.9,0,0.2
92.395,0,3,-5.699999809265137,1.9,0,0.2
92.415,0,3,-5.699999809265137,1.9,0,0.2
92.435,0,3,-5.699999809265137,1.9,0,0.2
92.455,0,3.5,-26.649999618530273,1.9,0,0.2
92.475,0,3.5,-6.650000095367432,1.9,0,0.2
92.495,0,3.5,-6.650000095367432,1.9,0,0.2
92.515,0,3,-5.699999809265137,1.9,0,0.2
92.535,0,3,-5.699999809265137,1.9,0,0.2
92.555,0,2,-4.75,1.9,0,0.2
92.575,0,2,-3.799999952316284,1.9,0,0.2
92.595,0,2,-3.799999952316284,1.9,0,0.2
92.615,0,1.5,-2.8499999046325684,1.9,0,0.2
92.635,0,1.5,-2.8499999046325684,1.9,0,0.2
92.655,0,1.5,-2.8499999046325684,1.9,0,0.2
92.675,0,1.5,-2.8499999046325684,1.9,0,0.2
92.695,0,2,-3.799999952316284,1.9,0,0.2
92.715,0,2,-3.799999952316284,1.9,0,0.2
92.735,0,3,-25.700000762939453,1.9,0,0.2
92.755,0,3,-5.699999809265137,1.9,0,0.2
92.775,0,3.5,-26.649999618530273,1.9,0,0.2
92.795,0,3.5,-6.650000095367432,1.9,0,0.2
92.815,0,3.5,-6.650000095367432,1.9,0,0.2
92.835,0,3.5,-6.650000095367432,1.9,0,0.2
92.855,0,4,-7.599999904632568,1.9,0,0.2
92.875,0,4,-7.599999904632568,1.9,0,0.2
92.895,0,4.5,-8.550000190734863,1.9,0,0.2
92.915,0,4,-7.599999904632568,1.9,0,0.2
92.935,0,4,-7.599999904632568,1.9,0,0.2
92.955,0,4,-7.599999904632568,1.9,0,0.2
92.975,0,4,-27.600000381469727,1.9,0,0.2
92.995,0,3.5,-6.650000095367432,1.9,0,0.2
93.015,0,3.5,-6.650000095367432,1.9,0,0.2
93.035,0,3,-5.699999809265137,1.9,0,0.2
93.055,0,2,-3.799999952316284,1.9,0,0.2
93.075,0,2,-3.799999952316284,1.9,0,0.2
93.095,0,2,-3.799999952316284,1.9,0,0.2
93.115,0,1.5,-2.8499999046325684,1.9,0,0.2
93.135,0,1.5,-2.8499999046325684,1.9,0,0.2
93.155,0,1.5,-2.8499999046325684,1.9,0,0.2
93.175,0,1.5,-2.8499999046325684,1.9,0,0.2
93.195,0,1.5,-2.8499999046325684,1.9,0,0.2
93.215,0,2,-3.799999952316284,1.9,0,0.2
93.235,0,2,-3.799999952316284,1.9,0,0.2
93.255,0,2,-3.799999952316284,1.9,0,0.2
93.275,0,2,-3.799999952316284,1.9,0,0.2
93.295,0,2.5,-24.75,1.9,0,0.2
93.315,0,3,-5.699999809265137,1.9,0,0.2
93.335,0,3,-5.699999809265137,1.9,0,0.2
93.355,0,3,-5.699999809265137,1.9,0,0.2
93.375,0,3,-5.699999809265137,1.9,0,0.2
93.395,0,2,-3.799999952316284,1.9,0,0.2
93.415,0,2,-3.799999952316284,1.9,0,0.2
93.435,0,2,-3.799999952316284,1.9,0,0.2
93.455,0,2,-3.799999952316284,1.9,0,0.2
93.475,0,2,-3.799999952316284,1.9,0,0.2
93.495,0,3,-5.699999809265137,1.9,0,0.2
93.515,0,3.5,-6.650000095367432,1.9,0,0.2
93.535,0,4,-27.600000381469727,1.9,0,0.2
93.555,0,4,-7.599999904632568,1.9,0,0.2
93.575,0,4,-7.599999904632568,1.9,0,0.2
93.595,0,4,-7.599999904632568,1.9,0,0.2
93.615,0,4,-7.599999904632568,1.9,0,0.2
93.635,0,4,-7.599999904632568,1.9,0,0.2
93.655,0,4,-7.599999904632568,1.9,0,0.2
93.675,0,3.5,13.350000381469727,1.9,0,0.2
93.695,0,3.5,-6.650000095367432,1.9,0,0.2
93.715,0,3.5,-6.650000095367432,1.9,0,0.2
93.735,0,4,-7.599999904632568,1.9,0,0.2
93.755,0,4,-7.599999904632568,1.9,0,0.2
93.775,0,4,-27.600000381469727,1.9,0,0.2
93.795,0,4,-7.599999904632568,1.9,0,0.2
93.815,0,4,-7.599999904632568,1.9,0,0.2
93.835,0,3.5,-6.650000095367432,1.9,0,0.2
93.855,0,3.5,-6.650000095367432,1.9,0,0.2
93.875,0,3.5,-6.650000095367432,1.9,0,0.2
93.895,0,4,-27.600000381469727,1.9,0,0.2
93.915,0,3.5,13.350000381469727,1.9,0,0.2
93.935,0,3.5,-6.650000095367432,1.9,0,0.2
93.955,0,3,-5.699999809265137,1.9,0,0.2
93.975,0,3,-5.699999809265137,1.9,0,0.2
93.995,0,3,-5.699999809265137,1.9,0,0.2
94.015,0,3,-5.699999809265137,1.9,0,0.2
94.035,0,3,-5.699999809265137,1.9,0,0.2
94.055,0,3,-5.699999809265137,1.9,0,0.2
94.075,0,3,-5.699999809265137,1.9,0,0.2
94.095,0,3,-5.699999809265137,1.9,0,0.2
94.115,0,3,-5.699999809265137,1.9,0,0.2
94.135,0,2.5,-4.75,1.9,0,0.2
94.155,0,2,-3.799999952316284,1.9,0,0.2
94.175,0,2,-3.799999952316284,1.9,0,0.2
94.195,0,2.5,-4.75,1.9,0,0.2
94.215,0,2.5,-4.75,1.9,0,0.2
94.235,0,3,-5.699999809265137,1.9,0,0.2
94.255,0,3,-5.699999809265137,1.9,0,0.2
94.275,0,3,-5.699999809265137,1.9,0,0.2
94.295,0,3,-5.699999809265137,1.9,0,0.2
94.315,0,3,-5.699999809265137,1.9,0,0.2
94.335,0,3,-5.699999809265137,1.9,0,0.2
94.355,0,3,-5.699999809265137,1.9,0,0.2
94.375,0,3.5,-6.650000095367432,1.9,0,0.2
94.395,0,3,-5.699999809265137,1.9,0,0.2
94.415,0,3,-5.699999809265137,1.9,0,0.2
94.435,0,3,-5.699999809265137,1.9,0,0.2
94.455,0,3,-5.699999809265137,1.9,0,0.2
94.475,0,3,-5.699999809265137,1.9,0,0.2
94.495,0,3,-5.699999809265137,1.9,0,0.2
94.515,0,3.5,-6.650000095367432,1.9,0,0.2
94.535,0,3.5,-6.650000095367432,1.9,0,0.2
94.555,0,4,-7.599999904632568,1.9,0,0.2
94.575,0,3.5,-6.650000095367432,1.9,0,0.2
94.595,0,3.5,-6.650000095367432,1.9,0,0.2
94.615,0,3.5,-6.650000095367432,1.9,0,0.2
94.635,0,3.5,-6.650000095367432,1.9,0,0.2
94.655,0,3.5,-6.650000095367432,1.9,0,0.2
94.675,0,3.5,-6.650000095367432,1.9,0,0.2
94.695,0,3.5,-6.650000095367432,1.9,0,0.2
94.715,0,4,-7.599999904632568,1.9,0,0.2
94.735,0,4,-7.599999904632568,1.9,0,0.2
94.755,0,4,-7.599999904632568,1.9,0,0.2
94.775,0,4,-7.599999904632568,1.9,0,0.2
94.795,0,3.5,-6.650000095367432,1.9,0,0.2
94.815,0,3,-5.699999809265137,1.9,0,0.2
94.835,0,2,16.200000762939453,1.9,0,0.2
94.855,0,2,-3.799999952316284,1.9,0,0.2
94.875,0,2,-3.799999952316284,1.9,0,0.2
94.895,0,2,-3.799999952316284,1.9,0,0.2
94.915,0,2,-3.799999952316284,1.9,0,0.2
94.935,0,2,-3.799999952316284,1.9,0,0.2
94.955,0,2,-3.799999952316284,1.9,0,0.2
94.975,0,2.5,-4.75,1.9,0,0.2
94.995,0,3,-5.699999809265137,1.9,0,0.2
95.015,0,3,-5.699999809265137,1.9,0,0.2
95.035,0,2.5,-4.75,1.9,0,0.2
95.055,0,2,-3.799999952316284,1.9,0,0.2
95.075,0,2,-3.799999952316284,1.9,0,0.2
95.095,0,2,-3.799999952316284,1.9,0,0.2
95.115,0,2,-3.799999952316284,1.9,0,0.2
95.135,0,2,-3.799999952316284,1.9,0,0.2
95.155,0,2,-3.799999952316284,1.9,0,0.2
95.175,0,2,-3.799999952316284,1.9,0,0.2
95.195,0,2,-3.799999952316284,1.9,0,0.2
95.215,0,2,-3.799999952316284,1.9,0,0.2
95.235,0,2,-3.799999952316284,1.9,0,0.2
95.255,0,2,-3.799999952316284,1.9,0,0.2
95.275,0,3,-5.699999809265137,1.9,0,0.2
95.295,0,3,-5.699999809265137,1.9,0,0.2
95.315,0,3,-5.699999809265137,1.9,0,0.2
95.335,0,2,-3.799999952316284,1.9,0,0.2
95.355,0,2,-3.799999952316284,1.9,0,0.2
95.375,0,2,-3.799999952316284,1.9,0,0.2
95.395,0,2,-3.799999952316284,1.9,0,0.2
95.415,0,2,-3.799999952316284,1.9,0,0.2
95.435,0,1.5,-2.8499999046325684,1.9,0,0.2
95.455,0,1.5,-2.8499999046325684,1.9,0,0.2
95.475,0,1,-1.899999976158142,1.9,0,0.2
95.495,0,1,-1.899999976158142,1.9,0,0.2
95.515,0,1,-1.899999976158142,1.9,0,0.2
95.535,0,1,-1.899999976158142,1.9,0,0.2
95.555,0,0.5,-0.949999988079071,1.9,0,0.2
95.575,0,0.5,-0.949999988079071,1.9,0,0.2
95.595,0,1,-1.899999976158142,1.9,0,0.2
95.615,0,1,-1.899999976158142,1.9,0,0.2
95.635,0,1.5,-2.8499999046325684,1.9,0,0.2
95.655,0,1,18.100000381469727,1.9,0,0.2
95.675,0,1,-1.899999976158142,1.9,0,0.2
95.695,0,0.5,19.049999237060547,1.9,0,0.2
95.715,0,0,0,1.9,0,0.2
95.735,0,0.5,-0.949999988079071,1.9,0,0.2
95.755,0,1,-1.899999976158142,1.9,0,0.2
95.775,0,1,-1.899999976158142,1.9,0,0.2
95.795,0,0.5,-0.949999988079071,1.9,0,0.2
95.815,0,0,0,1.9,0,0.2
95.835,0,0,0,1.9,0,0.2
95.855,0,0,0,1.9,0,0.2
95.875,0,0,0,1.9,0,0.2
95.895,0,0,0,1.9,0,0.2
95.915,0,1,-1.899999976158142,1.9,0,0.2
95.935,0,1.5,-22.850000381469727,1.9,0,0.2
95.955,0,1.5,-2.8499999046325684,1.9,0,0.2
95.975,0,1.5,-2.8499999046325684,1.9,0,0.2
95.995,0,2,-3.799999952316284,1.9,0,0.2
96.015,0,2,-3.799999952316284,1.9,0,0.2
96.035,0,2,-3.799999952316284,1.9,0,0.2
96.055,0,1.5,-2.8499999046325684,1.9,0,0.2
96.075,0,1.5,-2.8499999046325684,1.9,0,0.2
96.095,0,1.5,-2.8499999046325684,1.9,0,0.2
96.115,0,1.5,-2.8499999046325684,1.9,0,0.2
96.135,0,1,-1.899999976158142,1.9,0.05,0.2
96.155,0,1,-1.899999976158142,1.9,0.05,0.2
96.175,0,1.5,-2.850374937057495,1.9,0.05,0.2
96.195,0,2,-23.802000045776367,1.9,0.05,0.2
96.215,0,2,-3.803999900817871,1.9,0.05,0.2
96.235,0,2,-3.805999994277954,1.9,0.05,0.2
96.255,0,2,-3.807999849319458,1.9,0.05,0.2
96.275,0,2,-3.809999942779541,1.9,0.05,0.2
96.295,0,2,-3.812000036239624,1.9,0.05,0.2
96.315,0,3,-25.714750289916992,1.9,0.05,0.2
96.335,0,2,16.18262481689453,1.9,0.05,0.2
96.355,0,2,-3.8193750381469727,1.9,0.05,0.2
96.375,0,1,-1.9206249713897705,1.9,0.05,0.2
96.395,0,0,19.978750228881836,1.9,0.05,0.2
96.415,0,0,-0.02124999277293682,1.9,0.05,0.2
96.435,0,0,-0.02124999277293682,1.9,0.05,0.2
96.455,0,0.5,-20.97137451171875,1.9,0.05,0.2
96.475,0,1,-1.9222499132156372,1.9,0.05,0.2
96.495,0,1,-1.9232499599456787,1.9,0.05,0.2
96.515,0,1,-1.9242500066757202,1.9,0.05,0.2
96.535,0,1.5,-2.875499963760376,1.9,0.05,0.2
96.555,0,1.5,-2.876999855041504,1.9,0.05,0.2
96.575,0,1.5,-2.878499984741211,1.9,0.05,0.2
96.595,0,1.5,-2.879999876022339,1.9,0.05,0.2
96.615,0,1.5,-2.881500005722046,1.9,0.05,0.2
96.635,0,1.5,-2.882999897003174,1.9,0.05,0.2
96.655,0,1.5,-2.8844997882843018,1.9,0.05,0.2
96.675,0,2,-3.8363749980926514,1.9,0.05,0.2
96.695,0,2.5,-24.78849983215332,1.9,0.05,0.2
96.715,0,3,-5.741499900817871,1.9,0.05,0.2
96.735,0,3.5,-6.694875240325928,1.9,0.05,0.2
96.755,0,3.5,-6.698375225067139,1.9,0.05,0.2
96.775,0,3,-5.7513747215271,1.9,0.05,0.2
96.795,0,3,14.245500564575195,1.9,0.05,0.2
96.815,0,3,-5.757624626159668,1.9,0.05,0.2
96.835,0,3,-5.760624885559082,1.9,0.05,0.2
96.855,0,2.5,-4.813374996185303,1.9,0.05,0.2
96.875,0,2,-3.865499973297119,1.9,0.05,0.2
96.895,0,2,-3.867499828338623,1.9,0.05,0.2
96.915,0,2,-3.869499921798706,1.9,0.05,0.2
96.935,0,3,-5.771999835968018,1.9,0.05,0.2
96.955,0,3,-5.774999618530273,1.9,0.05,0.2
96.975,0,3,-5.7779998779296875,1.9,0.05,0.2
96.995,0,3.5,-6.731500148773193,1.9,0.05,0.2
97.015,0,3.5,-6.735000133514404,1.9,0.05,0.2
97.035,0,3.5,-6.738500118255615,1.9,0.05,0.2
97.055,0,3,-5.791749954223633,1.9,0.05,0.2
97.075,0,3,-5.794749736785889,1.9,0.05,0.2
97.095,0,3,-5.797749996185303,1.9,0.05,0.2
97.115,0,3,-5.800749778747559,1.9,0.05,0.2
97.135,0,3,-5.803750038146973,1.9,0.05,0.2
97.155,0,3,-5.8067498207092285,1.9,0.05,0.2
97.175,0,3,-5.809750080108643,1.9,0.05,0.2
97.195,0,2,16.087875366210938,1.9,0.05,0.2
97.215,0,2.5,-4.864624977111816,1.9,0.05,0.2
97.235,0,2.5,15.132625579833984,1.9,0.05,0.2
97.255,0,3,-25.820249557495117,1.9,0.05,0.2
97.275,0,2,-3.922374963760376,1.9,0.05,0.2
97.295,0,2,-3.924375057220459,1.9,0.05,0.2
97.315,0,2,-3.926375150680542,1.9,0.05,0.2
97.335,0,2,-3.928375005722046,1.9,0.05,0.2
97.355,0,2,-3.930375099182129,1.9,0.05,0.2
97.375,0,2,-3.932374954223633,1.9,0.05,0.2
97.395,0,2,-3.934375047683716,1.9,0.05,0.2
97.415,0,3,-5.837249755859375,1.9,0.05,0.2
97.435,0,3,-5.840250015258789,1.9,0.05,0.2
97.455,0,2,16.057125091552734,1.9,0.05,0.2
97.475,0,2,-3.9448750019073486,1.9,0.05,0.2
97.495,0,2,-23.946624755859375,1.9,0.05,0.2
97.515,0,1.5,-2.9981250762939453,1.9,0.05,0.2
97.535,0,2,-3.9498751163482666,1.9,0.05,0.2
97.555,0,2,-3.9518749713897705,1.9,0.05,0.2
97.575,0,2,-3.9538750648498535,1.9,0.05,0.2
97.595,0,2,-3.9558751583099365,1.9,0.05,0.2
97.615,0,2,-3.9578750133514404,1.9,0.05,0.2
97.635,0,2.5,-4.910250186920166,1.9,0.05,0.2
97.655,0,2.5,-24.912750244140625,1.9,0.05,0.2
97.675,0,2,-3.964750051498413,1.9,0.05,0.2
97.695,0,2,-3.966750144958496,1.9,0.05,0.2
97.715,0,2,-3.968625068664551,1.9,0.05,0.2
97.735,0,1.5,-3.020124912261963,1.9,0.05,0.2
97.755,0,2,-3.971874952316284,1.9,0.05,0.2
97.775,0,2,-3.973875045776367,1.9,0.05,0.2
97.795,0,2,-3.97587513923645,1.9,0.05,0.2
97.815,0,2,-3.977874994277954,1.9,0.05,0.2
97.835,0,2,-3.979875087738037,1.9,0.05,0.2
97.855,0,3,-5.882750034332275,1.9,0.05,0.2
97.875,0,3,-5.885749816894531,1.9,0.05,0.2
97.895,0,2.5,-4.938499927520752,1.9,0.05,0.2
97.915,0,2,-3.9906251430511475,1.9,0.05,0.2
97.935,0,3,-25.89299964904785,1.9,0.05,0.2
97.955,0,3,-5.895999908447266,1.9,0.05,0.2
97.975,0,3,-5.89900016784668,1.9,0.05,0.2
97.995,0,2,35.99824905395508,1.9,0.05,0.2
98.015,0,2,-4.003750324249268,1.9,0.05,0.2
98.035,0,2,-4.0057501792907715,1.9,0.05,0.2
98.055,0,2,-4.007750511169434,1.9,0.05,0.2
98.075,0,1.5,-3.059375286102295,1.9,0.05,0.2
98.095,0,1,-2.1105003356933594,1.9,0.05,0.2
98.115,0,0,-0.21062539517879486,1.9,0.05,0.2
98.135,0,0,-0.21062539517879486,1.9,0.05,0.2
98.155,0,1,-2.1115002632141113,1.9,0.05,0.2
98.175,0,2,-24.013126373291016,1.9,0.05,0.2
98.195,0,2,-4.015125274658203,1.9,0.05,0.2
98.215,0,2,-4.017125606536865,1.9,0.05,0.2
98.235,0,2,-4.019125461578369,1.9,0.05,0.2
98.255,0,2,-4.021125793457031,1.9,0.05,0.2
98.275,0,2,-4.023125648498535,1.9,0.05,0.2
98.295,0,2,-4.025125503540039,1.9,0.05,0.2
98.315,0,2,-4.027125835418701,1.9,0.05,0.2
98.335,0,2,-4.029125690460205,1.9,0.05,0.2
98.355,0,2,-4.031126022338867,1.9,0.05,0.2
98.375,0,1.5,-3.0826258659362793,1.9,0.05,0.2
98.395,0,1.5,-3.0841257572174072,1.9,0.05,0.2
98.415,0,1,17.864498138427734,1.9,0.05,0.2
98.435,0,1,-2.136500835418701,1.9,0.05,0.2
98.455,0,1.5,-3.088001012802124,1.9,0.05,0.2
98.475,0,1.5,-3.089500904083252,1.9,0.05,0.2
98.495,0,2,-4.041501045227051,1.9,0.05,0.2
98.515,0,2,-4.043500900268555,1.9,0.05,0.2
98.535,0,3,-44,1.9,0.05,0.2
98.555,0,3,-5.948750972747803,1.9,0.05,0.2
98.575,0,3,-5.951750755310059,1.9,0.05,0.2
98.595,0,3,-5.954751014709473,1.9,0.05,0.2
98.615,0,2,-4.057126045227051,1.9,0.05,0.2
98.635,0,2,-4.059125900268555,1.9,0.05,0.2
98.655,0,2,-4.061126232147217,1.9,0.05,0.2
98.675,0,2,-4.063126087188721,1.9,0.05,0.2
98.695,0,2,-4.065126419067383,1.9,0.05,0.2
98.715,0,2,-4.067126274108887,1.9,0.05,0.2
98.735,0,2,-4.069126129150391,1.9,0.05,0.2
98.755,0,2,-4.071126461029053,1.9,0.05,0.2
98.775,0,2,-4.073126316070557,1.9,0.05,0.2
98.795,0,2,-4.075126647949219,1.9,0.05,0.2
98.815,0,2,-4.077126502990723,1.9,0.05,0.2
98.835,0,2,-4.079126358032227,1.9,0.05,0.2
98.855,0,2,-4.081126689910889,1.9,0.05,0.2
98.875,0,2,-4.083126544952393,1.9,0.05,0.2
98.895,0,2,-4.085126876831055,1.9,0.05,0.2
98.915,0,2,-4.087126731872559,1.9,0.05,0.2
98.935,0,1.5,-3.1388766765594482,1.9,0.05,0.2
98.955,0,1.5,-3.1403768062591553,1.9,0.05,0.2
98.975,0,1.5,-3.141876697540283,1.9,0.05,0.2
98.995,0,2,-4.093876838684082,1.9,0.05,0.2
99.015,0,2.5,-25.046001434326172,1.9,0.05,0.2
99.035,0,3,-5.999001502990723,1.9,0.05,0.2
99.055,0,2,15.898372650146484,1.9,0.05,0.2
99.075,0,2,-4.103626728057861,1.9,0.05,0.2
99.095,0,2,-4.105627059936523,1.9,0.05,0.2
99.115,0,2,-4.107626914978027,1.9,0.05,0.2
99.135,0,2,-4.1096272468566895,1.9,0.05,0.2
99.155,0,2,-4.111627101898193,1.9,0.05,0.2
99.175,0,2,-4.113626956939697,1.9,0.05,0.2
99.195,0,2.5,-25.065752029418945,1.9,0.05,0.2
99.215,0,3,-6.018752098083496,1.9,0.05,0.2
99.235,0,3.5,-6.972127437591553,1.9,0.05,0.2
99.255,0,3.5,-6.975627422332764,1.9,0.05,0.2
99.275,0,3,-6.028751850128174,1.9,0.05,0.2
99.295,0,3,-6.031752109527588,1.9,0.05,0.2
99.315,0,3,-6.034751892089844,1.9,0.05,0.2
99.335,0,3,-6.0377516746521,1.9,0.05,0.2
99.355,0,3,-6.040751934051514,1.9,0.05,0.2
99.375,0,3,-6.0437517166137695,1.9,0.05,0.2
99.395,0,2.5,14.903373718261719,1.9,0.05,0.2
99.415,0,2,-4.148751735687256,1.9,0.05,0.2
99.435,0,2,-4.150752067565918,1.9,0.05,0.2
99.455,0,3,-6.053501605987549,1.9,0.05,0.2
99.475,0,3,-6.056501865386963,1.9,0.05,0.2
99.495,0,2,15.840873718261719,1.9,0.05,0.2
99.515,0,2,-4.161127090454102,1.9,0.05,0.2
99.535,0,2,-4.1631269454956055,1.9,0.05,0.2
99.555,0,2.5,-5.115501880645752,1.9,0.05,0.2
99.575,0,3,-26.068126678466797,1.9,0.05,0.2
99.595,0,2.5,-5.120876789093018,1.9,0.05,0.2
99.615,0,2,-4.173001766204834,1.9,0.05,0.2
99.635,0,2,-4.175002098083496,1.9,0.05,0.2
99.655,0,2,-4.177001953125,1.9,0.05,0.2
99.675,0,1.5,16.771121978759766,1.9,0.05,0.2
99.695,0,1.5,-3.230377197265625,1.9,0.05,0.2
99.715,0,2,-4.182377338409424,1.9,0.05,0.2
99.735,0,2,-4.184377193450928,1.9,0.05,0.2
99.755,0,2,-4.186377048492432,1.9,0.05,0.2
99.775,0,2,-4.188377380371094,1.9,0.05,0.2
99.795,0,2,-4.190377235412598,1.9,0.05,0.2
99.815,0,1.5,-3.2421274185180664,1.9,0.05,0.2
99.835,0,1.5,-3.2436273097991943,1.9,0.05,0.2
99.855,0,1.5,-3.2451274394989014,1.9,0.05,0.2
99.875,0,1.5,-3.2466273307800293,1.9,0.05,0.2
99.895,0,1.5,-3.2481274604797363,1.9,0.05,0.2
99.915,0,2,-4.200002670288086,1.9,0.05,0.2
99.935,0,1.5,-3.251502513885498,1.9,0.05,0.2
99.955,0,1.5,-3.253002405166626,1.9,0.05,0.2
99.975,0,1.5,-3.254502296447754,1.9,0.05,0.2
99.995,0,1.5,-3.256002187728882,1.9,0.05,0.2
100.015,90,1,44,1.9,0.05,0.2
100.035,90,1,44,1.9,0.05,0.2
100.055,90,1.5,44,1.9,0.05,0.2
100.075,90,4,44,1.9,0.05,0.2
100.095,90,9,44,1.9,0.05,0.2
100.115,90,15,44,1.9,0.05,0.2
100.135,90,22.5,28.4061279296875,1.9,0.05,0.2
100.155,90,32,31.367874145507812,1.9,0.05,0.2
100.175,90,42,-8.530258178710938,1.9,0.05,0.2
100.195,90,52.5,-28.439002990722656,1.9,0.05,0.2
100.215,90,61.5,-25.507381439208984,1.9,0.05,0.2
100.235,90,69,-19.733753204345703,1.9,0.05,0.2
100.255,90,75.5,-31.11650276184082,1.9,0.05,0.2
100.275,90,80,-20.604751586914062,1.9,0.05,0.2
100.295,90,83.5,-7.247127532958984,1.9,0.05,0.2
100.315,90,86,-11.992252349853516,1.9,0.05,0.2
100.335,90,88,4.210122585296631,1.9,0.05,0.2
100.355,90,90,-19.58937644958496,1.9,0.05,0.2
100.375,90,91,-21.489877700805664,1.9,0.05,0.2
100.395,90,91.5,-2.441127061843872,1.9,0.05,0.2
100.415,90,91.5,-2.442626953125,1.9,0.05,0.2
100.435,90,91.5,-2.444127082824707,1.9,0.05,0.2
100.455,90,92,-3.3960020542144775,1.9,0.05,0.2
100.475,90,92,-3.3980021476745605,1.9,0.05,0.2
100.495,90,92,-3.4000022411346436,1.9,0.05,0.2
100.515,90,92,-3.4020020961761475,1.9,0.05,0.2
100.535,90,92,-3.4040021896362305,1.9,0.05,0.2
100.555,90,92,-3.4060022830963135,1.9,0.05,0.2
100.575,90,92,-3.4080023765563965,1.9,0.05,0.2
100.595,90,92,-3.4100024700164795,1.9,0.05,0.2
100.615,90,92,-3.4120023250579834,1.9,0.05,0.2
100.635,90,92,-3.4140024185180664,1.9,0.05,0.2
100.655,90,92,-3.4160025119781494,1.9,0.05,0.2
100.675,90,92.5,-4.368502616882324,1.9,0.05,0.2
100.695,90,92.5,-4.371002674102783,1.9,0.05,0.2
100.715,90,92.5,-4.373502254486084,1.9,0.05,0.2
100.735,90,93,-5.3263773918151855,1.9,0.05,0.2
100.755,90,93,-5.329377174377441,1.9,0.05,0.2
100.775,90,93,-5.332376956939697,1.9,0.05,0.2
100.795,90,93,-5.335377216339111,1.9,0.05,0.2
100.815,90,92.5,15.611747741699219,1.9,0.05,0.2
100.835,90,92.5,-4.39075231552124,1.9,0.05,0.2
100.855,90,92.5,-24.393001556396484,1.9,0.05,0.2
100.875,90,92.5,-24.395252227783203,1.9,0.05,0.2
100.895,90,92.5,-4.397752285003662,1.9,0.05,0.2
100.915,90,92.5,-4.400252342224121,1.9,0.05,0.2
100.935,90,92.5,-4.402751922607422,1.9,0.05,0.2
100.955,90,92.5,-4.405251979827881,1.9,0.05,0.2
100.975,90,92.5,-4.40775203704834,1.9,0.05,0.2
100.995,90,92.5,-4.410252094268799,1.9,0.05,0.2
101.015,90,92,-3.4625020027160645,1.9,0.05,0.2
101.035,90,92,-3.4645020961761475,1.9,0.05,0.2
101.055,90,92,-3.4665021896362305,1.9,0.05,0.2
101.075,90,92,-3.4685020446777344,1.9,0.05,0.2
101.095,90,92,-3.4705021381378174,1.9,0.05,0.2
101.115,90,92,-3.4725022315979004,1.9,0.05,0.2
101.135,90,92,-3.4745023250579834,1.9,0.05,0.2
101.155,90,92.5,-4.426752090454102,1.9,0.05,0.2
101.175,90,92.5,-4.4292521476745605,1.9,0.05,0.2
101.195,90,92.5,-4.4317522048950195,1.9,0.05,0.2
101.215,90,92.5,-4.4342522621154785,1.9,0.05,0.2
101.235,90,92.5,-24.43650245666504,1.9,0.05,0.2
101.255,90,93,-25.38912582397461,1.9,0.05,0.2
101.275,90,93,-5.39212703704834,1.9,0.05,0.2
101.295,90,93,-5.395126819610596,1.9,0.05,0.2
101.315,90,93,14.601747512817383,1.9,0.05,0.2
101.335,90,93,-5.401251792907715,1.9,0.05,0.2
101.355,90,92.5,-4.4540019035339355,1.9,0.05,0.2
101.375,90,92,-3.506127119064331,1.9,0.05,0.2
101.395,90,92.5,-24.458251953125,1.9,0.05,0.2
101.415,90,92.5,-4.460752010345459,1.9,0.05,0.2
101.435,90,92,-3.5130019187927246,1.9,0.05,0.2
101.455,90,92.5,-4.465251922607422,1.9,0.05,0.2
101.475,90,93,-5.418001651763916,1.9,0.05,0.2
101.495,90,92.5,-4.470501899719238,1.9,0.05,0.2
101.515,90,92,-3.5225019454956055,1.9,0.05,0.2
101.535,90,92,-3.5245020389556885,1.9,0.05,0.2
101.555,90,92,-3.5265021324157715,1.9,0.05,0.2
101.575,90,91.5,-2.578252077102661,1.9,0.05,0.2
101.595,90,91.5,-2.579752206802368,1.9,0.05,0.2
101.615,90,92,-23.5313777923584,1.9,0.05,0.2
101.635,90,92,-3.533377170562744,1.9,0.05,0.2
101.655,90,91.5,-2.5850021839141846,1.9,0.05,0.2
101.675,90,91.5,-2.5865023136138916,1.9,0.05,0.2
101.695,90,91.5,-2.5880022048950195,1.9,0.05,0.2
101.715,90,92,-3.53975248336792,1.9,0.05,0.2
101.735,90,92,-3.541752338409424,1.9,0.05,0.2
101.755,90,92.5,-4.4942522048950195,1.9,0.05,0.2
101.775,90,92.5,-4.4967522621154785,1.9,0.05,0.2
101.795,90,92,-3.5487523078918457,1.9,0.05,0.2
101.815,90,92,-3.5507524013519287,1.9,0.05,0.2
101.835,90,92,-3.5527524948120117,1.9,0.05,0.2
101.855,90,92,-3.5547525882720947,1.9,0.05,0.2
101.875,90,92,-3.5567526817321777,1.9,0.05,0.2
101.895,90,92.5,-24.50887680053711,1.9,0.05,0.2
101.915,90,92.5,-4.511377811431885,1.9,0.05,0.2
101.935,90,92,16.436246871948242,1.9,0.05,0.2
101.955,90,92,-3.5657525062561035,1.9,0.05,0.2
101.975,90,92,-3.5677525997161865,1.9,0.05,0.2
101.995,90,92,-3.5697526931762695,1.9,0.05,0.2
102.015,90,92,-3.5717527866363525,1.9,0.05,0.2
102.035,90,92,-3.5737528800964355,1.9,0.05,0.2
102.055,90,92,-3.5757527351379395,1.9,0.05,0.2
102.075,90,92.5,-4.528002738952637,1.9,0.05,0.2
102.095,90,92.5,-4.530502796173096,1.9,0.05,0.2
102.115,90,93,-5.483377456665039,1.9,0.05,0.2
102.135,90,93,-5.486377716064453,1.9,0.05,0.2
102.155,90,93,-5.489377498626709,1.9,0.05,0.2
102.175,90,93,-5.492377758026123,1.9,0.05,0.2
102.195,90,93.5,-6.445627689361572,1.9,0.05,0.2
102.215,90,93,14.500997543334961,1.9,0.05,0.2
102.235,90,93,-5.502002716064453,1.9,0.05,0.2
102.255,90,92.5,15.445121765136719,1.9,0.05,0.2
102.275,90,92,-3.6070027351379395,1.9,0.05,0.2
102.295,90,92,-3.6090025901794434,1.9,0.05,0.2
102.315,90,92,-3.6110026836395264,1.9,0.05,0.2
102.335,90,92.5,-24.563127517700195,1.9,0.05,0.2
102.355,90,92.5,-4.565502643585205,1.9,0.05,0.2
102.375,90,92,-3.6175026893615723,1.9,0.05,0.2
102.395,90,92,-3.6195027828216553,1.9,0.05,0.2
102.415,90,92,-3.621502637863159,1.9,0.05,0.2
102.435,90,92,-3.623502731323242,1.9,0.05,0.2
102.455,90,92,-3.625502586364746,1.9,0.05,0.2
102.475,90,92,-3.627502679824829,1.9,0.05,0.2
102.495,90,92,-3.629502773284912,1.9,0.05,0.2
102.515,90,92,-3.631502628326416,1.9,0.05,0.2
102.535,90,92,-3.633502721786499,1.9,0.05,0.2
102.555,90,92,-3.635502576828003,1.9,0.05,0.2
102.575,90,91.5,-2.687002658843994,1.9,0.05,0.2
102.595,90,91.5,-2.688502550125122,1.9,0.05,0.2
102.615,90,91.5,-2.690002679824829,1.9,0.05,0.2
102.635,90,92,-3.6418776512145996,1.9,0.05,0.2
102.655,90,92,-3.6438775062561035,1.9,0.05,0.2
102.675,90,92.5,-4.596377849578857,1.9,0.05,0.2
102.695,90,92.5,-4.598877906799316,1.9,0.05,0.2
102.715,90,92.5,-4.601377487182617,1.9,0.05,0.2
102.735,90,92.5,-4.603877544403076,1.9,0.05,0.2
102.755,90,92.5,-4.606377601623535,1.9,0.05,0.2
102.775,90,92,-3.65862774848938,1.9,0.05,0.2
102.795,90,92,-3.660627603530884,1.9,0.05,0.2
102.815,90,92,-3.662627696990967,1.9,0.05,0.2
102.835,90,92,-3.6646275520324707,1.9,0.05,0.2
102.855,90,92,-3.6666276454925537,1.9,0.05,0.2
102.875,90,92,-3.6686277389526367,1.9,0.05,0.2
102.895,90,92,-3.6706275939941406,1.9,0.05,0.2
102.915,90,92,-3.6726276874542236,1.9,0.05,0.2
102.935,90,92,-3.6746275424957275,1.9,0.05,0.2
102.955,90,92,-3.6766276359558105,1.9,0.05,0.2
102.975,90,92,-3.6786277294158936,1.9,0.05,0.2
102.995,90,92.5,-4.630877494812012,1.9,0.05,0.2
103.015,90,92.5,-4.633377552032471,1.9,0.05,0.2
103.035,90,93,-5.5863776206970215,1.9,0.05,0.2
103.055,90,93.5,-26.53950309753418,1.9,0.05,0.2
103.075,90,93.5,-6.543002605438232,1.9,0.05,0.2
103.095,90,93,14.4036226272583,1.9,0.05,0.2
103.115,90,93.5,-6.549627780914307,1.9,0.05,0.2
103.135,90,93.5,-6.553127765655518,1.9,0.05,0.2
103.155,90,93,14.393497467041016,1.9,0.05,0.2
103.175,90,93,-5.60950231552124,1.9,0.05,0.2
103.195,90,93,-5.612502574920654,1.9,0.05,0.2
103.215,90,93,-5.61550235748291,1.9,0.05,0.2
103.235,90,93,-5.618502616882324,1.9,0.05,0.2
103.255,90,93,-5.62150239944458,1.9,0.05,0.2
103.275,90,93,-5.624502658843994,1.9,0.05,0.2
103.295,90,92.5,-4.677002906799316,1.9,0.05,0.2
103.315,90,92,16.27062225341797,1.9,0.05,0.2
103.335,90,92,-3.731377601623535,1.9,0.05,0.2
103.355,90,92,-3.733377695083618,1.9,0.05,0.2
103.375,90,92,-3.735377788543701,1.9,0.05,0.2
103.395,90,92.5,-24.687503814697266,1.9,0.05,0.2
103.415,90,92.5,-4.690002918243408,1.9,0.05,0.2
103.435,90,93,-5.642877578735352,1.9,0.05,0.2
103.455,90,93,-5.645877361297607,1.9,0.05,0.2
103.475,90,93,-5.6488776206970215,1.9,0.05,0.2
103.495,90,93.5,-6.602377891540527,1.9,0.05,0.2
103.515,90,93.5,-6.605877876281738,1.9,0.05,0.2
103.535,90,93.5,-6.609377861022949,1.9,0.05,0.2
103.555,90,93.5,-6.61287784576416,1.9,0.05,0.2
103.575,90,93.5,13.38337230682373,1.9,0.05,0.2
103.595,90,93.5,-6.6201276779174805,1.9,0.05,0.2
103.615,90,93,14.326498031616211,1.9,0.05,0.2
103.635,90,93,-5.676502704620361,1.9,0.05,0.2
103.655,90,93,-5.679502487182617,1.9,0.05,0.2
103.675,90,93,-5.682502746582031,1.9,0.05,0.2
103.695,90,93,-5.685502529144287,1.9,0.05,0.2
103.715,90,93,-5.688502311706543,1.9,0.05,0.2
103.735,90,93,-5.691502571105957,1.9,0.05,0.2
103.755,90,92.5,-4.744252681732178,1.9,0.05,0.2
103.775,90,92.5,-4.746752738952637,1.9,0.05,0.2
103.795,90,92,-3.798752546310425,1.9,0.05,0.2
103.815,90,92.5,-4.751002788543701,1.9,0.05,0.2
103.835,90,92.5,-4.75350284576416,1.9,0.05,0.2
103.855,90,93,-5.706502437591553,1.9,0.05,0.2
103.875,90,93.5,-26.65962791442871,1.9,0.05,0.2
103.895,90,93.5,-6.663127899169922,1.9,0.05,0.2
103.915,90,93,-5.7163777351379395,1.9,0.05,0.2
103.935,90,93,-5.719377517700195,1.9,0.05,0.2
103.955,90,92.5,15.227746963500977,1.9,0.05,0.2
103.975,90,92.5,-4.774752616882324,1.9,0.05,0.2
103.995,90,92.5,-4.777252674102783,1.9,0.05,0.2
104.015,90,92.5,-4.779752731323242,1.9,0.05,0.2
104.035,90,92.5,-4.782252788543701,1.9,0.05,0.2
104.055,90,92.5,-4.78475284576416,1.9,0.05,0.2
104.075,90,93,-5.737502574920654,1.9,0.05,0.2
104.095,90,92.5,-4.790127754211426,1.9,0.05,0.2
104.115,90,92.5,-4.792627811431885,1.9,0.05,0.2
104.135,90,92.5,-4.795127868652344,1.9,0.05,0.2
104.155,90,92.5,-4.7976274490356445,1.9,0.05,0.2
104.175,90,93,-5.750627517700195,1.9,0.05,0.2
104.195,90,93,-5.753627300262451,1.9,0.05,0.2
104.215,90,93.5,-6.706877708435059,1.9,0.05,0.2
104.235,90,93.5,-6.7103776931762695,1.9,0.05,0.2
104.255,90,93.5,-6.7138776779174805,1.9,0.05,0.2
104.275,90,93.5,-6.717377662658691,1.9,0.05,0.2
104.295,90,93,-5.770627498626709,1.9,0.05,0.2
104.315,90,93,-5.773627281188965,1.9,0.05,0.2
104.335,90,92.5,-4.8262529373168945,1.9,0.05,0.2
104.355,90,92,-3.8782527446746826,1.9,0.05,0.2
104.375,90,92,-3.8802525997161865,1.9,0.05,0.2
104.395,90,92.5,-4.832752704620361,1.9,0.05,0.2
104.415,90,93,-5.785752296447754,1.9,0.05,0.2
104.435,90,93.5,-6.739002704620361,1.9,0.05,0.2
104.455,90,93.5,-6.742502689361572,1.9,0.05,0.2
104.475,90,93.5,-6.746002674102783,1.9,0.05,0.2
104.495,90,93,-5.799127578735352,1.9,0.05,0.2
104.515,90,93,14.197622299194336,1.9,0.05,0.2
104.535,90,93,-5.80537748336792,1.9,0.05,0.2
104.555,90,92.5,15.14174747467041,1.9,0.05,0.2
104.575,90,92.5,-4.860752582550049,1.9,0.05,0.2
104.595,90,92.5,-4.863252639770508,1.9,0.05,0.2
104.615,90,92,-3.9155027866363525,1.9,0.05,0.2
104.635,90,92,-3.9176278114318848,1.9,0.05,0.2
104.655,90,92,-3.9196276664733887,1.9,0.05,0.2
104.675,90,92,-3.9216277599334717,1.9,0.05,0.2
104.695,90,92.5,-4.8741278648376465,1.9,0.05,0.2
104.715,90,93,-25.82687759399414,1.9,0.05,0.2
104.735,90,92.5,-4.879377841949463,1.9,0.05,0.2
104.755,90,92,16.068246841430664,1.9,0.05,0.2
104.775,90,92,-3.9337527751922607,1.9,0.05,0.2
104.795,90,92,-3.9357528686523438,1.9,0.05,0.2
104.815,90,92,-3.9377527236938477,1.9,0.05,0.2
104.835,90,92,-3.9397528171539307,1.9,0.05,0.2
104.855,90,92,-3.9417526721954346,1.9,0.05,0.2
104.875,90,92,-3.9437527656555176,1.9,0.05,0.2
104.895,90,92,-3.9457528591156006,1.9,0.05,0.2
104.915,90,92,-3.9477527141571045,1.9,0.05,0.2
104.935,90,92,-3.9497528076171875,1.9,0.05,0.2
104.955,90,92,-3.9517526626586914,1.9,0.05,0.2
104.975,90,92.5,-4.904253005981445,1.9,0.05,0.2
104.995,90,93,-5.8570027351379395,1.9,0.05,0.2
105.015,90,93,-5.860002517700195,1.9,0.05,0.2
105.035,90,93.5,-6.813377857208252,1.9,0.05,0.2
105.055,90,93,14.133247375488281,1.9,0.05,0.2
105.075,90,92.5,15.080371856689453,1.9,0.05,0.2
105.095,90,92,-3.9718778133392334,1.9,0.05,0.2
105.115,90,92,-3.9738779067993164,1.9,0.05,0.2
105.135,90,92,-3.9758777618408203,1.9,0.05,0.2
105.155,90,91.5,-3.0273778438568115,1.9,0.05,0.2
105.175,90,91.5,-3.0288777351379395,1.9,0.05,0.2
105.195,90,91.5,-3.0303776264190674,1.9,0.05,0.2
105.215,90,91,-2.08162784576416,1.9,0.05,0.2
105.235,90,91.5,-3.033127784729004,1.9,0.05,0.2
105.255,90,91.5,-3.034627676010132,1.9,0.05,0.2
105.275,90,91.5,-3.0361275672912598,1.9,0.05,0.2
105.295,90,92,-3.9880027770996094,1.9,0.05,0.2
105.315,90,92.5,-24.940128326416016,1.9,0.05,0.2
105.335,90,93,-5.892877578735352,1.9,0.05,0.2
105.355,90,93,-5.895877838134766,1.9,0.05,0.2
105.375,90,92.5,-4.948627948760986,1.9,0.05,0.2
105.395,90,92.5,-4.951128005981445,1.9,0.05,0.2
105.415,90,92.5,-4.953627586364746,1.9,0.05,0.2
105.435,90,92.5,-4.956127643585205,1.9,0.05,0.2
105.455,90,92.5,-4.958627700805664,1.9,0.05,0.2
105.475,90,92,15.988997459411621,1.9,0.05,0.2
105.495,90,92,-4.013002872467041,1.9,0.05,0.2
105.515,90,92,-4.015002727508545,1.9,0.05,0.2
105.535,90,92.5,-24.96712875366211,1.9,0.05,0.2
105.555,90,92.5,-4.969627857208252,1.9,0.05,0.2
105.575,90,93,-5.922502517700195,1.9,0.05,0.2
105.595,90,93,-5.925502300262451,1.9,0.05,0.2
105.615,90,93,-5.928502559661865,1.9,0.05,0.2
105.635,90,92.5,15.018622398376465,1.9,0.05,0.2
105.655,90,92,15.96624755859375,1.9,0.05,0.2
105.675,90,92,-4.035752773284912,1.9,0.05,0.2
105.695,90,91.5,16.912372589111328,1.9,0.05,0.2
105.715,90,91.5,-3.089127540588379,1.9,0.05,0.2
105.735,90,91,-2.1403777599334717,1.9,0.05,0.2
105.755,90,91.5,-3.0918776988983154,1.9,0.05,0.2
105.775,90,91.5,-3.0933778285980225,1.9,0.05,0.2
105.795,90,91.5,-3.0948777198791504,1.9,0.05,0.2
105.815,90,92,-4.046877861022949,1.9,0.05,0.2
105.835,90,91.5,-3.0985028743743896,1.9,0.05,0.2
105.855,90,91.5,-3.1000030040740967,1.9,0.05,0.2
105.875,90,91.5,-3.1015028953552246,1.9,0.05,0.2
105.895,90,91.5,-3.1030030250549316,1.9,0.05,0.2
105.915,90,91.5,-3.1045029163360596,1.9,0.05,0.2
105.935,90,92,-4.056252956390381,1.9,0.05,0.2
105.955,90,92,-4.058253288269043,1.9,0.05,0.2
105.975,90,92,-4.060253143310547,1.9,0.05,0.2
105.995,90,92,-4.062252998352051,1.9,0.05,0.2
106.015,90,92,-4.064253330230713,1.9,0.05,0.2
106.035,90,92,-4.066253185272217,1.9,0.05,0.2
106.055,90,92,-4.068253517150879,1.9,0.05,0.2
106.075,90,92,-4.070253372192383,1.9,0.05,0.2
106.095,90,92,-4.072253227233887,1.9,0.05,0.2
106.115,90,92,-4.074253559112549,1.9,0.05,0.2
106.135,90,92,-4.076253414154053,1.9,0.05,0.2
106.155,90,92,-4.078253746032715,1.9,0.05,0.2
106.175,90,92,-4.080253601074219,1.9,0.05,0.2
106.195,90,92.5,-25.032379150390625,1.9,0.05,0.2
106.215,90,92,15.915246963500977,1.9,0.05,0.2
106.235,90,92,-4.086753845214844,1.9,0.05,0.2
106.255,90,92,-4.088753700256348,1.9,0.05,0.2
106.275,90,92,-4.090753555297852,1.9,0.05,0.2
106.295,90,92,-4.092753887176514,1.9,0.05,0.2
106.315,90,92,-4.094753742218018,1.9,0.05,0.2
106.335,90,92,-4.09675407409668,1.9,0.05,0.2
106.355,90,92,-4.098753929138184,1.9,0.05,0.2
106.375,90,92,-4.1007537841796875,1.9,0.05,0.2
106.395,90,92,-4.10275411605835,1.9,0.05,0.2
106.415,90,92,-4.1047539710998535,1.9,0.05,0.2
106.435,90,92,-4.106754302978516,1.9,0.05,0.2
106.455,90,92,-4.1087541580200195,1.9,0.05,0.2
106.475,90,92,-4.110754013061523,1.9,0.05,0.2
106.495,90,92,-4.1127543449401855,1.9,0.05,0.2
106.515,90,92,-4.1147541999816895,1.9,0.05,0.2
106.535,90,92,-4.116754531860352,1.9,0.05,0.2
106.555,90,92,-4.1187543869018555,1.9,0.05,0.2
106.575,90,92.5,-5.071254253387451,1.9,0.05,0.2
106.595,90,92.5,-5.07375431060791,1.9,0.05,0.2
106.615,90,92,-4.125754356384277,1.9,0.05,0.2
106.635,90,92,-4.127754211425781,1.9,0.05,0.2
106.655,90,92,-4.129754543304443,1.9,0.05,0.2
106.675,90,92,-4.131754398345947,1.9,0.05,0.2
106.695,90,92,-4.133754730224609,1.9,0.05,0.2
106.715,90,92,-4.135754585266113,1.9,0.05,0.2
106.735,90,92,-4.137754440307617,1.9,0.05,0.2
106.755,90,92.5,-5.090004920959473,1.9,0.05,0.2
106.775,90,92.5,-5.092504501342773,1.9,0.05,0.2
106.795,90,92.5,14.904745101928711,1.9,0.05,0.2
106.815,90,92.5,-5.0980048179626465,1.9,0.05,0.2
106.835,90,92,-4.150254726409912,1.9,0.05,0.2
106.855,90,92,-4.152254581451416,1.9,0.05,0.2
106.875,90,92,-4.154254913330078,1.9,0.05,0.2
106.895,90,92,-4.156254768371582,1.9,0.05,0.2
106.915,90,92,-4.158254623413086,1.9,0.05,0.2
106.935,90,92.5,-5.110630035400391,1.9,0.05,0.2
106.955,90,93,-26.063379287719727,1.9,0.05,0.2
106.975,90,92.5,-5.116004943847656,1.9,0.05,0.2
106.995,90,92.5,-5.118504524230957,1.9,0.05,0.2
107.015,90,92.5,-5.120879650115967,1.9,0.05,0.2
107.035,90,92.5,-5.123379707336426,1.9,0.05,0.2
107.055,90,93,-6.076379299163818,1.9,0.05,0.2
107.075,90,93,-6.079379558563232,1.9,0.05,0.2
107.095,90,92.5,-5.132129669189453,1.9,0.05,0.2
107.115,90,93,-6.085129261016846,1.9,0.05,0.2
107.135,90,93,-6.08812952041626,1.9,0.05,0.2
107.155,90,93.5,-7.041629791259766,1.9,0.05,0.2
107.175,90,93.5,-7.045129776000977,1.9,0.05,0.2
107.195,90,93.5,-7.0486297607421875,1.9,0.05,0.2
107.215,90,93.5,-7.052129745483398,1.9,0.05,0.2
107.235,90,93.5,-7.055629730224609,1.9,0.05,0.2
107.255,90,93.5,-7.05912971496582,1.9,0.05,0.2
107.275,90,93.5,-7.062629699707031,1.9,0.05,0.2
107.295,90,93.5,-7.066129684448242,1.9,0.05,0.2
107.315,90,93,-6.119254112243652,1.9,0.05,0.2
107.335,90,93,-6.122254371643066,1.9,0.05,0.2
107.355,90,92.5,14.824871063232422,1.9,0.05,0.2
107.375,90,92,15.77249526977539,1.9,0.05,0.2
107.395,90,92,-4.229504585266113,1.9,0.05,0.2
107.415,90,92,-4.231504440307617,1.9,0.05,0.2
107.435,90,92,-4.233504772186279,1.9,0.05,0.2
107.455,90,91.5,-3.2851295471191406,1.9,0.05,0.2
107.475,90,92,-4.23700475692749,1.9,0.05,0.2
107.495,90,92,-4.239004611968994,1.9,0.05,0.2
107.515,90,92,-4.241004943847656,1.9,0.05,0.2
107.535,90,92,-4.24300479888916,1.9,0.05,0.2
107.555,90,92,-4.245004653930664,1.9,0.05,0.2
107.575,90,92,-4.247004985809326,1.9,0.05,0.2
107.595,90,92,-4.24900484085083,1.9,0.05,0.2
107.615,90,92,15.748869895935059,1.9,0.05,0.2
107.635,90,92,-4.2532548904418945,1.9,0.05,0.2
107.655,90,92,-4.255254745483398,1.9,0.05,0.2
107.675,90,92,-4.2572550773620605,1.9,0.05,0.2
107.695,90,91.5,-3.308879852294922,1.9,0.05,0.2
107.715,90,91.5,-3.310379981994629,1.9,0.05,0.2
107.735,90,91.5,-3.311879873275757,1.9,0.05,0.2
107.755,90,92,-4.263754844665527,1.9,0.05,0.2
107.775,90,91.5,-3.3152546882629395,1.9,0.05,0.2
107.795,90,92,-4.267254829406738,1.9,0.05,0.2
107.815,90,92,-4.269254684448242,1.9,0.05,0.2
107.835,90,92,-4.271255016326904,1.9,0.05,0.2
107.855,90,92.5,-5.223629951477051,1.9,0.05,0.2
107.875,90,92.5,-5.22613000869751,1.9,0.05,0.2
107.895,90,92.5,-5.228630065917969,1.9,0.05,0.2
107.915,90,92.5,-5.2311296463012695,1.9,0.05,0.2
107.935,90,93,-6.184004783630371,1.9,0.05,0.2
107.955,90,92.5,-5.236754894256592,1.9,0.05,0.2
107.975,90,92,-4.288879871368408,1.9,0.05,0.2
107.995,90,92,-4.29088020324707,1.9,0.05,0.2
108.015,90,92,-4.292880058288574,1.9,0.05,0.2
108.035,90,92,-4.294879913330078,1.9,0.05,0.2
108.055,90,92.5,-25.247005462646484,1.9,0.05,0.2
108.075,90,92.5,-5.249505043029785,1.9,0.05,0.2
108.095,90,92.5,-5.252005100250244,1.9,0.05,0.2
108.115,90,92.5,-5.254505157470703,1.9,0.05,0.2
108.135,90,92.5,-5.257004737854004,1.9,0.05,0.2
108.155,90,92.5,-5.259504795074463,1.9,0.05,0.2
108.175,90,92.5,-5.262004852294922,1.9,0.05,0.2
108.195,90,93,-6.214754581451416,1.9,0.05,0.2
108.215,90,93,-6.21775484085083,1.9,0.05,0.2
108.235,90,93,-6.220754623413086,1.9,0.05,0.2
108.255,90,93,-6.2237548828125,1.9,0.05,0.2
108.275,90,93,-6.226755142211914,1.9,0.05,0.2
108.295,90,93,-6.22975492477417,1.9,0.05,0.2
108.315,90,93,-6.232755184173584,1.9,0.05,0.2
108.335,90,93,-6.23575496673584,1.9,0.05,0.2
108.355,90,93,-6.238755226135254,1.9,0.05,0.2
108.375,90,93,-6.241755485534668,1.9,0.05,0.2
108.395,90,93,-6.244755268096924,1.9,0.05,0.2
108.415,90,93,-6.247755527496338,1.9,0.05,0.2
108.435,90,93.5,-27.201005935668945,1.9,0.05,0.2
108.455,90,93.5,-7.204505920410156,1.9,0.05,0.2
108.475,90,93.5,-7.208005905151367,1.9,0.05,0.2
108.495,90,93.5,-7.211505889892578,1.9,0.05,0.2
108.515,90,93.5,-7.215005874633789,1.9,0.05,0.2
108.535,90,93,-6.26800537109375,1.9,0.05,0.2
108.555,90,93,-6.271005630493164,1.9,0.05,0.2
108.575,90,93,-6.274005889892578,1.9,0.05,0.2
108.595,90,92.5,14.673118591308594,1.9,0.05,0.2
108.615,90,92.5,-5.329380989074707,1.9,0.05,0.2
108.635,90,92.5,-5.331880569458008,1.9,0.05,0.2
108.655,90,92.5,-5.334380626678467,1.9,0.05,0.2
108.675,90,92.5,-5.336880683898926,1.9,0.05,0.2
108.695,90,92,-4.388880729675293,1.9,0.05,0.2
108.715,90,92,-4.390880584716797,1.9,0.05,0.2
108.735,90,92,-4.392880916595459,1.9,0.05,0.2
108.755,90,92,-4.394880771636963,1.9,0.05,0.2
108.775,90,92.5,-5.347380638122559,1.9,0.05,0.2
108.795,90,92.5,-5.349880695343018,1.9,0.05,0.2
108.815,90,92,15.59774398803711,1.9,0.05,0.2
108.835,90,92,-4.4042558670043945,1.9,0.05,0.2
108.855,90,92,-4.406255722045898,1.9,0.05,0.2
108.875,90,91.5,-3.457880735397339,1.9,0.05,0.2
108.895,90,91.5,-3.459380626678467,1.9,0.05,0.2
108.915,90,92,-4.411130905151367,1.9,0.05,0.2
108.935,90,92,-4.413130760192871,1.9,0.05,0.2
108.955,90,92,-4.415130615234375,1.9,0.05,0.2
108.975,90,92,-4.417130947113037,1.9,0.05,0.2
108.995,90,92,-4.419130802154541,1.9,0.05,0.2
109.015,90,92,-4.421131134033203,1.9,0.05,0.2
109.035,90,92.5,-5.37350606918335,1.9,0.05,0.2
109.055,90,93,-6.326380729675293,1.9,0.05,0.2
109.075,90,93,-6.329380989074707,1.9,0.05,0.2
109.095,90,92.5,-5.3820061683654785,1.9,0.05,0.2
109.115,90,92.5,-5.3845062255859375,1.9,0.05,0.2
109.135,90,93,-6.33750581741333,1.9,0.05,0.2
109.155,90,93,-6.340506076812744,1.9,0.05,0.2
109.175,90,92.5,-5.393006324768066,1.9,0.05,0.2
109.195,90,92,-4.445256233215332,1.9,0.05,0.2
109.215,90,92,-4.447256088256836,1.9,0.05,0.2
109.235,90,92,-4.449256420135498,1.9,0.05,0.2
109.255,90,92.5,-5.401506423950195,1.9,0.05,0.2
109.275,90,93,-6.354506015777588,1.9,0.05,0.2
109.295,90,93.5,-7.307756423950195,1.9,0.05,0.2
109.315,90,93.5,-7.311256408691406,1.9,0.05,0.2
109.335,90,93.5,-7.314756393432617,1.9,0.05,0.2
109.355,90,93.5,-7.318256378173828,1.9,0.05,0.2
109.375,90,93,-6.371506214141846,1.9,0.05,0.2
109.395,90,93,-6.374505996704102,1.9,0.05,0.2
109.415,90,93.5,-7.327756404876709,1.9,0.05,0.2
109.435,90,93.5,-7.33125638961792,1.9,0.05,0.2
109.455,90,93,-6.384381294250488,1.9,0.05,0.2
109.475,90,93,-6.387381553649902,1.9,0.05,0.2
109.495,90,92.5,-5.439881324768066,1.9,0.05,0.2
109.515,90,92.5,-5.442381381988525,1.9,0.05,0.2
109.535,90,92.5,-5.444881439208984,1.9,0.05,0.2
109.555,90,92.5,-5.447381496429443,1.9,0.05,0.2
109.575,90,92.5,-5.449881553649902,1.9,0.05,0.2
109.595,90,92,15.497743606567383,1.9,0.05,0.2
109.615,90,92.5,-5.4545063972473145,1.9,0.05,0.2
109.635,90,92.5,-5.457006454467773,1.9,0.05,0.2
109.655,90,92.5,-5.459506034851074,1.9,0.05,0.2
109.675,90,92.5,-5.462006092071533,1.9,0.05,0.2
109.695,90,92.5,-5.464506149291992,1.9,0.05,0.2
109.715,90,93,-6.417255878448486,1.9,0.05,0.2
109.735,90,93,-6.4202561378479,1.9,0.05,0.2
109.755,90,93,-6.423255920410156,1.9,0.05,0.2
109.775,90,93,-6.42625617980957,1.9,0.05,0.2
109.795,90,93,-6.429256439208984,1.9,0.05,0.2
109.815,90,93.5,-7.382631778717041,1.9,0.05,0.2
109.835,90,93.5,-7.386131763458252,1.9,0.05,0.2
109.855,90,93,-6.439256191253662,1.9,0.05,0.2
109.875,90,93,-6.442256450653076,1.9,0.05,0.2
109.895,90,92.5,14.504868507385254,1.9,0.05,0.2
109.915,90,92.5,-5.497631549835205,1.9,0.05,0.2
109.935,90,93,-26.450382232666016,1.9,0.05,0.2
109.955,90,93,-6.453381538391113,1.9,0.05,0.2
109.975,90,92.5,-5.506006717681885,1.9,0.05,0.2
109.995,90,92.5,-5.508506774902344,1.9,0.05,0.2
110.015,0,93,-44,1.9,0.05,0.2
110.035,0,93,-44,1.9,0.05,0.2
110.055,0,92,-44,1.9,0.05,0.2
110.075,0,90,-44,1.9,0.05,0.2
110.095,0,87,-44,1.9,0.05,0.2
110.115,0,83.5,-44,1.9,0.05,0.2
110.135,0,79.5,-44,1.9,0.05,0.2
110.155,0,74.5,-44,1.9,0.05,0.2
110.175,0,69,-44,1.9,0.05,0.2
110.195,0,63,-44,1.9,0.05,0.2
110.215,0,56,-28.03076171875,1.9,0.05,0.2
110.235,0,48,-12.881752014160156,1.9,0.05,0.2
110.255,0,39.5,23.225372314453125,1.9,0.05,0.2
110.275,0,32,17.44062042236328,1.9,0.05,0.2
110.295,0,25,30.712993621826172,1.9,0.05,0.2
110.315,0,19.5,21.141494750976562,1.9,0.05,0.2
110.335,0,15,9.674993515014648,1.9,0.05,0.2
110.355,0,11.5,-3.687631607055664,1.9,0.05,0.2
110.375,0,9.5,-19.89763069152832,1.9,0.05,0.2
110.395,0,7.5,3.8942432403564453,1.9,0.05,0.2
110.415,0,6,-13.262380599975586,1.9,0.05,0.2
110.435,0,4,30.532743453979492,1.9,0.05,0.2
110.455,0,3,12.429243087768555,1.9,0.05,0.2
110.475,0,2,-5.673131465911865,1.9,0.05,0.2
110.495,0,1,16.22536849975586,1.9,0.05,0.2
110.515,0,0,38.12461853027344,1.9,0.05,0.2
110.535,0,0,-1.8753817081451416,1.9,0.05,0.2
110.555,0,-0.5,19.074743270874023,1.9,0.05,0.2
110.575,0,-0.5,-0.9250069260597229,1.9,0.05,0.2
110.595,0,0,-21.874757766723633,1.9,0.05,0.2
110.615,0,0,-1.8747570514678955,1.9,0.05,0.2
110.635,0,1,-3.7755069732666016,1.9,0.05,0.2
110.655,0,1.5,-4.726881980895996,1.9,0.05,0.2
110.675,0,1.5,-4.728382110595703,1.9,0.05,0.2
110.695,0,1,16.220243453979492,1.9,0.05,0.2
110.715,0,1,-3.780757188796997,1.9,0.05,0.2
110.735,0,1,-3.781757354736328,1.9,0.05,0.2
110.755,0,1.5,-4.733257293701172,1.9,0.05,0.2
110.775,0,1.5,-4.734757423400879,1.9,0.05,0.2
110.795,0,1.5,-4.736257076263428,1.9,0.05,0.2
110.815,0,1.5,-4.737757205963135,1.9,0.05,0.2
110.835,0,1.5,-4.739256858825684,1.9,0.05,0.2
110.855,0,1.5,-4.740756988525391,1.9,0.05,0.2
110.875,0,2,-5.692631721496582,1.9,0.05,0.2
110.895,0,2,-5.694631576538086,1.9,0.05,0.2
110.915,0,3,-7.597256183624268,1.9,0.05,0.2
110.935,0,3,-7.600255966186523,1.9,0.05,0.2
110.955,0,2,-5.702630996704102,1.9,0.05,0.2
110.975,0,2,-5.7046308517456055,1.9,0.05,0.2
110.995,0,2,-5.706630229949951,1.9,0.05,0.2
111.015,0,1.5,-4.7582550048828125,1.9,0.05,0.2
111.035,0,1.5,-4.7597551345825195,1.9,0.05,0.2
111.055,0,1.5,-4.761255264282227,1.9,0.05,0.2
111.075,0,1.5,-4.762754917144775,1.9,0.05,0.2
111.095,0,1.5,-4.764255046844482,1.9,0.05,0.2
111.115,0,1.5,-4.765754699707031,1.9,0.05,0.2
111.135,0,1.5,-4.767254829406738,1.9,0.05,0.2
111.155,0,1,-3.818504810333252,1.9,0.05,0.2
111.175,0,1,-3.819505214691162,1.9,0.05,0.2
111.195,0,0.5,-2.870004892349243,1.9,0.05,0.2
111.215,0,0.5,-2.870379686355591,1.9,0.05,0.2
111.235,0,1,-3.8213798999786377,1.9,0.05,0.2
111.255,0,1,-3.8223800659179688,1.9,0.05,0.2
111.275,0,1.5,-4.7738800048828125,1.9,0.05,0.2
111.295,0,1.5,-4.7753801345825195,1.9,0.05,0.2
111.315,0,1.5,-4.776879787445068,1.9,0.05,0.2
111.335,0,2,-25.728504180908203,1.9,0.05,0.2
111.355,0,2,-5.730504512786865,1.9,0.05,0.2
111.375,0,2,-5.732503890991211,1.9,0.05,0.2
111.395,0,1.5,-4.78425407409668,1.9,0.05,0.2
111.415,0,1.5,-4.7857537269592285,1.9,0.05,0.2
111.435,0,1.5,-4.7872538566589355,1.9,0.05,0.2
111.455,0,1.5,-4.788753509521484,1.9,0.05,0.2
111.475,0,1.5,-4.790253639221191,1.9,0.05,0.2
111.495,0,1.5,-4.791753768920898,1.9,0.05,0.2
111.515,0,1,-3.843003749847412,1.9,0.05,0.2
111.535,0,1,-3.844003915786743,1.9,0.05,0.2
111.555,0,1.5,-4.795253753662109,1.9,0.05,0.2
111.575,0,1.5,-4.796753883361816,1.9,0.05,0.2
111.595,0,1.5,-4.798254013061523,1.9,0.05,0.2
111.615,0,2,-5.750003814697266,1.9,0.05,0.2
111.635,0,2,-5.752003192901611,1.9,0.05,0.2
111.655,0,2,-5.754003047943115,1.9,0.05,0.2
111.675,0,2,-5.756002426147461,1.9,0.05,0.2
111.695,0,3,-7.65875244140625,1.9,0.05,0.2
111.715,0,3,-7.661752223968506,1.9,0.05,0.2
111.735,0,3,-7.664752006530762,1.9,0.05,0.2
111.755,0,3,-7.667752265930176,1.9,0.05,0.2
111.775,0,3,-7.670752048492432,1.9,0.05,0.2
111.795,0,3,-7.6737518310546875,1.9,0.05,0.2
111.815,0,3.5,-28.626876831054688,1.9,0.05,0.2
111.835,0,3,-7.680001735687256,1.9,0.05,0.2
111.855,0,2,34.217247009277344,1.9,0.05,0.2
111.875,0,2,-5.7847514152526855,1.9,0.05,0.2
111.895,0,1,16.113872528076172,1.9,0.05,0.2
111.915,0,1,-3.8871266841888428,1.9,0.05,0.2
111.935,0,1,-3.888126850128174,1.9,0.05,0.2
111.955,0,1,-3.889127254486084,1.9,0.05,0.2
111.975,0,1.5,-4.840627193450928,1.9,0.05,0.2
111.995,0,1.5,-4.842126846313477,1.9,0.05,0.2
112.015,0,1.5,-4.843626976013184,1.9,0.05,0.2
112.035,0,1,-3.894752025604248,1.9,0.05,0.2
112.055,0,1,-3.895752429962158,1.9,0.05,0.2
112.075,0,1,-3.8967525959014893,1.9,0.05,0.2
112.095,0,1,-3.8977527618408203,1.9,0.05,0.2
112.115,0,1,-3.8987529277801514,1.9,0.05,0.2
112.135,0,0.5,-2.949502944946289,1.9,0.05,0.2
112.155,0,0,-1.9995030164718628,1.9,0.05,0.2
112.175,0,0.5,-2.9497528076171875,1.9,0.05,0.2
112.195,0,1,-3.900628089904785,1.9,0.05,0.2
112.215,0,1,-3.901628017425537,1.9,0.05,0.2
112.235,0,1,-3.9026284217834473,1.9,0.05,0.2
112.255,0,1.5,-4.854127883911133,1.9,0.05,0.2
112.275,0,2,-25.805753707885742,1.9,0.05,0.2
112.295,0,2,-5.8076276779174805,1.9,0.05,0.2
112.315,0,2,-5.809627532958984,1.9,0.05,0.2
112.335,0,1.5,-4.861377239227295,1.9,0.05,0.2
112.355,0,1,16.087247848510742,1.9,0.05,0.2
112.375,0,1,-3.913752555847168,1.9,0.05,0.2
112.395,0,0,-2.014127492904663,1.9,0.05,0.2
112.415,0,0,-2.014127492904663,1.9,0.05,0.2
112.435,0,1,-23.91450309753418,1.9,0.05,0.2
112.455,0,1,-3.9155025482177734,1.9,0.05,0.2
112.475,0,0.5,17.03362274169922,1.9,0.05,0.2
112.495,0,0,-2.0163779258728027,1.9,0.05,0.2
112.515,0,0,-2.0163779258728027,1.9,0.05,0.2
112.535,0,0.5,-2.966627836227417,1.9,0.05,0.2
112.555,0,1,-3.9176278114318848,1.9,0.05,0.2
112.575,0,1.5,-4.86887788772583,1.9,0.05,0.2
112.595,0,1.5,-4.870377540588379,1.9,0.05,0.2
112.615,0,1.5,-4.871877670288086,1.9,0.05,0.2
112.635,0,1,16.07674789428711,1.9,0.05,0.2
112.655,0,1,-3.924252986907959,1.9,0.05,0.2
112.675,0,1,-3.925253391265869,1.9,0.05,0.2
112.695,0,1,-3.926253318786621,1.9,0.05,0.2
112.715,0,1,-3.9272537231445312,1.9,0.05,0.2
112.735,0,1,-3.9282541275024414,1.9,0.05,0.2
112.755,0,1,-3.9292540550231934,1.9,0.05,0.2
112.775,0,1,-3.9302544593811035,1.9,0.05,0.2
112.795,0,1.5,-24.881378173828125,1.9,0.05,0.2
112.815,0,1.5,-4.882879257202148,1.9,0.05,0.2
112.835,0,1.5,-4.8843793869018555,1.9,0.05,0.2
112.855,0,1.5,-4.8858795166015625,1.9,0.05,0.2
112.875,0,2,-5.837754249572754,1.9,0.05,0.2
112.895,0,2,-5.8397536277771,1.9,0.05,0.2
112.915,0,2,-5.8417534828186035,1.9,0.05,0.2
112.935,0,2,-5.843752861022949,1.9,0.05,0.2
112.955,0,2,-5.845752716064453,1.9,0.05,0.2
112.975,0,1.5,-4.8973774909973145,1.9,0.05,0.2
112.995,0,1.5,-4.898877143859863,1.9,0.05,0.2
113.015,0,1.5,-4.90037727355957,1.9,0.05,0.2
113.035,0,1.5,-4.901877403259277,1.9,0.05,0.2
113.055,0,1.5,-4.903377532958984,1.9,0.05,0.2
113.075,0,1,16.04524803161621,1.9,0.05,0.2
113.095,0,1,-3.955752372741699,1.9,0.05,0.2
113.115,0,1,-3.9567527770996094,1.9,0.05,0.2
113.135,0,0.5,-3.007502794265747,1.9,0.05,0.2
113.155,0,0,-2.057877779006958,1.9,0.05,0.2
113.175,0,0,-2.057877779006958,1.9,0.05,0.2
113.195,0,0.5,-23.00800323486328,1.9,0.05,0.2
113.215,0,1,-3.9587526321411133,1.9,0.05,0.2
113.235,0,1,-3.959502696990967,1.9,0.05,0.2
113.255,0,0,17.940122604370117,1.9,0.05,0.2
113.275,0,0.5,-3.0102522373199463,1.9,0.05,0.2
113.295,0,1,-3.961252212524414,1.9,0.05,0.2
113.315,0,1.5,-4.912752151489258,1.9,0.05,0.2
113.335,0,1.5,-4.914252281188965,1.9,0.05,0.2
113.355,0,1,-3.9653773307800293,1.9,0.05,0.2
113.375,0,1,-3.9663777351379395,1.9,0.05,0.2
113.395,0,1,-3.9673776626586914,1.9,0.05,0.2
113.415,0,1,-3.9683780670166016,1.9,0.05,0.2
113.435,0,1,-3.9693784713745117,1.9,0.05,0.2
113.455,0,1,-3.9703783988952637,1.9,0.05,0.2
113.475,0,0,17.928997039794922,1.9,0.05,0.2
113.495,0,0,-2.0710036754608154,1.9,0.05,0.2
113.515,0,0.5,-3.021378517150879,1.9,0.05,0.2
113.535,0,1,-3.972378730773926,1.9,0.05,0.2
113.555,0,1,-3.9733786582946777,1.9,0.05,0.2
113.575,0,1,-3.974379062652588,1.9,0.05,0.2
113.595,0,1,-23.975128173828125,1.9,0.05,0.2
113.615,0,1,-3.9758787155151367,1.9,0.05,0.2
113.635,0,1,-3.976879119873047,1.9,0.05,0.2
113.655,0,0.5,16.972246170043945,1.9,0.05,0.2
113.675,0,0.5,16.97149658203125,1.9,0.05,0.2
113.695,0,1,-3.979379177093506,1.9,0.05,0.2
113.715,0,1,-3.980379581451416,1.9,0.05,0.2
113.735,0,1.5,-24.931503295898438,1.9,0.05,0.2
113.755,0,1.5,-4.933004379272461,1.9,0.05,0.2
113.775,0,1.5,-4.934504508972168,1.9,0.05,0.2
113.795,0,2,-5.88625431060791,1.9,0.05,0.2
113.815,0,2,-5.888254165649414,1.9,0.05,0.2
113.835,0,1.5,-4.939753532409668,1.9,0.05,0.2
113.855,0,1.5,-4.941253662109375,1.9,0.05,0.2
113.875,0,1.5,-4.942753791809082,1.9,0.05,0.2
113.895,0,1.5,-4.944253921508789,1.9,0.05,0.2
113.915,0,1.5,-4.945753574371338,1.9,0.05,0.2
113.935,0,1.5,-4.947253227233887,1.9,0.05,0.2
113.955,0,1.5,-4.948753356933594,1.9,0.05,0.2
113.975,0,1.5,-4.950253486633301,1.9,0.05,0.2
113.995,0,2,-5.902253150939941,1.9,0.05,0.2
114.015,0,1.5,-4.953877925872803,1.9,0.05,0.2
114.035,0,1,15.994747161865234,1.9,0.05,0.2
114.055,0,1,-4.006253242492676,1.9,0.05,0.2
114.075,0,1,-4.007253646850586,1.9,0.05,0.2
114.095,0,0,17.89224624633789,1.9,0.05,0.2
114.115,0,0,-2.1078784465789795,1.9,0.05,0.2
114.135,0,1,-24.008377075195312,1.9,0.05,0.2
114.155,0,1,-4.009378433227539,1.9,0.05,0.2
114.175,0,1,-4.010378837585449,1.9,0.05,0.2
114.195,0,1,-4.011378765106201,1.9,0.05,0.2
114.215,0,1,-4.012379169464111,1.9,0.05,0.2
114.235,0,1,-4.013379096984863,1.9,0.05,0.2
114.255,0,0.5,16.935745239257812,1.9,0.05,0.2
114.275,0,0.5,-3.0647542476654053,1.9,0.05,0.2
114.295,0,1,-4.015754222869873,1.9,0.05,0.2
114.315,0,0.5,16.93337059020996,1.9,0.05,0.2
114.335,0,0.5,-3.0668792724609375,1.9,0.05,0.2
114.355,0,1,-4.017754554748535,1.9,0.05,0.2
114.375,0,1,-4.018754482269287,1.9,0.05,0.2
114.395,0,1,-4.019754886627197,1.9,0.05,0.2
114.415,0,1,-4.020754814147949,1.9,0.05,0.2
114.435,0,1.5,-4.9720048904418945,1.9,0.05,0.2
114.455,0,1.5,-4.973505020141602,1.9,0.05,0.2
114.475,0,1.5,-4.975005149841309,1.9,0.05,0.2
114.495,0,1,-4.026005268096924,1.9,0.05,0.2
114.515,0,1.5,-4.97737979888916,1.9,0.05,0.2
114.535,0,1.5,-4.978879928588867,1.9,0.05,0.2
114.555,0,1.5,-4.980380058288574,1.9,0.05,0.2
114.575,0,2,-5.932129859924316,1.9,0.05,0.2
114.595,0,2,-5.93412971496582,1.9,0.05,0.2
114.615,0,2,-5.936129093170166,1.9,0.05,0.2
114.635,0,1.5,-4.987878799438477,1.9,0.05,0.2
114.655,0,1,-4.039129257202148,1.9,0.05,0.2
114.675,0,1,-4.0401291847229,1.9,0.05,0.2
114.695,0,1,-4.0411295890808105,1.9,0.05,0.2
114.715,0,1,-4.042004585266113,1.9,0.05,0.2
114.735,0,1,-4.043004989624023,1.9,0.05,0.2
114.755,0,1,-4.044004917144775,1.9,0.05,0.2
114.775,0,0.5,-3.094755172729492,1.9,0.05,0.2
114.795,0,0,-2.1447551250457764,1.9,0.05,0.2
114.815,0,0,-2.1447551250457764,1.9,0.05,0.2
114.835,0,1,-4.045629978179932,1.9,0.05,0.2
114.855,0,1.5,-4.997004985809326,1.9,0.05,0.2
114.875,0,1.5,-4.998504638671875,1.9,0.05,0.2
114.895,0,1.5,-5.000129699707031,1.9,0.05,0.2
114.915,0,1.5,-5.001629829406738,1.9,0.05,0.2
114.935,0,1,-4.052754878997803,1.9,0.05,0.2
114.955,0,0.5,16.89636993408203,1.9,0.05,0.2
114.975,0,0,-2.153630018234253,1.9,0.05,0.2
114.995,0,-0.5,18.79649543762207,1.9,0.05,0.2
115.015,0,-0.5,-1.203005313873291,1.9,0.05,0.2
115.035,0,-0.5,-1.2025055885314941,1.9,0.05,0.2
115.055,0,0,-2.15250563621521,1.9,0.05,0.2
115.075,0,0,-2.15250563621521,1.9,0.05,0.2
115.095,0,1,-4.053255558013916,1.9,0.05,0.2
115.115,0,1,-4.054255962371826,1.9,0.05,0.2
115.135,0,1,-4.055255889892578,1.9,0.05,0.2
115.155,0,1,-4.056256294250488,1.9,0.05,0.2
115.175,0,1,-4.057256698608398,1.9,0.05,0.2
115.195,0,1.5,-5.008631706237793,1.9,0.05,0.2
115.215,0,1.5,-5.010131359100342,1.9,0.05,0.2
115.235,0,1.5,-5.011631011962891,1.9,0.05,0.2
115.255,0,1,15.936993598937988,1.9,0.05,0.2
115.275,0,1.5,-5.0145063400268555,1.9,0.05,0.2
115.295,0,1.5,-5.0160064697265625,1.9,0.05,0.2
115.315,0,1.5,-5.017506122589111,1.9,0.05,0.2
115.335,0,1.5,-5.01900577545166,1.9,0.05,0.2
115.355,0,2,-25.970630645751953,1.9,0.05,0.2
115.375,0,1.5,-5.022130966186523,1.9,0.05,0.2
115.395,0,1.5,-5.0236310958862305,1.9,0.05,0.2
115.415,0,1,15.924993515014648,1.9,0.05,0.2
115.435,0,1,-4.076005935668945,1.9,0.05,0.2
115.455,0,1.5,-25.027130126953125,1.9,0.05,0.2
115.475,0,1.5,-5.028631210327148,1.9,0.05,0.2
115.495,0,1.5,-5.0301313400268555,1.9,0.05,0.2
115.515,0,1.5,-5.031630992889404,1.9,0.05,0.2
115.535,0,1,-4.082756042480469,1.9,0.05,0.2
115.555,0,1.5,-25.03388214111328,1.9,0.05,0.2
115.575,0,1.5,-5.035256385803223,1.9,0.05,0.2
115.595,0,1,-4.086256504058838,1.9,0.05,0.2
115.615,0,1,-4.087256908416748,1.9,0.05,0.2
115.635,0,1,-4.0882568359375,1.9,0.05,0.2
115.655,0,1,-4.08925724029541,1.9,0.05,0.2
115.675,0,1,-4.09025764465332,1.9,0.05,0.2
115.695,0,1,-4.091257572174072,1.9,0.05,0.2
115.715,0,1,-4.092257976531982,1.9,0.05,0.2
115.735,0,1,-4.093257904052734,1.9,0.05,0.2
115.755,0,1,-4.0942583084106445,1.9,0.05,0.2
115.775,0,1,-4.095133304595947,1.9,0.05,0.2
115.795,0,0.5,-3.1457583904266357,1.9,0.05,0.2
115.815,0,0.5,-3.1462581157684326,1.9,0.05,0.2
115.835,0,0.5,16.85299301147461,1.9,0.05,0.2
115.855,0,1,-4.098008155822754,1.9,0.05,0.2
115.875,0,1,-4.099008560180664,1.9,0.05,0.2
115.895,0,1.5,-25.050132751464844,1.9,0.05,0.2
115.915,0,1.5,-5.051633358001709,1.9,0.05,0.2
115.935,0,1.5,-5.053133010864258,1.9,0.05,0.2
115.955,0,2,-26.004758834838867,1.9,0.05,0.2
115.975,0,2,-6.006757736206055,1.9,0.05,0.2
115.995,0,2,-6.008757591247559,1.9,0.05,0.2
116.015,0,2,-6.0107574462890625,1.9,0.05,0.2
116.035,0,2,-6.012756824493408,1.9,0.05,0.2
116.055,0,2,-6.014756679534912,1.9,0.05,0.2
116.075,0,2,-6.016756057739258,1.9,0.05,0.2
116.095,0,1.5,-5.068506240844727,1.9,0.05,0.2
116.115,0,1,-4.11975622177124,1.9,0.05,0.2
116.135,0,1,-4.120756149291992,1.9,0.05,0.2
116.155,0,1,-4.121756553649902,1.9,0.05,0.2
116.175,0,1,-4.1227569580078125,1.9,0.05,0.2
116.195,0,1,-4.1237568855285645,1.9,0.05,0.2
116.215,0,1,-4.124757289886475,1.9,0.05,0.2
116.235,0,0.5,-3.1755073070526123,1.9,0.05,0.2
116.255,0,1,-24.12613296508789,1.9,0.05,0.2
116.275,0,1,-4.127132415771484,1.9,0.05,0.2
116.295,0,1,-4.128132343292236,1.9,0.05,0.2
116.315,0,1,-4.1291327476501465,1.9,0.05,0.2
116.335,0,1.5,-5.080632209777832,1.9,0.05,0.2
116.355,0,1.5,-5.082132339477539,1.9,0.05,0.2
116.375,0,1.5,-5.083632469177246,1.9,0.05,0.2
116.395,0,1.5,-5.085132598876953,1.9,0.05,0.2
116.415,0,2,-6.037132263183594,1.9,0.05,0.2
116.435,0,2,-6.0391316413879395,1.9,0.05,0.2
116.455,0,2,-6.041131496429443,1.9,0.05,0.2
116.475,0,1.5,-5.092881202697754,1.9,0.05,0.2
116.495,0,1.5,-5.094381332397461,1.9,0.05,0.2
116.515,0,1.5,-5.09588098526001,1.9,0.05,0.2
116.535,0,1.5,-5.097380638122559,1.9,0.05,0.2
116.555,0,1,-4.1486310958862305,1.9,0.05,0.2
116.575,0,1,-4.149631500244141,1.9,0.05,0.2
116.595,0,0.5,-3.20025634765625,1.9,0.05,0.2
116.615,0,0,17.749618530273438,1.9,0.05,0.2
116.635,0,1,-4.1511311531066895,1.9,0.05,0.2
116.655,0,1.5,-25.102256774902344,1.9,0.05,0.2
116.675,0,2,-26.05388069152832,1.9,0.05,0.2
116.695,0,2,-6.055881023406982,1.9,0.05,0.2
116.715,0,2,-6.057880401611328,1.9,0.05,0.2
116.735,0,2,-6.059880256652832,1.9,0.05,0.2
116.755,0,2,-6.061880111694336,1.9,0.05,0.2
116.775,0,2,-6.063879489898682,1.9,0.05,0.2
116.795,0,2,-6.0658793449401855,1.9,0.05,0.2
116.815,0,1.5,-5.117379188537598,1.9,0.05,0.2
116.835,0,1,-4.168629169464111,1.9,0.05,0.2
116.855,0,1,-4.1696295738220215,1.9,0.05,0.2
116.875,0,1,-4.170629501342773,1.9,0.05,0.2
116.895,0,1,-4.171629905700684,1.9,0.05,0.2
116.915,0,0.5,-3.2223799228668213,1.9,0.05,0.2
116.935,0,0.5,-23.222755432128906,1.9,0.05,0.2
116.955,0,1,-4.173504829406738,1.9,0.05,0.2
116.975,0,0.5,16.775745391845703,1.9,0.05,0.2
116.995,0,0.5,16.77511978149414,1.9,0.05,0.2
117.015,0,1,-4.17587947845459,1.9,0.05,0.2
117.035,0,1,-4.1768798828125,1.9,0.05,0.2
117.055,0,1.5,-5.128379821777344,1.9,0.05,0.2
117.075,0,1.5,-5.129879951477051,1.9,0.05,0.2
117.095,0,1.5,-5.1313796043396,1.9,0.05,0.2
117.115,0,1.5,-5.132879257202148,1.9,0.05,0.2
117.135,0,1.5,-5.1343793869018555,1.9,0.05,0.2
117.155,0,1.5,-5.1358795166015625,1.9,0.05,0.2
117.175,0,1.5,-5.13725471496582,1.9,0.05,0.2
117.195,0,1.5,-5.138754367828369,1.9,0.05,0.2
117.215,0,1.5,-5.140254020690918,1.9,0.05,0.2
117.235,0,2,-6.092129230499268,1.9,0.05,0.2
117.255,0,2,-6.094128608703613,1.9,0.05,0.2
117.275,0,2,-6.096128463745117,1.9,0.05,0.2
117.295,0,1.5,14.852121353149414,1.9,0.05,0.2
117.315,0,2,-6.099752902984619,1.9,0.05,0.2
117.335,0,2,-6.101752758026123,1.9,0.05,0.2
117.355,0,2,-6.103752136230469,1.9,0.05,0.2
117.375,0,3,-28.006126403808594,1.9,0.05,0.2
117.395,0,3,-8.009126663208008,1.9,0.05,0.2
117.415,0,2.5,12.937997817993164,1.9,0.05,0.2
117.435,0,2,-6.114001750946045,1.9,0.05,0.2
117.455,0,1.5,-5.1657514572143555,1.9,0.05,0.2
117.475,0,1.5,-5.1672515869140625,1.9,0.05,0.2
117.495,0,1,-4.218251705169678,1.9,0.05,0.2
117.515,0,1,-4.21925163269043,1.9,0.05,0.2
117.535,0,1,15.779623031616211,1.9,0.05,0.2
117.555,0,1,-4.221377372741699,1.9,0.05,0.2
117.575,0,1,-4.222377300262451,1.9,0.05,0.2
117.595,0,1,-4.223377704620361,1.9,0.05,0.2
117.615,0,1,-4.224377632141113,1.9,0.05,0.2
117.635,0,1,-4.225378036499023,1.9,0.05,0.2
117.655,0,1,-4.226378440856934,1.9,0.05,0.2
117.675,0,1,-4.2273783683776855,1.9,0.05,0.2
117.695,0,1.5,-5.17875337600708,1.9,0.05,0.2
117.715,0,1.5,-5.180253028869629,1.9,0.05,0.2
117.735,0,1.5,-5.181753158569336,1.9,0.05,0.2
117.755,0,2,-26.133377075195312,1.9,0.05,0.2
117.775,0,2,-6.135377883911133,1.9,0.05,0.2
117.795,0,2,-6.137377738952637,1.9,0.05,0.2
117.815,0,2.5,-7.089627265930176,1.9,0.05,0.2
117.835,0,3,-8.042502403259277,1.9,0.05,0.2
117.855,0,2,13.854872703552246,1.9,0.05,0.2
117.875,0,2,-6.147127151489258,1.9,0.05,0.2
117.895,0,2,-6.1491265296936035,1.9,0.05,0.2
117.915,0,2,-6.151126384735107,1.9,0.05,0.2
117.935,0,2,-6.153125762939453,1.9,0.05,0.2
117.955,0,3,-8.055750846862793,1.9,0.05,0.2
117.975,0,3,-8.05875015258789,1.9,0.05,0.2
117.995,0,3,-8.061750411987305,1.9,0.05,0.2
118.015,0,3.5,-9.01512622833252,1.9,0.05,0.2
118.035,0,3.5,-9.01862621307373,1.9,0.05,0.2
118.055,0,4,-9.972625732421875,1.9,0.05,0.2
118.075,0,3.5,-9.026251792907715,1.9,0.05,0.2
118.095,0,3,11.92037296295166,1.9,0.05,0.2
118.115,0,3,-8.082626342773438,1.9,0.05,0.2
118.135,0,3,-8.085626602172852,1.9,0.05,0.2
118.155,0,2,13.811748504638672,1.9,0.05,0.2
118.175,0,2,-6.190251350402832,1.9,0.05,0.2
118.195,0,2,-6.192250728607178,1.9,0.05,0.2
118.215,0,2,-6.194250583648682,1.9,0.05,0.2
118.235,0,2,-6.196249961853027,1.9,0.05,0.2
118.255,0,2,-6.198249816894531,1.9,0.05,0.2
118.275,0,1.5,14.749876022338867,1.9,0.05,0.2
118.295,0,1,-4.301374435424805,1.9,0.05,0.2
118.315,0,1,-4.302374839782715,1.9,0.05,0.2
118.335,0,1,-4.303375244140625,1.9,0.05,0.2
118.355,0,1,-4.304375171661377,1.9,0.05,0.2
118.375,0,1,-4.305375576019287,1.9,0.05,0.2
118.395,0,0.5,-3.356125593185425,1.9,0.05,0.2
118.415,0,1,-24.306751251220703,1.9,0.05,0.2
118.435,0,1,-4.307750701904297,1.9,0.05,0.2
118.455,0,1,-4.308750629425049,1.9,0.05,0.2
118.475,0,1.5,-5.260125637054443,1.9,0.05,0.2
118.495,0,1.5,-5.261625289916992,1.9,0.05,0.2
118.515,0,1.5,-5.263125419616699,1.9,0.05,0.2
118.535,0,2,-6.21512508392334,1.9,0.05,0.2
118.555,0,2,-6.217124938964844,1.9,0.05,0.2
118.575,0,2,-6.219124794006348,1.9,0.05,0.2
118.595,0,2,-6.221124172210693,1.9,0.05,0.2
118.615,0,2,-6.223124027252197,1.9,0.05,0.2
118.635,0,2,-6.225123405456543,1.9,0.05,0.2
118.655,0,2,-6.227123260498047,1.9,0.05,0.2
118.675,0,2,-6.229123115539551,1.9,0.05,0.2
118.695,0,2,-6.2311224937438965,1.9,0.05,0.2
118.715,0,2,-6.2331223487854,1.9,0.05,0.2
118.735,0,2,-6.235121726989746,1.9,0.05,0.2
118.755,0,2,-6.23712158203125,1.9,0.05,0.2
118.775,0,1.5,-5.288746356964111,1.9,0.05,0.2
118.795,0,1,-4.339996337890625,1.9,0.05,0.2
118.815,0,0.5,16.609128952026367,1.9,0.05,0.2
118.835,0,0,-2.4408717155456543,1.9,0.05,0.2
118.855,0,-0.5,-1.49062180519104,1.9,0.05,0.2
118.875,0,-0.5,-1.4901220798492432,1.9,0.05,0.2
118.895,0,-0.5,-1.4896223545074463,1.9,0.05,0.2
118.915,0,-0.5,-1.4891226291656494,1.9,0.05,0.2
118.935,0,-0.5,-1.4886229038238525,1.9,0.05,0.2
118.955,0,-0.5,-1.4881231784820557,1.9,0.05,0.2
118.975,0,-0.5,-1.4876234531402588,1.9,0.05,0.2
118.995,0,0,-2.437373638153076,1.9,0.05,0.2
119.015,0,0,-2.437373638153076,1.9,0.05,0.2
119.035,0,0,-2.437373638153076,1.9,0.05,0.2
119.055,0,0.5,-23.38749885559082,1.9,0.05,0.2
119.075,0,1,-4.338498592376709,1.9,0.05,0.2
119.095,0,1,-4.339498996734619,1.9,0.05,0.2
119.115,0,1,-4.340498924255371,1.9,0.05,0.2
119.135,0,1,-4.341499328613281,1.9,0.05,0.2
119.155,0,1,-4.342499732971191,1.9,0.05,0.2
119.175,0,1,-4.343499660491943,1.9,0.05,0.2
119.195,0,1,-4.3445000648498535,1.9,0.05,0.2
119.215,0,1,-4.3454999923706055,1.9,0.05,0.2
119.235,0,1,-4.346500396728516,1.9,0.05,0.2
119.255,0,1,-4.347500801086426,1.9,0.05,0.2
119.275,0,1,-4.348500728607178,1.9,0.05,0.2
119.295,0,1,-4.349501132965088,1.9,0.05,0.2
119.315,0,1,-4.35050106048584,1.9,0.05,0.2
119.335,0,1,-4.35150146484375,1.9,0.05,0.2
119.355,0,1,-4.35250186920166,1.9,0.05,0.2
119.375,0,1,-4.353501796722412,1.9,0.05,0.2
119.395,0,1,-4.354502201080322,1.9,0.05,0.2
119.415,0,1.5,-5.306001663208008,1.9,0.05,0.2
119.435,0,1.5,-5.307501792907715,1.9,0.05,0.2
119.455,0,1.5,-5.309001922607422,1.9,0.05,0.2
119.475,0,1,-4.360126972198486,1.9,0.05,0.2
119.495,0,1,-4.3611273765563965,1.9,0.05,0.2
119.515,0,0,17.53824806213379,1.9,0.05,0.2
119.535,0,0,-2.461752414703369,1.9,0.05,0.2
119.555,0,0,-2.461752414703369,1.9,0.05,0.2
119.575,0,0,-2.461752414703369,1.9,0.05,0.2
119.595,0,0,-2.461752414703369,1.9,0.05,0.2
119.615,0,1,-24.36225128173828,1.9,0.05,0.2
119.635,0,1,-4.363252639770508,1.9,0.05,0.2
119.655,0,1,-4.36425256729126,1.9,0.05,0.2
119.675,0,1,-4.36525297164917,1.9,0.05,0.2
119.695,0,1,-4.366252899169922,1.9,0.05,0.2
119.715,0,1.5,-25.317378997802734,1.9,0.05,0.2
119.735,0,1.5,-5.318878173828125,1.9,0.05,0.2
119.755,0,1.5,-5.320378303527832,1.9,0.05,0.2
119.775,0,1.5,-5.321877956390381,1.9,0.05,0.2
119.795,0,2,-6.273627758026123,1.9,0.05,0.2
119.815,0,2,-6.275627613067627,1.9,0.05,0.2
119.835,0,2,-6.277626991271973,1.9,0.05,0.2
119.855,0,2,-6.279626846313477,1.9,0.05,0.2
119.875,0,2,-6.2816267013549805,1.9,0.05,0.2
119.895,0,1.5,-5.333250999450684,1.9,0.05,0.2
119.915,0,1.5,-5.334751129150391,1.9,0.05,0.2
119.935,0,1,-4.3860015869140625,1.9,0.05,0.2
119.955,0,1,-4.3870015144348145,1.9,0.05,0.2
119.975,0,0,-2.487126588821411,1.9,0.05,0.2
119.995,0,0,17.51274871826172,1.9,0.05,0.2
120.015,90,1,44,1.9,0.05,0.2
120.035,90,1,44,1.9,0.05,0.2
120.055,90,1.5,44,1.9,0.05,0.2
120.075,90,4,44,1.9,0.05,0.2
120.095,90,8.5,44,1.9,0.05,0.2
120.115,90,15,44,1.9,0.05,0.2
120.135,90,23,44,1.9,0.05,0.2
120.155,90,32,28.336868286132812,1.9,0.05,0.2
120.175,90,43,-32.51200866699219,1.9,0.05,0.2
120.195,90,53.5,-11.471382141113281,1.9,0.05,0.2
120.215,90,62,-28.54012680053711,1.9,0.05,0.2
120.235,90,69.5,-22.76700210571289,1.9,0.05,0.2
120.255,90,75.5,-34.15025329589844,1.9,0.05,0.2
120.275,90,79.5,-1.7383766174316406,1.9,0.05,0.2
120.295,90,82.5,-7.430001258850098,1.9,0.05,0.2
120.315,90,85,-32.17412567138672,1.9,0.05,0.2
120.335,90,87,-35.970252990722656,1.9,0.05,0.2
120.355,90,88,2.1319987773895264,1.9,0.05,0.2
120.375,90,89,0.23324882984161377,1.9,0.05,0.2
120.395,90,89.5,-0.7160012125968933,1.9,0.05,0.2
120.415,90,89.5,-0.7155014872550964,1.9,0.05,0.2
120.435,90,90,-1.6655014753341675,1.9,0.05,0.2
120.455,90,91,-23.566001892089844,1.9,0.05,0.2
120.475,90,91,-3.5670015811920166,1.9,0.05,0.2
120.495,90,91.5,-4.518376350402832,1.9,0.05,0.2
120.515,90,91.5,-4.519876480102539,1.9,0.05,0.2
120.535,90,91.5,-4.521376609802246,1.9,0.05,0.2
120.555,90,92,-5.473126411437988,1.9,0.05,0.2
120.575,90,92,-5.475125789642334,1.9,0.05,0.2
120.595,90,92,-5.477125644683838,1.9,0.05,0.2
120.615,90,92,-5.479125022888184,1.9,0.05,0.2
120.635,90,92.5,-6.431375026702881,1.9,0.05,0.2
120.655,90,92.5,-6.43387508392334,1.9,0.05,0.2
120.675,90,92,-5.485875129699707,1.9,0.05,0.2
120.695,90,92,-5.487874507904053,1.9,0.05,0.2
120.715,90,92,-5.489874362945557,1.9,0.05,0.2
120.735,90,92,-5.491873741149902,1.9,0.05,0.2
120.755,90,92,-5.493873596191406,1.9,0.05,0.2
120.775,90,92,-5.49587345123291,1.9,0.05,0.2
120.795,90,92,-5.497872829437256,1.9,0.05,0.2
120.815,90,92.5,-26.449996948242188,1.9,0.05,0.2
120.835,90,92.5,-6.452497959136963,1.9,0.05,0.2
120.855,90,92.5,-6.454998016357422,1.9,0.05,0.2
120.875,90,92.5,-6.457498073577881,1.9,0.05,0.2
120.895,90,92.5,-6.45999813079834,1.9,0.05,0.2
120.915,90,92.5,-6.462498664855957,1.9,0.05,0.2
120.935,90,92.5,-26.464874267578125,1.9,0.05,0.2
120.955,90,92.5,-6.467373847961426,1.9,0.05,0.2
120.975,90,93,-27.419998168945312,1.9,0.05,0.2
120.995,90,93,-7.422998428344727,1.9,0.05,0.2
121.015,90,92.5,13.524126052856445,1.9,0.05,0.2
121.035,90,92.5,-6.4783735275268555,1.9,0.05,0.2
121.055,90,92,-5.530373573303223,1.9,0.05,0.2
121.075,90,92,-5.532372951507568,1.9,0.05,0.2
121.095,90,92.5,-6.484873294830322,1.9,0.05,0.2
121.115,90,93,-7.437872886657715,1.9,0.05,0.2
121.135,90,92.5,-6.4906229972839355,1.9,0.05,0.2
121.155,90,92.5,-6.4931230545043945,1.9,0.05,0.2
121.175,90,92,14.45462703704834,1.9,0.05,0.2
121.195,90,92,-5.547372817993164,1.9,0.05,0.2
121.215,90,92.5,-6.499873161315918,1.9,0.05,0.2
121.235,90,92.5,-6.502373218536377,1.9,0.05,0.2
121.255,90,92,-5.554497718811035,1.9,0.05,0.2
121.275,90,92,-5.556497573852539,1.9,0.05,0.2
121.295,90,92,-5.558497428894043,1.9,0.05,0.2
121.315,90,92,-5.56024694442749,1.9,0.05,0.2
121.335,90,92,-5.562246799468994,1.9,0.05,0.2
121.355,90,92.5,-6.514496803283691,1.9,0.05,0.2
121.375,90,92.5,-6.51699686050415,1.9,0.05,0.2
121.395,90,92,14.430627822875977,1.9,0.05,0.2
121.415,90,92,14.428253173828125,1.9,0.05,0.2
121.435,90,92,-5.573746681213379,1.9,0.05,0.2
121.455,90,92,-5.575746059417725,1.9,0.05,0.2
121.475,90,91.5,-4.627495765686035,1.9,0.05,0.2
121.495,90,91.5,-4.628995895385742,1.9,0.05,0.2
121.515,90,91.5,-4.630496025085449,1.9,0.05,0.2
121.535,90,91.5,-4.631995677947998,1.9,0.05,0.2
121.555,90,92,-5.58374547958374,1.9,0.05,0.2
121.575,90,92,-5.585745334625244,1.9,0.05,0.2
121.595,90,91.5,15.362380027770996,1.9,0.05,0.2
121.615,90,91.5,-4.639120101928711,1.9,0.05,0.2
121.635,90,91.5,-4.64061975479126,1.9,0.05,0.2
121.655,90,91.5,-4.642119884490967,1.9,0.05,0.2
121.675,90,92,-25.5937442779541,1.9,0.05,0.2
121.695,90,92,-5.595494270324707,1.9,0.05,0.2
121.715,90,92,-5.597494125366211,1.9,0.05,0.2
121.735,90,92,-5.599493980407715,1.9,0.05,0.2
121.755,90,92,-5.6014933586120605,1.9,0.05,0.2
121.775,90,92,-5.6034932136535645,1.9,0.05,0.2
121.795,90,92,-5.60549259185791,1.9,0.05,0.2
121.815,90,92,-5.607492446899414,1.9,0.05,0.2
121.835,90,92,-5.609492301940918,1.9,0.05,0.2
121.855,90,92,-5.611491680145264,1.9,0.05,0.2
121.875,90,92,-5.613491535186768,1.9,0.05,0.2
121.895,90,91.5,-4.665116310119629,1.9,0.05,0.2
121.915,90,91.5,-4.666616439819336,1.9,0.05,0.2
121.935,90,91.5,-4.668116092681885,1.9,0.05,0.2
121.955,90,91.5,-4.669616222381592,1.9,0.05,0.2
121.975,90,92,-5.621615886688232,1.9,0.05,0.2
121.995,90,92,-5.623615264892578,1.9,0.05,0.2
122.015,90,92.5,-6.575865268707275,1.9,0.05,0.2
122.035,90,93,-7.528739929199219,1.9,0.05,0.2
122.055,90,93,-7.531740188598633,1.9,0.05,0.2
122.075,90,93,-27.53449058532715,1.9,0.05,0.2
122.095,90,92.5,-6.5869903564453125,1.9,0.05,0.2
122.115,90,92,-5.6389899253845215,1.9,0.05,0.2
122.135,90,92,-5.640989780426025,1.9,0.05,0.2
122.155,90,92,-5.642989158630371,1.9,0.05,0.2
122.175,90,92,-5.644989013671875,1.9,0.05,0.2
122.195,90,92,-5.646988868713379,1.9,0.05,0.2
122.215,90,91.5,-4.69861364364624,1.9,0.05,0.2
122.235,90,91.5,-4.700113296508789,1.9,0.05,0.2
122.255,90,91.5,-4.701613426208496,1.9,0.05,0.2
122.275,90,91.5,-4.703113555908203,1.9,0.05,0.2
122.295,90,91.5,-4.704613208770752,1.9,0.05,0.2
122.315,90,91.5,-4.706113338470459,1.9,0.05,0.2
122.335,90,91.5,-4.707612991333008,1.9,0.05,0.2
122.355,90,91.5,-4.709113121032715,1.9,0.05,0.2
122.375,90,91.5,-4.710613250732422,1.9,0.05,0.2
122.395,90,91,-3.7617383003234863,1.9,0.05,0.2
122.415,90,91.5,-4.713113307952881,1.9,0.05,0.2
122.435,90,91.5,-4.71461296081543,1.9,0.05,0.2
122.455,90,91,-3.7657382488250732,1.9,0.05,0.2
122.475,90,91,-3.7667384147644043,1.9,0.05,0.2
122.495,90,91,-3.7677388191223145,1.9,0.05,0.2
122.515,90,91.5,-4.719113826751709,1.9,0.05,0.2
122.535,90,92,-5.670863628387451,1.9,0.05,0.2
122.555,90,92,-5.672863006591797,1.9,0.05,0.2
122.575,90,92.5,-26.624988555908203,1.9,0.05,0.2
122.595,90,93,-7.577737808227539,1.9,0.05,0.2
122.615,90,93,-7.580737590789795,1.9,0.05,0.2
122.635,90,93,-7.583737373352051,1.9,0.05,0.2
122.655,90,93,-7.586737632751465,1.9,0.05,0.2
122.675,90,93,-7.589737415313721,1.9,0.05,0.2
122.695,90,93,-7.592737197875977,1.9,0.05,0.2
122.715,90,92.5,-6.645487308502197,1.9,0.05,0.2
122.735,90,92.5,-6.6481122970581055,1.9,0.05,0.2
122.755,90,92.5,-6.650612831115723,1.9,0.05,0.2
122.775,90,92,-5.702737331390381,1.9,0.05,0.2
122.795,90,92,-5.704737186431885,1.9,0.05,0.2
122.815,90,92.5,-6.656987190246582,1.9,0.05,0.2
122.835,90,92.5,-6.659487247467041,1.9,0.05,0.2
122.855,90,92.5,-6.6619873046875,1.9,0.05,0.2
122.875,90,93,-7.614861965179443,1.9,0.05,0.2
122.895,90,93,-7.617861747741699,1.9,0.05,0.2
122.915,90,93,-7.620862007141113,1.9,0.05,0.2
122.935,90,93,-7.623861789703369,1.9,0.05,0.2
122.955,90,92.5,-6.676362037658691,1.9,0.05,0.2
122.975,90,92.5,-6.67886209487915,1.9,0.05,0.2
122.995,90,92.5,-6.681362152099609,1.9,0.05,0.2
123.015,90,92,14.26626205444336,1.9,0.05,0.2
123.035,90,92,-5.735736846923828,1.9,0.05,0.2
123.055,90,91.5,-4.787487030029297,1.9,0.05,0.2
123.075,90,91.5,-4.788986682891846,1.9,0.05,0.2
123.095,90,91.5,-4.790486812591553,1.9,0.05,0.2
123.115,90,91.5,-4.791986465454102,1.9,0.05,0.2
123.135,90,91.5,-4.793486595153809,1.9,0.05,0.2
123.155,90,91.5,-4.794986724853516,1.9,0.05,0.2
123.175,90,91.5,-4.7964863777160645,1.9,0.05,0.2
123.195,90,91.5,-4.7979865074157715,1.9,0.05,0.2
123.215,90,92,-5.749861240386963,1.9,0.05,0.2
123.235,90,92,-5.751860618591309,1.9,0.05,0.2
123.255,90,92,-5.7538604736328125,1.9,0.05,0.2
123.275,90,92,-5.755985260009766,1.9,0.05,0.2
123.295,90,92,-5.7579851150512695,1.9,0.05,0.2
123.315,90,92,-5.759984493255615,1.9,0.05,0.2
123.335,90,91.5,-4.811609268188477,1.9,0.05,0.2
123.355,90,91.5,-4.813109397888184,1.9,0.05,0.2
123.375,90,91.5,-4.814609527587891,1.9,0.05,0.2
123.395,90,91.5,-4.8161091804504395,1.9,0.05,0.2
123.415,90,91.5,-4.8176093101501465,1.9,0.05,0.2
123.435,90,91.5,-4.819108963012695,1.9,0.05,0.2
123.455,90,91,-3.8701093196868896,1.9,0.05,0.2
123.475,90,91,-3.8711094856262207,1.9,0.05,0.2
123.495,90,91,-3.872109889984131,1.9,0.05,0.2
123.515,90,91,-3.873110055923462,1.9,0.05,0.2
123.535,90,91,-3.874110221862793,1.9,0.05,0.2
123.555,90,91,-3.875110387802124,1.9,0.05,0.2
123.575,90,91,-3.876110553741455,1.9,0.05,0.2
123.595,90,91,-3.8771109580993652,1.9,0.05,0.2
123.615,90,91,-3.8781111240386963,1.9,0.05,0.2
123.635,90,90.5,-2.9286108016967773,1.9,0.05,0.2
123.655,90,91,-3.879485845565796,1.9,0.05,0.2
123.675,90,91,-3.880486011505127,1.9,0.05,0.2
123.695,90,91,-3.881486415863037,1.9,0.05,0.2
123.715,90,91,-3.882486581802368,1.9,0.05,0.2
123.735,90,91,-3.883486747741699,1.9,0.05,0.2
123.755,90,91,-3.8844869136810303,1.9,0.05,0.2
123.775,90,91,-3.8854870796203613,1.9,0.05,0.2
123.795,90,91.5,-4.836737155914307,1.9,0.05,0.2
123.815,90,91.5,-4.838237285614014,1.9,0.05,0.2
123.835,90,91.5,-4.8397369384765625,1.9,0.05,0.2
123.855,90,91.5,-4.8412370681762695,1.9,0.05,0.2
123.875,90,91.5,-4.842737197875977,1.9,0.05,0.2
123.895,90,91.5,-4.844236850738525,1.9,0.05,0.2
123.915,90,91.5,-4.845736980438232,1.9,0.05,0.2
123.935,90,91.5,-4.847236633300781,1.9,0.05,0.2
123.955,90,91.5,-4.848736763000488,1.9,0.05,0.2
123.975,90,91.5,-4.850236892700195,1.9,0.05,0.2
123.995,90,91.5,-4.851736545562744,1.9,0.05,0.2
124.015,90,91,-4.853236198425293,1.9,0.05,0.2
124.035,90,91,-3.9042367935180664,1.9,0.05,0.2
124.055,90,90.5,-2.954986810684204,1.9,0.05,0.2
124.075,90,91,-3.9058618545532227,1.9,0.05,0.2
124.095,90,91.5,-24.85698699951172,1.9,0.05,0.2
124.115,90,91.5,-4.858487129211426,1.9,0.05,0.2
124.135,90,91.5,-4.859986782073975,1.9,0.05,0.2
124.155,90,91.5,-4.861486434936523,1.9,0.05,0.2
124.175,90,91.5,-4.8629865646362305,1.9,0.05,0.2
124.195,90,91.5,-4.8644866943359375,1.9,0.05,0.2
124.215,90,91.5,-4.8659868240356445,1.9,0.05,0.2
124.235,90,91.5,-4.867486476898193,1.9,0.05,0.2
124.255,90,91.5,-4.868986129760742,1.9,0.05,0.2
124.275,90,92,-5.820736408233643,1.9,0.05,0.2
124.295,90,92,-5.822735786437988,1.9,0.05,0.2
124.315,90,92,-5.824735641479492,1.9,0.05,0.2
124.335,90,92,-5.826735496520996,1.9,0.05,0.2
124.355,90,92,-5.828734874725342,1.9,0.05,0.2
124.375,90,92,-5.830734729766846,1.9,0.05,0.2
124.395,90,92,-5.832734107971191,1.9,0.05,0.2
124.415,90,92,-5.834733963012695,1.9,0.05,0.2
124.435,90,92.5,-6.786983966827393,1.9,0.05,0.2
124.455,90,92.5,-6.789484024047852,1.9,0.05,0.2
124.475,90,92,-5.841733932495117,1.9,0.05,0.2
124.495,90,92,-5.843733787536621,1.9,0.05,0.2
124.515,90,92,-5.845733165740967,1.9,0.05,0.2
124.535,90,92,-5.847733020782471,1.9,0.05,0.2
124.555,90,91.5,-4.899232864379883,1.9,0.05,0.2
124.575,90,91.5,-4.90073299407959,1.9,0.05,0.2
124.595,90,91.5,-4.902232646942139,1.9,0.05,0.2
124.615,90,91.5,-4.9037322998046875,1.9,0.05,0.2
124.635,90,91.5,-4.9052324295043945,1.9,0.05,0.2
124.655,90,92,-25.856857299804688,1.9,0.05,0.2
124.675,90,92,-5.858857154846191,1.9,0.05,0.2
124.695,90,91.5,15.08926773071289,1.9,0.05,0.2
124.715,90,92,-25.862356185913086,1.9,0.05,0.2
124.735,90,92,-5.864356517791748,1.9,0.05,0.2
124.755,90,91.5,-4.916106224060059,1.9,0.05,0.2
124.775,90,91.5,-4.917606353759766,1.9,0.05,0.2
124.795,90,91.5,-4.9191060066223145,1.9,0.05,0.2
124.815,90,91.5,-4.920605659484863,1.9,0.05,0.2
124.835,90,91.5,-4.92210578918457,1.9,0.05,0.2
124.855,90,91.5,-4.923605918884277,1.9,0.05,0.2
124.875,90,91,-3.974855899810791,1.9,0.05,0.2
124.895,90,91,-3.975856304168701,1.9,0.05,0.2
124.915,90,91.5,-24.92698097229004,1.9,0.05,0.2
124.935,90,91.5,-4.928481101989746,1.9,0.05,0.2
124.955,90,91.5,-4.929981231689453,1.9,0.05,0.2
124.975,90,91.5,-4.93148136138916,1.9,0.05,0.2
124.995,90,91,-3.982731342315674,1.9,0.05,0.2
125.015,90,91,-3.983731269836426,1.9,0.05,0.2
125.035,90,91.5,-4.9352312088012695,1.9,0.05,0.2
125.055,90,92,-25.886856079101562,1.9,0.05,0.2
125.075,90,92,-5.888855934143066,1.9,0.05,0.2
125.095,90,92,-5.89085578918457,1.9,0.05,0.2
125.115,90,92,-5.892855167388916,1.9,0.05,0.2
125.135,90,91.5,-4.944479942321777,1.9,0.05,0.2
125.155,90,91.5,-4.946105003356934,1.9,0.05,0.2
125.175,90,91.5,-4.947605133056641,1.9,0.05,0.2
125.195,90,91.5,-4.9491047859191895,1.9,0.05,0.2
125.215,90,91.5,-4.950604438781738,1.9,0.05,0.2
125.235,90,92,-5.902354717254639,1.9,0.05,0.2
125.255,90,92,-5.904229164123535,1.9,0.05,0.2
125.275,90,92,-5.906229019165039,1.9,0.05,0.2
125.295,90,92,-5.908228874206543,1.9,0.05,0.2
125.315,90,92,-5.910228252410889,1.9,0.05,0.2
125.335,90,92,-5.912228107452393,1.9,0.05,0.2
125.355,90,92.5,-6.86447811126709,1.9,0.05,0.2
125.375,90,92,-5.916477680206299,1.9,0.05,0.2
125.395,90,92,-5.9184770584106445,1.9,0.05,0.2
125.415,90,92,-5.920476913452148,1.9,0.05,0.2
125.435,90,92.5,-26.872600555419922,1.9,0.05,0.2
125.455,90,92.5,-6.8751020431518555,1.9,0.05,0.2
125.475,90,93,-7.82785177230835,1.9,0.05,0.2
125.495,90,93,-7.8308515548706055,1.9,0.05,0.2
125.515,90,92.5,-6.883602142333984,1.9,0.05,0.2
125.535,90,92,14.0640230178833,1.9,0.05,0.2
125.555,90,92,-5.937976360321045,1.9,0.05,0.2
125.575,90,92,-5.939976215362549,1.9,0.05,0.2
125.595,90,92,-5.9419755935668945,1.9,0.05,0.2
125.615,90,92,-5.943975448608398,1.9,0.05,0.2
125.635,90,92,-5.945975303649902,1.9,0.05,0.2
125.655,90,92,-5.947974681854248,1.9,0.05,0.2
125.675,90,92,-5.949974536895752,1.9,0.05,0.2
125.695,90,91.5,-5.001474380493164,1.9,0.05,0.2
125.715,90,91.5,-5.002974510192871,1.9,0.05,0.2
125.735,90,91.5,-5.00447416305542,1.9,0.05,0.2
125.755,90,91.5,-5.005973815917969,1.9,0.05,0.2
125.775,90,91.5,-5.007473945617676,1.9,0.05,0.2
125.795,90,91.5,-5.008974075317383,1.9,0.05,0.2
125.815,90,91,-4.060099124908447,1.9,0.05,0.2
125.835,90,91,-4.061099529266357,1.9,0.05,0.2
125.855,90,91,-4.062099456787109,1.9,0.05,0.2
125.875,90,91,-4.0630998611450195,1.9,0.05,0.2
125.895,90,91,-4.06410026550293,1.9,0.05,0.2
125.915,90,91,-4.065100193023682,1.9,0.05,0.2
125.935,90,91,-4.066100597381592,1.9,0.05,0.2
125.955,90,90.5,-3.1168506145477295,1.9,0.05,0.2
125.975,90,90.5,-3.1173503398895264,1.9,0.05,0.2
125.995,90,91,-24.067974090576172,1.9,0.05,0.2
126.015,90,91,-4.068850040435791,1.9,0.05,0.2
126.035,90,90.5,-3.1194751262664795,1.9,0.05,0.2
126.055,90,90.5,-3.1199748516082764,1.9,0.05,0.2
126.075,90,91,-4.0707244873046875,1.9,0.05,0.2
126.095,90,91,-4.071724891662598,1.9,0.05,0.2
126.115,90,90.5,16.877399444580078,1.9,0.05,0.2
126.135,90,91,-4.073474884033203,1.9,0.05,0.2
126.155,90,91,-4.074475288391113,1.9,0.05,0.2
126.175,90,91.5,-25.02560043334961,1.9,0.05,0.2
126.195,90,91.5,-5.027100563049316,1.9,0.05,0.2
126.215,90,91.5,-5.028600215911865,1.9,0.05,0.2
126.235,90,91.5,-5.030099868774414,1.9,0.05,0.2
126.255,90,91.5,-5.031599998474121,1.9,0.05,0.2
126.275,90,91.5,-5.033100128173828,1.9,0.05,0.2
126.295,90,91.5,-5.034600257873535,1.9,0.05,0.2
126.315,90,91.5,14.963525772094727,1.9,0.05,0.2
126.335,90,91.5,-5.0379743576049805,1.9,0.05,0.2
126.355,90,91,15.910650253295898,1.9,0.05,0.2
126.375,90,91,-4.090350151062012,1.9,0.05,0.2
126.395,90,91,-4.091350078582764,1.9,0.05,0.2
126.415,90,91,-4.092350482940674,1.9,0.05,0.2
126.435,90,91.5,-5.04372501373291,1.9,0.05,0.2
126.455,90,91.5,-5.045225143432617,1.9,0.05,0.2
126.475,90,91.5,-5.046725273132324,1.9,0.05,0.2
126.495,90,91.5,-5.048225402832031,1.9,0.05,0.2
126.515,90,91.5,-5.04972505569458,1.9,0.05,0.2
126.535,90,91.5,-5.051224708557129,1.9,0.05,0.2
126.555,90,91.5,-5.052724838256836,1.9,0.05,0.2
126.575,90,91.5,-5.054224967956543,1.9,0.05,0.2
126.595,90,92,-6.006099700927734,1.9,0.05,0.2
126.615,90,92,-6.008099555969238,1.9,0.05,0.2
126.635,90,91.5,-5.059723854064941,1.9,0.05,0.2
126.655,90,91.5,-5.061223983764648,1.9,0.05,0.2
126.675,90,92,-26.012847900390625,1.9,0.05,0.2
126.695,90,91.5,14.935525894165039,1.9,0.05,0.2
126.715,90,91.5,-5.06597375869751,1.9,0.05,0.2
126.735,90,91,15.882651329040527,1.9,0.05,0.2
126.755,90,91,15.881401062011719,1.9,0.05,0.2
126.775,90,91.5,-5.070098876953125,1.9,0.05,0.2
126.795,90,91.5,-5.071599006652832,1.9,0.05,0.2
126.815,90,92,-6.023598670959473,1.9,0.05,0.2
126.835,90,92,-6.025598049163818,1.9,0.05,0.2
126.855,90,92,-6.027597904205322,1.9,0.05,0.2
126.875,90,91.5,14.920527458190918,1.9,0.05,0.2
126.895,90,91.5,-5.080972671508789,1.9,0.05,0.2
126.915,90,91.5,-5.082472324371338,1.9,0.05,0.2
126.935,90,92,-6.0344719886779785,1.9,0.05,0.2
126.955,90,92,-6.036471843719482,1.9,0.05,0.2
126.975,90,92,-6.038471221923828,1.9,0.05,0.2
126.995,90,92,-6.040471076965332,1.9,0.05,0.2
127.015,90,91.5,-5.091970920562744,1.9,0.05,0.2
127.035,90,92,-6.043720722198486,1.9,0.05,0.2
127.055,90,92,-6.04572057723999,1.9,0.05,0.2
127.075,90,92,-6.047719955444336,1.9,0.05,0.2
127.095,90,92,-6.04971981048584,1.9,0.05,0.2
127.115,90,92.5,-7.001969814300537,1.9,0.05,0.2
127.135,90,92.5,-7.004469871520996,1.9,0.05,0.2
127.155,90,92,-6.056469440460205,1.9,0.05,0.2
127.175,90,91.5,14.891655921936035,1.9,0.05,0.2
127.195,90,91.5,-5.109844207763672,1.9,0.05,0.2
127.215,90,91.5,-5.111344337463379,1.9,0.05,0.2
127.235,90,91.5,-5.112843990325928,1.9,0.05,0.2
127.255,90,92,-6.064843654632568,1.9,0.05,0.2
127.275,90,92,-6.066843509674072,1.9,0.05,0.2
127.295,90,92,-6.068842887878418,1.9,0.05,0.2
127.315,90,91.5,-5.120343208312988,1.9,0.05,0.2
127.335,90,91.5,-5.121842861175537,1.9,0.05,0.2
127.355,90,91,-4.172967910766602,1.9,0.05,0.2
127.375,90,90.5,-3.22359299659729,1.9,0.05,0.2
127.395,90,90,17.726032257080078,1.9,0.05,0.2
127.415,90,90,-2.273967742919922,1.9,0.05,0.2
127.435,90,90,-2.273967742919922,1.9,0.05,0.2
127.455,90,91,-24.174592971801758,1.9,0.05,0.2
127.475,90,91,-4.17559289932251,1.9,0.05,0.2
127.495,90,91.5,-25.12671661376953,1.9,0.05,0.2
127.515,90,91.5,-5.1280927658081055,1.9,0.05,0.2
127.535,90,91,-4.179343223571777,1.9,0.05,0.2
127.555,90,91,-4.180343151092529,1.9,0.05,0.2
127.575,90,91,-4.1813435554504395,1.9,0.05,0.2
127.595,90,91,-4.182343482971191,1.9,0.05,0.2
127.615,90,91,-4.183343887329102,1.9,0.05,0.2
127.635,90,91,-4.184344291687012,1.9,0.05,0.2
127.655,90,91.5,-25.135469436645508,1.9,0.05,0.2
127.675,90,91.5,-5.136969089508057,1.9,0.05,0.2
127.695,90,92,-6.088718891143799,1.9,0.05,0.2
127.715,90,92,-6.090718746185303,1.9,0.05,0.2
127.735,90,92,-6.092718124389648,1.9,0.05,0.2
127.755,90,92,-6.094717979431152,1.9,0.05,0.2
127.775,90,92,-6.096717834472656,1.9,0.05,0.2
127.795,90,92,-6.098717212677002,1.9,0.05,0.2
127.815,90,92,-6.100717067718506,1.9,0.05,0.2
127.835,90,92,-6.102716445922852,1.9,0.05,0.2
127.855,90,92,-6.1047163009643555,1.9,0.05,0.2
127.875,90,92,-6.106716156005859,1.9,0.05,0.2
127.895,90,92,-6.108590602874756,1.9,0.05,0.2
127.915,90,92,-6.11059045791626,1.9,0.05,0.2
127.935,90,92,-6.1125898361206055,1.9,0.05,0.2
127.955,90,92,-6.114589691162109,1.9,0.05,0.2
127.975,90,92,-6.116589546203613,1.9,0.05,0.2
127.995,90,92,-6.118588924407959,1.9,0.05,0.2
128.015,90,91.5,-5.1703386306762695,1.9,0.05,0.2
128.035,90,91.5,-5.171838760375977,1.9,0.05,0.2
128.055,90,91.5,-5.173338890075684,1.9,0.05,0.2
128.075,90,91,-4.224463939666748,1.9,0.05,0.2
128.095,90,91.5,-5.175963401794434,1.9,0.05,0.2
128.115,90,91,15.772661209106445,1.9,0.05,0.2
128.135,90,91,-4.228339195251465,1.9,0.05,0.2
128.155,90,91,-4.229339122772217,1.9,0.05,0.2
128.175,90,91,-24.230213165283203,1.9,0.05,0.2
128.195,90,91,-4.23121452331543,1.9,0.05,0.2
128.215,90,91,-4.23221492767334,1.9,0.05,0.2
128.235,90,91,-4.233214855194092,1.9,0.05,0.2
128.255,90,91.5,-25.18433952331543,1.9,0.05,0.2
128.275,90,91.5,-5.185839653015137,1.9,0.05,0.2
128.295,90,91.5,-5.187339782714844,1.9,0.05,0.2
128.315,90,91,-4.238590240478516,1.9,0.05,0.2
128.335,90,91,-4.239590167999268,1.9,0.05,0.2
128.355,90,91.5,-5.191090106964111,1.9,0.05,0.2
128.375,90,91.5,-5.19258975982666,1.9,0.05,0.2
128.395,90,92,-26.144214630126953,1.9,0.05,0.2
128.415,90,92,-6.146214485168457,1.9,0.05,0.2
128.435,90,92.5,-7.0984649658203125,1.9,0.05,0.2
128.455,90,92.5,-7.100964546203613,1.9,0.05,0.2
128.475,90,92,-6.153214454650879,1.9,0.05,0.2
128.495,90,92,-6.155214309692383,1.9,0.05,0.2
128.515,90,91.5,-5.206964015960693,1.9,0.05,0.2
128.535,90,91.5,-5.208463668823242,1.9,0.05,0.2
128.555,90,92,-26.16008949279785,1.9,0.05,0.2
128.575,90,92,-6.162088394165039,1.9,0.05,0.2
128.595,90,91.5,14.786036491394043,1.9,0.05,0.2
128.615,90,91.5,-5.215463161468506,1.9,0.05,0.2
128.635,90,91.5,-5.216962814331055,1.9,0.05,0.2
128.655,90,91.5,-5.218462944030762,1.9,0.05,0.2
128.675,90,91.5,-5.219963073730469,1.9,0.05,0.2
128.695,90,91.5,-5.221463203430176,1.9,0.05,0.2
128.715,90,91.5,-5.222962856292725,1.9,0.05,0.2
128.735,90,91.5,-5.224462509155273,1.9,0.05,0.2
128.755,90,92,-6.176462650299072,1.9,0.05,0.2
128.775,90,92,-6.178462028503418,1.9,0.05,0.2
128.795,90,91.5,-5.229962348937988,1.9,0.05,0.2
128.815,90,91.5,-5.231462001800537,1.9,0.05,0.2
128.835,90,91.5,-5.232961654663086,1.9,0.05,0.2
128.855,90,91.5,-5.234461784362793,1.9,0.05,0.2
128.875,90,91.5,-5.2359619140625,1.9,0.05,0.2
128.895,90,91.5,-5.237462043762207,1.9,0.05,0.2
128.915,90,91.5,-5.238961696624756,1.9,0.05,0.2
128.935,90,91.5,-5.240461349487305,1.9,0.05,0.2
128.955,90,91.5,-5.241961479187012,1.9,0.05,0.2
128.975,90,91.5,14.756413459777832,1.9,0.05,0.2
128.995,90,92,-6.195461273193359,1.9,0.05,0.2
129.015,90,91.5,-5.2469611167907715,1.9,0.05,0.2
129.035,90,91,-4.298211097717285,1.9,0.05,0.2
129.055,90,91,-4.299211502075195,1.9,0.05,0.2
129.075,90,91,-4.3002119064331055,1.9,0.05,0.2
129.095,90,91,-4.301211833953857,1.9,0.05,0.2
129.115,90,91,-4.302212238311768,1.9,0.05,0.2
129.135,90,91,-4.3032121658325195,1.9,0.05,0.2
129.155,90,91.5,-5.254462242126465,1.9,0.05,0.2
129.175,90,91.5,-5.255962371826172,1.9,0.05,0.2
129.195,90,91.5,-5.257462501525879,1.9,0.05,0.2
129.215,90,91.5,-5.258962154388428,1.9,0.05,0.2
129.235,90,91.5,-5.260461807250977,1.9,0.05,0.2
129.255,90,91.5,-5.261961936950684,1.9,0.05,0.2
129.275,90,91.5,-5.263462066650391,1.9,0.05,0.2
129.295,90,91.5,-5.264962196350098,1.9,0.05,0.2
129.315,90,91.5,-5.2664618492126465,1.9,0.05,0.2
129.335,90,92,-26.21808624267578,1.9,0.05,0.2
129.355,90,92,-6.220086574554443,1.9,0.05,0.2
129.375,90,92,-6.222085952758789,1.9,0.05,0.2
129.395,90,92,-6.2238359451293945,1.9,0.05,0.2
129.415,90,92,-6.225835800170898,1.9,0.05,0.2
129.435,90,92,-6.227835178375244,1.9,0.05,0.2
129.455,90,92,-6.229835033416748,1.9,0.05,0.2
129.475,90,91.5,-5.28133487701416,1.9,0.05,0.2
129.495,90,91.5,-5.282835006713867,1.9,0.05,0.2
129.515,90,91.5,-5.284334659576416,1.9,0.05,0.2
129.535,90,92,-6.236209392547607,1.9,0.05,0.2
129.555,90,92,-6.238209247589111,1.9,0.05,0.2
129.575,90,92,-6.240208625793457,1.9,0.05,0.2
129.595,90,91.5,-5.291708946228027,1.9,0.05,0.2
129.615,90,91.5,-5.293208599090576,1.9,0.05,0.2
129.635,90,91.5,-5.294708251953125,1.9,0.05,0.2
129.655,90,91.5,-5.296208381652832,1.9,0.05,0.2
129.675,90,91.5,-5.297708511352539,1.9,0.05,0.2
129.695,90,91.5,-5.299208641052246,1.9,0.05,0.2
129.715,90,91.5,-5.300708293914795,1.9,0.05,0.2
129.735,90,91.5,-5.302207946777344,1.9,0.05,0.2
129.755,90,91.5,-5.303708076477051,1.9,0.05,0.2
129.775,90,91.5,-5.305208206176758,1.9,0.05,0.2
129.795,90,92,-6.2569580078125,1.9,0.05,0.2
129.815,90,92,-6.258957862854004,1.9,0.05,0.2
129.835,90,92,-6.26095724105835,1.9,0.05,0.2
129.855,90,92,-6.2629570960998535,1.9,0.05,0.2
129.875,90,91.5,14.685168266296387,1.9,0.05,0.2
129.895,90,92,-6.266831398010254,1.9,0.05,0.2
129.915,90,92,-6.268831253051758,1.9,0.05,0.2
129.935,90,92,-6.2708306312561035,1.9,0.05,0.2
129.955,90,92,-6.272830486297607,1.9,0.05,0.2
129.975,90,92,-6.274829864501953,1.9,0.05,0.2
129.995,90,92,-6.276829719543457,1.9,0.05,0.2
130.015,0,92.5,-44,1.9,0.05,0.2
130.035,0,92,-44,1.9,0.05,0.2
130.055,0,91.5,-44,1.9,0.05,0.2
130.075,0,89.5,-44,1.9,0.05,0.2
130.095,0,87,-44,1.9,0.05,0.2
130.115,0,83.5,-44,1.9,0.05,0.2
130.135,0,79.5,-44,1.9,0.05,0.2
130.155,0,74,-44,1.9,0.05,0.2
130.175,0,68.5,-44,1.9,0.05,0.2
130.195,0,62.5,-44,1.9,0.05,0.2
130.215,0,56,-29.745582580566406,1.9,0.05,0.2
130.235,0,49.5,-37.44757080078125,1.9,0.05,0.2
130.255,0,41.5,-23.242202758789062,1.9,0.05,0.2
130.275,0,34,11.920799255371094,1.9,0.05,0.2
130.295,0,26,27.091796875,1.9,0.05,0.2
130.315,0,20,18.469547271728516,1.9,0.05,0.2
130.335,0,15.5,6.0520477294921875,1.9,0.05,0.2
130.355,0,12,13.638547897338867,1.9,0.05,0.2
130.375,0,10,-22.572078704833984,1.9,0.05,0.2
130.395,0,8,-18.780704498291016,1.9,0.05,0.2
130.415,0,7,-16.888080596923828,1.9,0.05,0.2
130.435,0,5.5,5.956046104431152,1.9,0.05,0.2
130.455,0,4,8.801421165466309,1.9,0.05,0.2
130.475,0,3,10.697920799255371,1.9,0.05,0.2
130.495,0,2,-7.404579162597656,1.9,0.05,0.2
130.515,0,1,14.493921279907227,1.9,0.05,0.2
130.535,0,0,16.393295288085938,1.9,0.05,0.2
130.555,0,0,-3.606703996658325,1.9,0.05,0.2
130.575,0,-0.5,-2.6563286781311035,1.9,0.05,0.2
130.595,0,-0.5,-2.6558279991149902,1.9,0.05,0.2
130.615,0,-1,-1.7048286199569702,1.9,0.05,0.2
130.635,0,-1,-1.7038291692733765,1.9,0.05,0.2
130.655,0,-1,-1.7028297185897827,1.9,0.05,0.2
130.675,0,-0.5,-22.651954650878906,1.9,0.05,0.2
130.695,0,0,-23.601579666137695,1.9,0.05,0.2
130.715,0,0,-3.6015796661376953,1.9,0.05,0.2
130.735,0,0.5,-24.55170440673828,1.9,0.05,0.2
130.755,0,1,-5.50270414352417,1.9,0.05,0.2
130.775,0,1,-5.503703594207764,1.9,0.05,0.2
130.795,0,1,-5.504703044891357,1.9,0.05,0.2
130.815,0,0,16.394672393798828,1.9,0.05,0.2
130.835,0,0,-3.60532808303833,1.9,0.05,0.2
130.855,0,0,-3.60532808303833,1.9,0.05,0.2
130.875,0,0,-3.60532808303833,1.9,0.05,0.2
130.895,0,0,-3.60532808303833,1.9,0.05,0.2
130.915,0,0,-3.60532808303833,1.9,0.05,0.2
130.935,0,0,-3.60532808303833,1.9,0.05,0.2
130.955,0,0,-3.60532808303833,1.9,0.05,0.2
130.975,0,0,-3.60532808303833,1.9,0.05,0.2
130.995,0,0.5,-24.55545425415039,1.9,0.05,0.2
131.015,0,1,-5.506452560424805,1.9,0.05,0.2
131.035,0,1.5,-6.457952499389648,1.9,0.05,0.2
131.055,0,2,-7.409827709197998,1.9,0.05,0.2
131.075,0,2,-7.41182804107666,1.9,0.05,0.2
131.095,0,1.5,-6.463578224182129,1.9,0.05,0.2
131.115,0,1.5,-6.465078353881836,1.9,0.05,0.2
131.135,0,1,-5.516327857971191,1.9,0.05,0.2
131.155,0,1,-5.517327308654785,1.9,0.05,0.2
131.175,0,1,-5.518326759338379,1.9,0.05,0.2
131.195,0,1,-5.519326210021973,1.9,0.05,0.2
131.215,0,1,-5.520325660705566,1.9,0.05,0.2
131.235,0,1,-5.52132511138916,1.9,0.05,0.2
131.255,0,1,-5.522324562072754,1.9,0.05,0.2
131.275,0,1,-5.523324012756348,1.9,0.05,0.2
131.295,0,1,-5.524323463439941,1.9,0.05,0.2
131.315,0,1,-5.525322914123535,1.9,0.05,0.2
131.335,0,1,-5.526322364807129,1.9,0.05,0.2
131.355,0,1,-5.527321815490723,1.9,0.05,0.2
131.375,0,0,16.372053146362305,1.9,0.05,0.2
131.395,0,0,-3.6279468536376953,1.9,0.05,0.2
131.415,0,-0.5,-2.6775715351104736,1.9,0.05,0.2
131.435,0,-1,-1.7268215417861938,1.9,0.05,0.2
131.455,0,-0.5,-2.6760716438293457,1.9,0.05,0.2
131.475,0,-0.5,-2.6755709648132324,1.9,0.05,0.2
131.495,0,0,-3.6253209114074707,1.9,0.05,0.2
131.515,0,0,-3.6253209114074707,1.9,0.05,0.2
131.535,0,0,-3.6253209114074707,1.9,0.05,0.2
131.555,0,1,-5.525945663452148,1.9,0.05,0.2
131.575,0,1,-5.526945114135742,1.9,0.05,0.2
131.595,0,1,-5.527944564819336,1.9,0.05,0.2
131.615,0,1,-5.52894401550293,1.9,0.05,0.2
131.635,0,1,-5.529943466186523,1.9,0.05,0.2
131.655,0,1,-5.530942916870117,1.9,0.05,0.2
131.675,0,1.5,-6.482192516326904,1.9,0.05,0.2
131.695,0,1,-5.533442497253418,1.9,0.05,0.2
131.715,0,1,-5.534441947937012,1.9,0.05,0.2
131.735,0,0,-3.6346919536590576,1.9,0.05,0.2
131.755,0,0,-3.6346919536590576,1.9,0.05,0.2
131.775,0,0.5,-24.584815979003906,1.9,0.05,0.2
131.795,0,1,-5.535816669464111,1.9,0.05,0.2
131.815,0,0,16.363683700561523,1.9,0.05,0.2
131.835,0,0,-3.6363167762756348,1.9,0.05,0.2
131.855,0,0,-3.6363167762756348,1.9,0.05,0.2
131.875,0,1,-5.5369415283203125,1.9,0.05,0.2
131.895,0,1,-5.537940979003906,1.9,0.05,0.2
131.915,0,1,-5.5389404296875,1.9,0.05,0.2
131.935,0,0.5,-4.589690208435059,1.9,0.05,0.2
131.955,0,0,-3.63981556892395,1.9,0.05,0.2
131.975,0,0,-3.63981556892395,1.9,0.05,0.2
131.995,0,0,-3.63981556892395,1.9,0.05,0.2
132.015,0,0,-3.63981556892395,1.9,0.05,0.2
132.035,0,0,-3.63981556892395,1.9,0.05,0.2
132.055,0,0,-3.63981556892395,1.9,0.05,0.2
132.075,0,0,-3.63981556892395,1.9,0.05,0.2
132.095,0,0,-3.63981556892395,1.9,0.05,0.2
132.115,0,0.5,-4.590065956115723,1.9,0.05,0.2
132.135,0,1,-5.540815830230713,1.9,0.05,0.2
132.155,0,1,-5.541815280914307,1.9,0.05,0.2
132.175,0,1,-5.5428147315979,1.9,0.05,0.2
132.195,0,1,-5.543814182281494,1.9,0.05,0.2
132.215,0,1,-5.544813632965088,1.9,0.05,0.2
132.235,0,0.5,15.404312133789062,1.9,0.05,0.2
132.255,0,0,-3.64568829536438,1.9,0.05,0.2
132.275,0,0,-3.64568829536438,1.9,0.05,0.2
132.295,0,0,-3.64568829536438,1.9,0.05,0.2
132.315,0,0.5,-4.595938682556152,1.9,0.05,0.2
132.335,0,0.5,15.403311729431152,1.9,0.05,0.2
132.355,0,0,-3.6469388008117676,1.9,0.05,0.2
132.375,0,0,-3.6469388008117676,1.9,0.05,0.2
132.395,0,0,-3.6469388008117676,1.9,0.05,0.2
132.415,0,0,-3.6469388008117676,1.9,0.05,0.2
132.435,0,0,-3.6469388008117676,1.9,0.05,0.2
132.455,0,0,-3.6469388008117676,1.9,0.05,0.2
132.475,0,0,-3.6469388008117676,1.9,0.05,0.2
132.495,0,0,-3.6469388008117676,1.9,0.05,0.2
132.515,0,0,-3.6469388008117676,1.9,0.05,0.2
132.535,0,-0.5,-2.696563243865967,1.9,0.05,0.2
132.555,0,-0.5,-2.6960628032684326,1.9,0.05,0.2
132.575,0,-0.5,-2.6955623626708984,1.9,0.05,0.2
132.595,0,0,-23.645187377929688,1.9,0.05,0.2
132.615,0,0,-3.6451871395111084,1.9,0.05,0.2
132.635,0,0,-3.6451871395111084,1.9,0.05,0.2
132.655,0,0,-3.6451871395111084,1.9,0.05,0.2
132.675,0,-0.5,-2.694936752319336,1.9,0.05,0.2
132.695,0,-0.5,-2.6944363117218018,1.9,0.05,0.2
132.715,0,-0.5,-22.693811416625977,1.9,0.05,0.2
132.735,0,-0.5,-22.692935943603516,1.9,0.05,0.2
132.755,0,-0.5,-2.6924357414245605,1.9,0.05,0.2
132.775,0,0,-3.642185688018799,1.9,0.05,0.2
132.795,0,-0.5,-2.691685199737549,1.9,0.05,0.2
132.815,0,-0.5,-2.6911845207214355,1.9,0.05,0.2
132.835,0,-0.5,-2.6906840801239014,1.9,0.05,0.2
132.855,0,-0.5,-2.690183639526367,1.9,0.05,0.2
132.875,0,-0.5,-2.689683198928833,1.9,0.05,0.2
132.895,0,-0.5,-2.689182758331299,1.9,0.05,0.2
132.915,0,0,-3.638932466506958,1.9,0.05,0.2
132.935,0,0,-3.638932466506958,1.9,0.05,0.2
132.955,0,0,-3.638932466506958,1.9,0.05,0.2
132.975,0,0,-3.638932466506958,1.9,0.05,0.2
132.995,0,0,-3.638932466506958,1.9,0.05,0.2
133.015,0,0,-3.638932466506958,1.9,0.05,0.2
133.035,0,0,-3.638932466506958,1.9,0.05,0.2
133.055,0,0,-3.638932466506958,1.9,0.05,0.2
133.075,0,-0.5,17.311193466186523,1.9,0.05,0.2
133.095,0,-0.5,-2.6883068084716797,1.9,0.05,0.2
133.115,0,-0.5,-2.6878063678741455,1.9,0.05,0.2
133.135,0,0,-3.6378064155578613,1.9,0.05,0.2
133.155,0,0,-3.6378064155578613,1.9,0.05,0.2
133.175,0,-0.5,17.312318801879883,1.9,0.05,0.2
133.195,0,-0.5,-2.687180757522583,1.9,0.05,0.2
133.215,0,0,-23.636804580688477,1.9,0.05,0.2
133.235,0,0,-3.636805295944214,1.9,0.05,0.2
133.255,0,0,-3.636805295944214,1.9,0.05,0.2
133.275,0,0,-3.636805295944214,1.9,0.05,0.2
133.295,0,0,-3.636805295944214,1.9,0.05,0.2
133.315,0,0.5,-4.587306022644043,1.9,0.05,0.2
133.335,0,0,-3.637305974960327,1.9,0.05,0.2
133.355,0,0,-3.637305974960327,1.9,0.05,0.2
133.375,0,1,-5.537930488586426,1.9,0.05,0.2
133.395,0,1,-5.5389299392700195,1.9,0.05,0.2
133.415,0,1,-5.539929389953613,1.9,0.05,0.2
133.435,0,0.5,-4.59067964553833,1.9,0.05,0.2
133.455,0,0,-3.6408047676086426,1.9,0.05,0.2
133.475,0,0,-3.6408047676086426,1.9,0.05,0.2
133.495,0,0,-3.6408047676086426,1.9,0.05,0.2
133.515,0,0,-3.6408047676086426,1.9,0.05,0.2
133.535,0,1,-5.54142951965332,1.9,0.05,0.2
133.555,0,1,-5.542428970336914,1.9,0.05,0.2
133.575,0,1.5,-6.493678569793701,1.9,0.05,0.2
133.595,0,1,14.454946517944336,1.9,0.05,0.2
133.615,0,1,-5.546052932739258,1.9,0.05,0.2
133.635,0,1,-5.547052383422852,1.9,0.05,0.2
133.655,0,1,-5.548051834106445,1.9,0.05,0.2
133.675,0,1,-5.549051284790039,1.9,0.05,0.2
133.695,0,1,-5.550050735473633,1.9,0.05,0.2
133.715,0,1.5,-26.501174926757812,1.9,0.05,0.2
133.735,0,1.5,-6.5026750564575195,1.9,0.05,0.2
133.755,0,1.5,-6.504175186157227,1.9,0.05,0.2
133.775,0,1,-5.555424690246582,1.9,0.05,0.2
133.795,0,1,-5.556424140930176,1.9,0.05,0.2
133.815,0,1,-5.5574235916137695,1.9,0.05,0.2
133.835,0,1,-5.558423042297363,1.9,0.05,0.2
133.855,0,1,-5.559422492980957,1.9,0.05,0.2
133.875,0,1,-5.560421943664551,1.9,0.05,0.2
133.895,0,1,-5.5614213943481445,1.9,0.05,0.2
133.915,0,1,-5.562420845031738,1.9,0.05,0.2
133.935,0,1,-5.563420295715332,1.9,0.05,0.2
133.955,0,1,-5.564419746398926,1.9,0.05,0.2
133.975,0,1.5,-6.5159196853637695,1.9,0.05,0.2
133.995,0,1.5,-6.517419815063477,1.9,0.05,0.2
134.015,0,1.5,-6.518919944763184,1.9,0.05,0.2
134.035,0,1.5,-6.520419597625732,1.9,0.05,0.2
134.055,0,1,-5.5714192390441895,1.9,0.05,0.2
134.075,0,1,-5.572418689727783,1.9,0.05,0.2
134.095,0,1,-5.573418140411377,1.9,0.05,0.2
134.115,0,1,-5.574417591094971,1.9,0.05,0.2
134.135,0,1,-5.5754170417785645,1.9,0.05,0.2
134.155,0,1,-5.576416492462158,1.9,0.05,0.2
134.175,0,0,-3.676541566848755,1.9,0.05,0.2
134.195,0,0,-3.676541566848755,1.9,0.05,0.2
134.215,0,0,-3.676541566848755,1.9,0.05,0.2
134.235,0,0,-3.676541566848755,1.9,0.05,0.2
134.255,0,0,-3.676541566848755,1.9,0.05,0.2
134.275,0,0,-3.676541566848755,1.9,0.05,0.2
134.295,0,0,-3.676541566848755,1.9,0.05,0.2
134.315,0,0,-3.676541566848755,1.9,0.05,0.2
134.335,0,1,-5.577291488647461,1.9,0.05,0.2
134.355,0,1,-5.578290939331055,1.9,0.05,0.2
134.375,0,0,16.321208953857422,1.9,0.05,0.2
134.395,0,0,-3.678791046142578,1.9,0.05,0.2
134.415,0,0.5,-4.6290411949157715,1.9,0.05,0.2
134.435,0,0.5,15.370208740234375,1.9,0.05,0.2
134.455,0,0.5,-4.6305413246154785,1.9,0.05,0.2
134.475,0,1,-5.581540584564209,1.9,0.05,0.2
134.495,0,1,-5.582540035247803,1.9,0.05,0.2
134.515,0,1.5,-26.53366470336914,1.9,0.05,0.2
134.535,0,2,-27.48529052734375,1.9,0.05,0.2
134.555,0,2,-7.487290382385254,1.9,0.05,0.2
134.575,0,2,-7.489290714263916,1.9,0.05,0.2
134.595,0,2,-7.491291046142578,1.9,0.05,0.2
134.615,0,2,-7.49329137802124,1.9,0.05,0.2
134.635,0,2,-7.495291709899902,1.9,0.05,0.2
134.655,0,1.5,13.45283317565918,1.9,0.05,0.2
134.675,0,1.5,-6.548666954040527,1.9,0.05,0.2
134.695,0,1.5,-6.550167083740234,1.9,0.05,0.2
134.715,0,1.5,-6.551667213439941,1.9,0.05,0.2
134.735,0,1.5,-6.55316686630249,1.9,0.05,0.2
134.755,0,1.5,-6.554666519165039,1.9,0.05,0.2
134.775,0,1,-5.6057915687561035,1.9,0.05,0.2
134.795,0,1,-5.606791019439697,1.9,0.05,0.2
134.815,0,1,-5.607790470123291,1.9,0.05,0.2
134.835,0,1,-5.608789920806885,1.9,0.05,0.2
134.855,0,1,-5.6097893714904785,1.9,0.05,0.2
134.875,0,0.5,15.339336395263672,1.9,0.05,0.2
134.895,0,1,-5.611663341522217,1.9,0.05,0.2
134.915,0,1,-5.6126627922058105,1.9,0.05,0.2
134.935,0,1,-5.613662242889404,1.9,0.05,0.2
134.955,0,1.5,-6.565162181854248,1.9,0.05,0.2
134.975,0,1.5,-6.566661834716797,1.9,0.05,0.2
134.995,0,1.5,-6.568161964416504,1.9,0.05,0.2
135.015,0,1.5,-6.569662094116211,1.9,0.05,0.2
135.035,0,1.5,-6.571162223815918,1.9,0.05,0.2
135.055,0,1.5,-6.572661876678467,1.9,0.05,0.2
135.075,0,1.5,-6.574161529541016,1.9,0.05,0.2
135.095,0,1,-5.62528657913208,1.9,0.05,0.2
135.115,0,1,-5.626286029815674,1.9,0.05,0.2
135.135,0,1.5,-6.57766056060791,1.9,0.05,0.2
135.155,0,1.5,-6.579160690307617,1.9,0.05,0.2
135.175,0,1,14.369464874267578,1.9,0.05,0.2
135.195,0,1,-5.631535053253174,1.9,0.05,0.2
135.215,0,1,-5.632534503936768,1.9,0.05,0.2
135.235,0,1,-5.633533954620361,1.9,0.05,0.2
135.255,0,0.5,-4.684159278869629,1.9,0.05,0.2
135.275,0,0.5,-4.684659481048584,1.9,0.05,0.2
135.295,0,1,-5.635659217834473,1.9,0.05,0.2
135.315,0,1,-5.636658668518066,1.9,0.05,0.2
135.335,0,1,-5.63765811920166,1.9,0.05,0.2
135.355,0,1,-5.638657569885254,1.9,0.05,0.2
135.375,0,1,-5.639657020568848,1.9,0.05,0.2
135.395,0,1,-5.640656471252441,1.9,0.05,0.2
135.415,0,0.5,15.30859375,1.9,0.05,0.2
135.435,0,1,-5.6424055099487305,1.9,0.05,0.2
135.455,0,1,-5.643404960632324,1.9,0.05,0.2
135.475,0,1,-5.644404411315918,1.9,0.05,0.2
135.495,0,1,-5.645403861999512,1.9,0.05,0.2
135.515,0,1,-5.6464033126831055,1.9,0.05,0.2
135.535,0,0.5,-4.696904182434082,1.9,0.05,0.2
135.555,0,1,-5.647778511047363,1.9,0.05,0.2
135.575,0,1,-5.648777961730957,1.9,0.05,0.2
135.595,0,1,-5.649777412414551,1.9,0.05,0.2
135.615,0,1,-5.6507768630981445,1.9,0.05,0.2
135.635,0,1,-5.651776313781738,1.9,0.05,0.2
135.655,0,0.5,-4.702401638031006,1.9,0.05,0.2
135.675,0,0,-24.702526092529297,1.9,0.05,0.2
135.695,0,1,-5.6534013748168945,1.9,0.05,0.2
135.715,0,0.5,-4.704151630401611,1.9,0.05,0.2
135.735,0,0,-3.7541515827178955,1.9,0.05,0.2
135.755,0,0,-3.7541515827178955,1.9,0.05,0.2
135.775,0,-0.5,-2.8036510944366455,1.9,0.05,0.2
135.795,0,0,-3.753525972366333,1.9,0.05,0.2
135.815,0,-0.5,-2.8032755851745605,1.9,0.05,0.2
135.835,0,-0.5,-2.8027751445770264,1.9,0.05,0.2
135.855,0,-0.5,-2.802274703979492,1.9,0.05,0.2
135.875,0,-0.5,-2.801774263381958,1.9,0.05,0.2
135.895,0,-0.5,-2.801273822784424,1.9,0.05,0.2
135.915,0,0,-23.750898361206055,1.9,0.05,0.2
135.935,0,0,-3.7508983612060547,1.9,0.05,0.2
135.955,0,0.5,-24.70102310180664,1.9,0.05,0.2
135.975,0,1,-5.652022838592529,1.9,0.05,0.2
135.995,0,1,-5.653022289276123,1.9,0.05,0.2
136.015,0,1,-5.654021739959717,1.9,0.05,0.2
136.035,0,1,-5.6550211906433105,1.9,0.05,0.2
136.055,0,1,-5.656020641326904,1.9,0.05,0.2
136.075,0,0,16.24335479736328,1.9,0.05,0.2
136.095,0,0,-3.756645679473877,1.9,0.05,0.2
136.115,0,0,-3.756645679473877,1.9,0.05,0.2
136.135,0,0,-3.756645679473877,1.9,0.05,0.2
136.155,0,0,-3.756645679473877,1.9,0.05,0.2
136.175,0,0,-3.756645679473877,1.9,0.05,0.2
136.195,0,0,-3.756645679473877,1.9,0.05,0.2
136.215,0,1,-5.657270431518555,1.9,0.05,0.2
136.235,0,1,-5.658269882202148,1.9,0.05,0.2
136.255,0,1,-5.659269332885742,1.9,0.05,0.2
136.275,0,0,-3.759394407272339,1.9,0.05,0.2
136.295,0,0,-3.759394407272339,1.9,0.05,0.2
136.315,0,0,-3.759394407272339,1.9,0.05,0.2
136.335,0,0.5,-24.709518432617188,1.9,0.05,0.2
136.355,0,1,-5.660394191741943,1.9,0.05,0.2
136.375,0,1,-5.661393642425537,1.9,0.05,0.2
136.395,0,1,-5.662393093109131,1.9,0.05,0.2
136.415,0,1,-5.663392543792725,1.9,0.05,0.2
136.435,0,1.5,-26.614517211914062,1.9,0.05,0.2
136.455,0,1.5,-6.6160173416137695,1.9,0.05,0.2
136.475,0,1.5,-6.617516994476318,1.9,0.05,0.2
136.495,0,1.5,-6.619016647338867,1.9,0.05,0.2
136.515,0,1,-5.670141696929932,1.9,0.05,0.2
136.535,0,1.5,-6.621641159057617,1.9,0.05,0.2
136.555,0,1,-5.672766208648682,1.9,0.05,0.2
136.575,0,1,-5.673765659332275,1.9,0.05,0.2
136.595,0,1,-5.674765110015869,1.9,0.05,0.2
136.615,0,1,-5.675764560699463,1.9,0.05,0.2
136.635,0,1,-5.676764011383057,1.9,0.05,0.2
136.655,0,1.5,-6.628138542175293,1.9,0.05,0.2
136.675,0,1.5,-6.629638671875,1.9,0.05,0.2
136.695,0,1.5,-6.631138801574707,1.9,0.05,0.2
136.715,0,1.5,-6.632638454437256,1.9,0.05,0.2
136.735,0,1.5,-6.634138107299805,1.9,0.05,0.2
136.755,0,1.5,-6.635638236999512,1.9,0.05,0.2
136.775,0,1.5,-6.637138366699219,1.9,0.05,0.2
136.795,0,1.5,-26.638513565063477,1.9,0.05,0.2
136.815,0,1.5,-6.640012741088867,1.9,0.05,0.2
136.835,0,2,-7.591888427734375,1.9,0.05,0.2
136.855,0,3,-29.4942626953125,1.9,0.05,0.2
136.875,0,3,-9.497262954711914,1.9,0.05,0.2
136.895,0,3,-9.500263214111328,1.9,0.05,0.2
136.915,0,3,-9.503263473510742,1.9,0.05,0.2
136.935,0,3,-9.50626277923584,1.9,0.05,0.2
136.955,0,2,-7.6083879470825195,1.9,0.05,0.2
136.975,0,2,-7.61038875579834,1.9,0.05,0.2
136.995,0,1.5,13.337736129760742,1.9,0.05,0.2
137.015,0,1,14.286361694335938,1.9,0.05,0.2
137.035,0,0.5,15.23548698425293,1.9,0.05,0.2
137.055,0,0,-3.814638614654541,1.9,0.05,0.2
137.075,0,0,-3.814638614654541,1.9,0.05,0.2
137.095,0,0,-23.814388275146484,1.9,0.05,0.2
137.115,0,-0.5,-2.8638877868652344,1.9,0.05,0.2
137.135,0,0,-3.8136374950408936,1.9,0.05,0.2
137.155,0,0,-3.8136374950408936,1.9,0.05,0.2
137.175,0,0.5,-4.763887882232666,1.9,0.05,0.2
137.195,0,1,-5.7148871421813965,1.9,0.05,0.2
137.215,0,1,-5.71588659286499,1.9,0.05,0.2
137.235,0,0.5,-4.766636848449707,1.9,0.05,0.2
137.255,0,0,-3.816636800765991,1.9,0.05,0.2
137.275,0,0,-3.816636800765991,1.9,0.05,0.2
137.295,0,0,-3.816636800765991,1.9,0.05,0.2
137.315,0,-0.5,-2.866136074066162,1.9,0.05,0.2
137.335,0,-0.5,-2.865635633468628,1.9,0.05,0.2
137.355,0,-1,18.084989547729492,1.9,0.05,0.2
137.375,0,-1,-1.9140111207962036,1.9,0.05,0.2
137.395,0,-1,-1.9130116701126099,1.9,0.05,0.2
137.415,0,-1,-1.9120122194290161,1.9,0.05,0.2
137.435,0,-1.5,-0.9607625007629395,1.9,0.05,0.2
137.455,0,-1.5,-0.9592626094818115,1.9,0.05,0.2
137.475,0,-1.5,-0.9576375484466553,1.9,0.05,0.2
137.495,0,-1,-1.9065128564834595,1.9,0.05,0.2
137.515,0,-1,-1.9055134057998657,1.9,0.05,0.2
137.535,0,-1,-1.904513955116272,1.9,0.05,0.2
137.555,0,-0.5,-2.853888750076294,1.9,0.05,0.2
137.575,0,-0.5,-2.8533883094787598,1.9,0.05,0.2
137.595,0,0,-3.8033883571624756,1.9,0.05,0.2
137.615,0,-0.5,-2.853137969970703,1.9,0.05,0.2
137.635,0,-0.5,-2.852637529373169,1.9,0.05,0.2
137.655,0,0,-3.802387237548828,1.9,0.05,0.2
137.675,0,0,-3.802387237548828,1.9,0.05,0.2
137.695,0,0,-3.802387237548828,1.9,0.05,0.2
137.715,0,0,16.197362899780273,1.9,0.05,0.2
137.735,0,0.5,-4.753138065338135,1.9,0.05,0.2
137.755,0,0.5,-24.75351333618164,1.9,0.05,0.2
137.775,0,1,-5.70438814163208,1.9,0.05,0.2
137.795,0,1.5,-26.655513763427734,1.9,0.05,0.2
137.815,0,1.5,-6.657012462615967,1.9,0.05,0.2
137.835,0,1.5,-6.658512115478516,1.9,0.05,0.2
137.855,0,2,-27.610137939453125,1.9,0.05,0.2
137.875,0,2,-7.612137794494629,1.9,0.05,0.2
137.895,0,2,-7.614138603210449,1.9,0.05,0.2
137.915,0,1.5,13.333986282348633,1.9,0.05,0.2
137.935,0,1.5,-6.667513847351074,1.9,0.05,0.2
137.955,0,1,-5.718513011932373,1.9,0.05,0.2
137.975,0,0,-3.8188881874084473,1.9,0.05,0.2
137.995,0,-0.5,17.131237030029297,1.9,0.05,0.2
138.015,0,-0.5,-2.868262529373169,1.9,0.05,0.2
138.035,0,-1,-1.9175125360488892,1.9,0.05,0.2
138.055,0,-1,-1.9165130853652954,1.9,0.05,0.2
138.075,0,-0.5,-2.8657631874084473,1.9,0.05,0.2
138.095,0,-0.5,-2.865262508392334,1.9,0.05,0.2
138.115,0,-0.5,-2.8647620677948,1.9,0.05,0.2
138.135,0,-0.5,-2.8642616271972656,1.9,0.05,0.2
138.155,0,-0.5,-2.8637611865997314,1.9,0.05,0.2
138.175,0,-0.5,-2.8632607460021973,1.9,0.05,0.2
138.195,0,0,-3.8131356239318848,1.9,0.05,0.2
138.215,0,0.5,-24.763259887695312,1.9,0.05,0.2
138.235,0,1,-5.714260101318359,1.9,0.05,0.2
138.255,0,1.5,-26.66538429260254,1.9,0.05,0.2
138.275,0,1.5,-6.666884422302246,1.9,0.05,0.2
138.295,0,2,-7.6186347007751465,1.9,0.05,0.2
138.315,0,2,-7.620635032653809,1.9,0.05,0.2
138.335,0,2,-7.622635841369629,1.9,0.05,0.2
138.355,0,2,-7.624636173248291,1.9,0.05,0.2
138.375,0,1.5,13.323488235473633,1.9,0.05,0.2
138.395,0,1.5,-6.678010940551758,1.9,0.05,0.2
138.415,0,1,-5.729135990142822,1.9,0.05,0.2
138.435,0,1,-5.730135440826416,1.9,0.05,0.2
138.455,0,0.5,-4.780885219573975,1.9,0.05,0.2
138.475,0,0,-3.830885410308838,1.9,0.05,0.2
138.495,0,0,-3.830885410308838,1.9,0.05,0.2
138.515,0,0.5,-24.781009674072266,1.9,0.05,0.2
138.535,0,1,-5.7320098876953125,1.9,0.05,0.2
138.555,0,1.5,-6.6832594871521,1.9,0.05,0.2
138.575,0,1.5,-6.684759140014648,1.9,0.05,0.2
138.595,0,1.5,-6.6862592697143555,1.9,0.05,0.2
138.615,0,1.5,-6.6877593994140625,1.9,0.05,0.2
138.635,0,1,-5.738883972167969,1.9,0.05,0.2
138.655,0,1,-5.7398834228515625,1.9,0.05,0.2
138.675,0,0,-3.840008497238159,1.9,0.05,0.2
138.695,0,-0.5,-2.8896331787109375,1.9,0.05,0.2
138.715,0,-0.5,-2.8891327381134033,1.9,0.05,0.2
138.735,0,-1,-1.9383827447891235,1.9,0.05,0.2
138.755,0,-1,-1.9373832941055298,1.9,0.05,0.2
138.775,0,-1,-1.936383843421936,1.9,0.05,0.2
138.795,0,-1,-1.9353843927383423,1.9,0.05,0.2
138.815,0,-0.5,-22.884510040283203,1.9,0.05,0.2
138.835,0,-0.5,-2.8840091228485107,1.9,0.05,0.2
138.855,0,-0.5,-2.8835086822509766,1.9,0.05,0.2
138.875,0,-0.5,-2.8828835487365723,1.9,0.05,0.2
138.895,0,-0.5,-2.882382869720459,1.9,0.05,0.2
138.915,0,0,-3.8322579860687256,1.9,0.05,0.2
138.935,0,0,-3.8322579860687256,1.9,0.05,0.2
138.955,0,0,-3.8322579860687256,1.9,0.05,0.2
138.975,0,0,17.11786651611328,1.9,0.05,0.2
138.995,0,0,-3.8321328163146973,1.9,0.05,0.2
139.015,0,0,-3.8321328163146973,1.9,0.05,0.2
139.035,0,1,-25.732757568359375,1.9,0.05,0.2
139.055,0,1,-5.733757495880127,1.9,0.05,0.2
139.075,0,1,-5.734756946563721,1.9,0.05,0.2
139.095,0,1,-5.7357563972473145,1.9,0.05,0.2
139.115,0,1,-5.736755847930908,1.9,0.05,0.2
139.135,0,1,-5.737755298614502,1.9,0.05,0.2
139.155,0,1,-5.738754749298096,1.9,0.05,0.2
139.175,0,1,-5.7397541999816895,1.9,0.05,0.2
139.195,0,0.5,-4.790503978729248,1.9,0.05,0.2
139.215,0,0,-3.8405041694641113,1.9,0.05,0.2
139.235,0,1,-5.7413787841796875,1.9,0.05,0.2
139.255,0,1,-5.742378234863281,1.9,0.05,0.2
139.275,0,1,-5.743377685546875,1.9,0.05,0.2
139.295,0,0,-3.8433778285980225,1.9,0.05,0.2
139.315,0,0,-3.8433778285980225,1.9,0.05,0.2
139.335,0,-0.5,17.106746673583984,1.9,0.05,0.2
139.355,0,-0.5,-2.892752170562744,1.9,0.05,0.2
139.375,0,-0.5,-2.892251491546631,1.9,0.05,0.2
139.395,0,-0.5,-2.8917510509490967,1.9,0.05,0.2
139.415,0,0,-23.841501235961914,1.9,0.05,0.2
139.435,0,-0.5,17.108623504638672,1.9,0.05,0.2
139.455,0,-1,-1.940625786781311,1.9,0.05,0.2
139.475,0,-1,-1.9396263360977173,1.9,0.05,0.2
139.495,0,-1,-1.9386268854141235,1.9,0.05,0.2
139.515,0,-1,-1.9376274347305298,1.9,0.05,0.2
139.535,0,-0.5,-2.8868775367736816,1.9,0.05,0.2
139.555,0,0,-3.836627244949341,1.9,0.05,0.2
139.575,0,0,-3.836627244949341,1.9,0.05,0.2
139.595,0,1,-5.737502098083496,1.9,0.05,0.2
139.615,0,1,-5.73850154876709,1.9,0.05,0.2
139.635,0,0.5,15.210623741149902,1.9,0.05,0.2
139.655,0,0,-3.839501142501831,1.9,0.05,0.2
139.675,0,0,-3.839501142501831,1.9,0.05,0.2
139.695,0,-0.5,-2.8891258239746094,1.9,0.05,0.2
139.715,0,-0.5,-2.888625383377075,1.9,0.05,0.2
139.735,0,-0.5,-2.888124942779541,1.9,0.05,0.2
139.755,0,-0.5,-2.8876242637634277,1.9,0.05,0.2
139.775,0,-0.5,-2.8871238231658936,1.9,0.05,0.2
139.795,0,-0.5,-2.8866233825683594,1.9,0.05,0.2
139.815,0,-0.5,-2.886122941970825,1.9,0.05,0.2
139.835,0,-0.5,-2.885622501373291,1.9,0.05,0.2
139.855,0,-0.5,-2.8851218223571777,1.9,0.05,0.2
139.875,0,0,-23.834747314453125,1.9,0.05,0.2
139.895,0,0,-3.8347465991973877,1.9,0.05,0.2
139.915,0,0,-3.8347465991973877,1.9,0.05,0.2
139.935,0,0,-3.8347465991973877,1.9,0.05,0.2
139.955,0,0,-3.8347465991973877,1.9,0.05,0.2
139.975,0,0,-3.8347465991973877,1.9,0.05,0.2
139.995,0,0,-3.8347465991973877,1.9,0.05,0.2
140.015,90,0,44,1.9,0.05,0.2
140.035,90,1,44,1.9,0.05,0.2
140.055,90,2,44,1.9,0.05,0.2
140.075,90,5.5,44,1.9,0.05,0.2
140.095,90,11,44,1.9,0.05,0.2
140.115,90,18,44,1.9,0.05,0.2
140.135,90,26,38.32050323486328,1.9,0.05,0.2
140.155,90,36,-0.6218719482421875,1.9,0.05,0.2
140.175,90,47,-41.474754333496094,1.9,0.05,0.2
140.195,90,57,-20.438121795654297,1.9,0.05,0.2
140.215,90,65,-15.610496520996094,1.9,0.05,0.2
140.235,90,71.5,-27.93975067138672,1.9,0.05,0.2
140.255,90,76.5,-17.424497604370117,1.9,0.05,0.2
140.275,90,80,-4.063373565673828,1.9,0.05,0.2
140.295,90,83,-29.7552490234375,1.9,0.05,0.2
140.315,90,85,-33.549373626708984,1.9,0.05,0.2
140.335,90,86.5,-16.395248413085938,1.9,0.05,0.2
140.355,90,88,-19.242748260498047,1.9,0.05,0.2
140.375,90,88,0.759251594543457,1.9,0.05,0.2
140.395,90,88.5,-0.18912363052368164,1.9,0.05,0.2
140.415,90,89,-1.1379984617233276,1.9,0.05,0.2
140.435,90,89.5,-2.087498664855957,1.9,0.05,0.2
140.455,90,89.5,-2.08699893951416,1.9,0.05,0.2
140.475,90,90,-23.036624908447266,1.9,0.05,0.2
140.495,90,90,-23.036375045776367,1.9,0.05,0.2
140.515,90,90,-3.03637433052063,1.9,0.05,0.2
140.535,90,89.5,-2.085874557495117,1.9,0.05,0.2
140.555,90,89.5,-2.0853748321533203,1.9,0.05,0.2
140.575,90,90,-3.035374879837036,1.9,0.05,0.2
140.595,90,90,-3.035374879837036,1.9,0.05,0.2
140.615,90,90,-3.035374879837036,1.9,0.05,0.2
140.635,90,90.5,-23.98550033569336,1.9,0.05,0.2
140.655,90,91,-24.936124801635742,1.9,0.05,0.2
140.675,90,91,-4.937124729156494,1.9,0.05,0.2
140.695,90,91,-4.938125133514404,1.9,0.05,0.2
140.715,90,90.5,16.01099967956543,1.9,0.05,0.2
140.735,90,90,-3.039250135421753,1.9,0.05,0.2
140.755,90,90,-3.039250135421753,1.9,0.05,0.2
140.775,90,90,-3.039250135421753,1.9,0.05,0.2
140.795,90,89.5,-2.0887503623962402,1.9,0.05,0.2
140.815,90,89.5,-2.0882506370544434,1.9,0.05,0.2
140.835,90,89,-1.137250304222107,1.9,0.05,0.2
140.855,90,89,-1.1362501382827759,1.9,0.05,0.2
140.875,90,89.5,-2.0857503414154053,1.9,0.05,0.2
140.895,90,90,-3.035750389099121,1.9,0.05,0.2
140.915,90,91,-24.936250686645508,1.9,0.05,0.2
140.935,90,91.5,-5.887500286102295,1.9,0.05,0.2
140.955,90,91.5,-5.888999938964844,1.9,0.05,0.2
140.975,90,92,-6.840875148773193,1.9,0.05,0.2
140.995,90,92,-6.842874526977539,1.9,0.05,0.2
141.015,90,92,-6.844874382019043,1.9,0.05,0.2
141.035,90,91.5,14.103250503540039,1.9,0.05,0.2
141.055,90,91.5,-5.898248672485352,1.9,0.05,0.2
141.075,90,92,-26.84987449645996,1.9,0.05,0.2
141.095,90,91.5,14.098251342773438,1.9,0.05,0.2
141.115,90,91.5,-5.903498649597168,1.9,0.05,0.2
141.135,90,91.5,-5.904998302459717,1.9,0.05,0.2
141.155,90,92,-6.856748104095459,1.9,0.05,0.2
141.175,90,92,-6.858747959136963,1.9,0.05,0.2
141.195,90,92.5,-7.81099796295166,1.9,0.05,0.2
141.215,90,92,-6.863122463226318,1.9,0.05,0.2
141.235,90,91.5,14.085002899169922,1.9,0.05,0.2
141.255,90,91.5,-5.916497230529785,1.9,0.05,0.2
141.275,90,91,-4.96762228012085,1.9,0.05,0.2
141.295,90,91,-4.96862268447876,1.9,0.05,0.2
141.315,90,91,-4.969622611999512,1.9,0.05,0.2
141.335,90,91,-4.970623016357422,1.9,0.05,0.2
141.355,90,90.5,-4.021122932434082,1.9,0.05,0.2
141.375,90,90.5,-4.021622657775879,1.9,0.05,0.2
141.395,90,90.5,-4.022122383117676,1.9,0.05,0.2
141.415,90,91,-4.973122596740723,1.9,0.05,0.2
141.435,90,91.5,-25.92424774169922,1.9,0.05,0.2
141.455,90,91.5,-5.925747394561768,1.9,0.05,0.2
141.475,90,91.5,-5.927247047424316,1.9,0.05,0.2
141.495,90,91.5,-5.928747177124023,1.9,0.05,0.2
141.515,90,91.5,-5.9302473068237305,1.9,0.05,0.2
141.535,90,91.5,-5.9317474365234375,1.9,0.05,0.2
141.555,90,91.5,-5.933247089385986,1.9,0.05,0.2
141.575,90,91,15.01537799835205,1.9,0.05,0.2
141.595,90,91,-4.985622406005859,1.9,0.05,0.2
141.615,90,90.5,15.963502883911133,1.9,0.05,0.2
141.635,90,90.5,-4.036997318267822,1.9,0.05,0.2
141.655,90,91,-4.987997531890869,1.9,0.05,0.2
141.675,90,90.5,-4.0386223793029785,1.9,0.05,0.2
141.695,90,90,-3.0886223316192627,1.9,0.05,0.2
141.715,90,90,-3.0886223316192627,1.9,0.05,0.2
141.735,90,89.5,17.86150360107422,1.9,0.05,0.2
141.755,90,89.5,-2.137997627258301,1.9,0.05,0.2
141.775,90,90,-3.0878727436065674,1.9,0.05,0.2
141.795,90,90,-3.0878727436065674,1.9,0.05,0.2
141.815,90,91,-24.98849868774414,1.9,0.05,0.2
141.835,90,91,-4.989497661590576,1.9,0.05,0.2
141.855,90,91.5,-5.9407477378845215,1.9,0.05,0.2
141.875,90,91.5,-5.94224739074707,1.9,0.05,0.2
141.895,90,91,-4.993247985839844,1.9,0.05,0.2
141.915,90,91,-4.994248390197754,1.9,0.05,0.2
141.935,90,91.5,-5.945748329162598,1.9,0.05,0.2
141.955,90,91,-4.996873378753662,1.9,0.05,0.2
141.975,90,91.5,-25.947998046875,1.9,0.05,0.2
141.995,90,91.5,-5.949498176574707,1.9,0.05,0.2
142.015,90,91.5,-5.950998306274414,1.9,0.05,0.2
142.035,90,91.5,-5.952498435974121,1.9,0.05,0.2
142.055,90,91.5,-5.95399808883667,1.9,0.05,0.2
142.075,90,91.5,-5.955497741699219,1.9,0.05,0.2
142.095,90,91.5,-5.956997871398926,1.9,0.05,0.2
142.115,90,91,-5.007998466491699,1.9,0.05,0.2
142.135,90,90.5,-4.058497905731201,1.9,0.05,0.2
142.155,90,90.5,-4.058997631072998,1.9,0.05,0.2
142.175,90,90.5,-4.059497356414795,1.9,0.05,0.2
142.195,90,90,-3.1096224784851074,1.9,0.05,0.2
142.215,90,90,-3.1096224784851074,1.9,0.05,0.2
142.235,90,90.5,-4.059872150421143,1.9,0.05,0.2
142.255,90,90.5,-4.0603718757629395,1.9,0.05,0.2
142.275,90,91,-5.011372089385986,1.9,0.05,0.2
142.295,90,91,-5.0123724937438965,1.9,0.05,0.2
142.315,90,91.5,-5.963747024536133,1.9,0.05,0.2
142.335,90,91.5,-5.96524715423584,1.9,0.05,0.2
142.355,90,91,-5.0163726806640625,1.9,0.05,0.2
142.375,90,91,-5.0173726081848145,1.9,0.05,0.2
142.395,90,91,-5.018373012542725,1.9,0.05,0.2
142.415,90,91,-5.019372940063477,1.9,0.05,0.2
142.435,90,91,-5.020373344421387,1.9,0.05,0.2
142.455,90,91.5,-5.9718732833862305,1.9,0.05,0.2
142.475,90,91.5,-5.9733734130859375,1.9,0.05,0.2
142.495,90,91,-5.024498462677002,1.9,0.05,0.2
142.515,90,91.5,-25.975624084472656,1.9,0.05,0.2
142.535,90,91.5,-5.977123260498047,1.9,0.05,0.2
142.555,90,91.5,-5.978623390197754,1.9,0.05,0.2
142.575,90,91.5,-5.980123519897461,1.9,0.05,0.2
142.595,90,91.5,-5.98162317276001,1.9,0.05,0.2
142.615,90,91.5,-5.983122825622559,1.9,0.05,0.2
142.635,90,92,-6.935122966766357,1.9,0.05,0.2
142.655,90,92,-6.937122344970703,1.9,0.05,0.2
142.675,90,92,-6.939122200012207,1.9,0.05,0.2
142.695,90,92,-6.941122055053711,1.9,0.05,0.2
142.715,90,91.5,-5.992621421813965,1.9,0.05,0.2
142.735,90,91.5,-5.994121551513672,1.9,0.05,0.2
142.755,90,91.5,-5.995621681213379,1.9,0.05,0.2
142.775,90,92,-6.94749641418457,1.9,0.05,0.2
142.795,90,92,-6.949371337890625,1.9,0.05,0.2
142.815,90,91.5,-6.000870704650879,1.9,0.05,0.2
142.835,90,91.5,-6.002370834350586,1.9,0.05,0.2
142.855,90,91.5,-6.003870964050293,1.9,0.05,0.2
142.875,90,91.5,-6.00537109375,1.9,0.05,0.2
142.895,90,91.5,-6.006870746612549,1.9,0.05,0.2
142.915,90,92,-6.9588704109191895,1.9,0.05,0.2
142.935,90,91.5,-6.010495185852051,1.9,0.05,0.2
142.955,90,91.5,-6.011995315551758,1.9,0.05,0.2
142.975,90,91.5,-6.013495445251465,1.9,0.05,0.2
142.995,90,91.5,-6.014995098114014,1.9,0.05,0.2
143.015,90,91.5,-6.0164947509765625,1.9,0.05,0.2
143.035,90,91.5,-6.0179948806762695,1.9,0.05,0.2
143.055,90,91.5,-6.019495010375977,1.9,0.05,0.2
143.075,90,91.5,-6.020995140075684,1.9,0.05,0.2
143.095,90,91.5,-6.022494792938232,1.9,0.05,0.2
143.115,90,91.5,-6.023994445800781,1.9,0.05,0.2
143.135,90,92,-6.975869655609131,1.9,0.05,0.2
143.155,90,92,-6.977869033813477,1.9,0.05,0.2
143.175,90,92,-6.9798688888549805,1.9,0.05,0.2
143.195,90,92,-6.981868743896484,1.9,0.05,0.2
143.215,90,92,-6.98386812210083,1.9,0.05,0.2
143.235,90,92,-6.985867977142334,1.9,0.05,0.2
143.255,90,92,-6.98786735534668,1.9,0.05,0.2
143.275,90,92,-26.989742279052734,1.9,0.05,0.2
143.295,90,91.5,-6.0412421226501465,1.9,0.05,0.2
143.315,90,91.5,-6.042741775512695,1.9,0.05,0.2
143.335,90,91.5,-6.044241905212402,1.9,0.05,0.2
143.355,90,91.5,-6.045742034912109,1.9,0.05,0.2
143.375,90,91.5,-6.047242164611816,1.9,0.05,0.2
143.395,90,91.5,-6.048741817474365,1.9,0.05,0.2
143.415,90,91,-5.09986686706543,1.9,0.05,0.2
143.435,90,91,-5.100866794586182,1.9,0.05,0.2
143.455,90,91,-5.101866245269775,1.9,0.05,0.2
143.475,90,91.5,-6.0531158447265625,1.9,0.05,0.2
143.495,90,91.5,-6.0546159744262695,1.9,0.05,0.2
143.515,90,91.5,-6.056115627288818,1.9,0.05,0.2
143.535,90,91.5,-6.057615280151367,1.9,0.05,0.2
143.555,90,91.5,-6.059115409851074,1.9,0.05,0.2
143.575,90,92,-7.011116027832031,1.9,0.05,0.2
143.595,90,92,-7.013116359710693,1.9,0.05,0.2
143.615,90,92,-7.0151166915893555,1.9,0.05,0.2
143.635,90,92,-7.017117500305176,1.9,0.05,0.2
143.655,90,92,-7.019117832183838,1.9,0.05,0.2
143.675,90,91.5,13.929006576538086,1.9,0.05,0.2
143.695,90,91.5,-6.072492599487305,1.9,0.05,0.2
143.715,90,91.5,-6.073992729187012,1.9,0.05,0.2
143.735,90,91.5,-6.075492858886719,1.9,0.05,0.2
143.755,90,91.5,-6.076992988586426,1.9,0.05,0.2
143.775,90,91.5,-6.078492641448975,1.9,0.05,0.2
143.795,90,91.5,-6.079992294311523,1.9,0.05,0.2
143.815,90,91.5,-6.0814924240112305,1.9,0.05,0.2
143.835,90,91.5,-6.0829925537109375,1.9,0.05,0.2
143.855,90,91.5,-6.0844926834106445,1.9,0.05,0.2
143.875,90,91.5,-6.085992336273193,1.9,0.05,0.2
143.895,90,91.5,-6.087491989135742,1.9,0.05,0.2
143.915,90,91,-5.138617038726807,1.9,0.05,0.2
143.935,90,91.5,-6.089866638183594,1.9,0.05,0.2
143.955,90,91.5,-6.091366767883301,1.9,0.05,0.2
143.975,90,91.5,-6.09286642074585,1.9,0.05,0.2
143.995,90,91.5,-6.094366073608398,1.9,0.05,0.2
144.015,90,91.5,-6.0958662033081055,1.9,0.05,0.2
144.035,90,91.5,-6.0973663330078125,1.9,0.05,0.2
144.055,90,91.5,-6.0988664627075195,1.9,0.05,0.2
144.075,90,91.5,-6.100366115570068,1.9,0.05,0.2
144.095,90,91.5,-6.101865768432617,1.9,0.05,0.2
144.115,90,91,-5.152990818023682,1.9,0.05,0.2
144.135,90,91,-5.153990268707275,1.9,0.05,0.2
144.155,90,91,-5.154989719390869,1.9,0.05,0.2
144.175,90,91.5,-6.106489181518555,1.9,0.05,0.2
144.195,90,91.5,-6.107989311218262,1.9,0.05,0.2
144.215,90,92,-7.0598649978637695,1.9,0.05,0.2
144.235,90,92,-7.061865329742432,1.9,0.05,0.2
144.255,90,92,-7.063865661621094,1.9,0.05,0.2
144.275,90,92,-7.065865993499756,1.9,0.05,0.2
144.295,90,92,-7.067866325378418,1.9,0.05,0.2
144.315,90,92,-7.069867134094238,1.9,0.05,0.2
144.335,90,91.5,-6.121366500854492,1.9,0.05,0.2
144.355,90,91.5,-6.122866630554199,1.9,0.05,0.2
144.375,90,91.5,-6.124366760253906,1.9,0.05,0.2
144.395,90,91.5,-6.125866889953613,1.9,0.05,0.2
144.415,90,92,-7.077867031097412,1.9,0.05,0.2
144.435,90,91.5,-6.129491806030273,1.9,0.05,0.2
144.455,90,91,-5.180741786956787,1.9,0.05,0.2
144.475,90,91,-5.181741237640381,1.9,0.05,0.2
144.495,90,91,-5.182740688323975,1.9,0.05,0.2
144.515,90,91.5,-6.134240627288818,1.9,0.05,0.2
144.535,90,91.5,-6.135740280151367,1.9,0.05,0.2
144.555,90,91.5,-26.13698959350586,1.9,0.05,0.2
144.575,90,91.5,-6.138490200042725,1.9,0.05,0.2
144.595,90,91.5,-6.139989852905273,1.9,0.05,0.2
144.615,90,91.5,-6.1414899826049805,1.9,0.05,0.2
144.635,90,91.5,-6.1429901123046875,1.9,0.05,0.2
144.655,90,91.5,-6.1444902420043945,1.9,0.05,0.2
144.675,90,91.5,-6.145989894866943,1.9,0.05,0.2
144.695,90,91,-5.1969895362854,1.9,0.05,0.2
144.715,90,91,-5.197988986968994,1.9,0.05,0.2
144.735,90,91,-5.198988437652588,1.9,0.05,0.2
144.755,90,90.5,-4.2497382164001465,1.9,0.05,0.2
144.775,90,91,-5.200737953186035,1.9,0.05,0.2
144.795,90,91,-5.201737403869629,1.9,0.05,0.2
144.815,90,91.5,-26.152862548828125,1.9,0.05,0.2
144.835,90,91.5,-6.154361724853516,1.9,0.05,0.2
144.855,90,91,-5.205361366271973,1.9,0.05,0.2
144.875,90,91,-5.206360816955566,1.9,0.05,0.2
144.895,90,91,-5.20736026763916,1.9,0.05,0.2
144.915,90,90.5,-4.2578606605529785,1.9,0.05,0.2
144.935,90,90,-3.307985782623291,1.9,0.05,0.2
144.955,90,90,-3.307985782623291,1.9,0.05,0.2
144.975,90,90.5,-4.258235931396484,1.9,0.05,0.2
144.995,90,90.5,-4.258736610412598,1.9,0.05,0.2
145.015,90,90.5,-4.259361743927002,1.9,0.05,0.2
145.035,90,90.5,-4.259861946105957,1.9,0.05,0.2
145.055,90,90.5,-4.26036262512207,1.9,0.05,0.2
145.075,90,90,-3.310612916946411,1.9,0.05,0.2
145.095,90,90.5,-24.260738372802734,1.9,0.05,0.2
145.115,90,90.5,-4.2612385749816895,1.9,0.05,0.2
145.135,90,91,-5.212113380432129,1.9,0.05,0.2
145.155,90,91,-5.213112831115723,1.9,0.05,0.2
145.175,90,91,-5.214112281799316,1.9,0.05,0.2
145.195,90,91,-5.21511173248291,1.9,0.05,0.2
145.215,90,91,-5.216111183166504,1.9,0.05,0.2
145.235,90,90.5,-4.266736030578613,1.9,0.05,0.2
145.255,90,90,16.68288803100586,1.9,0.05,0.2
145.275,90,90,-3.3171117305755615,1.9,0.05,0.2
145.295,90,90,-3.3171117305755615,1.9,0.05,0.2
145.315,90,90,-3.3171117305755615,1.9,0.05,0.2
145.335,90,90.5,-4.267487049102783,1.9,0.05,0.2