t (s),r (°),x (°),u_in (°),Kp,Ki,Kd
1.535,90,92,-3.799999952316284,1.9,0,0.2
1.555,90,92,-3.799999952316284,1.9,0,0.2
1.575,90,92,-3.799999952316284,1.9,0,0.2
1.595,90,92,-3.799999952316284,1.9,0,0.2
1.615,90,92,-3.799999952316284,1.9,0,0.2
1.635,90,92,-3.799999952316284,1.9,0,0.2
1.655,90,92,-3.799999952316284,1.9,0,0.2
1.675,90,92,-3.799999952316284,1.9,0,0.2
1.695,90,92,-3.799999952316284,1.9,0,0.2
1.715,90,92,-3.799999952316284,1.9,0,0.2
1.735,90,92,-3.799999952316284,1.9,0,0.2
1.755,90,92,-3.799999952316284,1.9,0,0.2
1.775,90,92,-3.799999952316284,1.9,0,0.2
1.795,90,92,-3.799999952316284,1.9,0,0.2
1.815,90,92,-3.799999952316284,1.9,0,0.2
1.835,90,92,-3.799999952316284,1.9,0,0.2
1.855,90,92,-3.799999952316284,1.9,0,0.2
1.875,90,92,-3.799999952316284,1.9,0,0.2
1.895,90,92,-3.799999952316284,1.9,0,0.2
1.915,90,92,-3.799999952316284,1.9,0,0.2
1.935,90,92,-3.799999952316284,1.9,0,0.2
1.955,90,92,-3.799999952316284,1.9,0,0.2
1.975,90,92,-3.799999952316284,1.9,0,0.2
1.995,90,92,-3.799999952316284,1.9,0,0.2
2.015,90,92,-3.799999952316284,1.9,0,0.2
2.035,90,92,-3.799999952316284,1.9,0,0.2
2.055,90,92,-3.799999952316284,1.9,0,0.2
2.075,90,92,-3.799999952316284,1.9,0,0.2
2.095,90,92,-3.799999952316284,1.9,0,0.2
2.115,90,92,-3.799999952316284,1.9,0,0.2
2.135,90,92,-23.799999237060547,1.9,0,0.2
2.155,90,92,-3.799999952316284,1.9,0,0.2
2.175,90,92,-3.799999952316284,1.9,0,0.2
2.195,90,92,-3.799999952316284,1.9,0,0.2
2.215,90,92,-3.799999952316284,1.9,0,0.2
2.235,90,91.5,17.149999618530273,1.9,0,0.2
2.255,90,92,-3.799999952316284,1.9,0,0.2
2.275,90,92,-3.799999952316284,1.9,0,0.2
2.295,90,92,-3.799999952316284,1.9,0,0.2
2.315,90,92,-3.799999952316284,1.9,0,0.2
2.335,90,92,-3.799999952316284,1.9,0,0.2
2.355,90,92,-3.799999952316284,1.9,0,0.2
2.375,90,92,-3.799999952316284,1.9,0,0.2
2.395,90,91.5,17.149999618530273,1.9,0,0.2
2.415,90,91.5,17.149999618530273,1.9,0,0.2
2.435,90,91.5,-2.8499999046325684,1.9,0,0.2
2.455,90,91.5,-2.8499999046325684,1.9,0,0.2
2.475,90,91.5,-2.8499999046325684,1.9,0,0.2
2.495,90,91.5,-2.8499999046325684,1.9,0,0.2
2.515,90,91.5,-2.8499999046325684,1.9,0,0.2
2.535,90,91.5,-2.8499999046325684,1.9,0,0.2
2.555,90,91.5,-2.8499999046325684,1.9,0,0.2
2.575,90,91.5,-2.8499999046325684,1.9,0,0.2
2.595,90,91.5,-2.8499999046325684,1.9,0,0.2
2.615,90,91.5,17.149999618530273,1.9,0,0.2
2.635,90,91.5,-2.8499999046325684,1.9,0,0.2
2.655,90,91.5,-2.8499999046325684,1.9,0,0.2
2.675,90,91.5,-2.8499999046325684,1.9,0,0.2
2.695,90,91.5,-2.8499999046325684,1.9,0,0.2
2.715,90,91.5,-2.8499999046325684,1.9,0,0.2
2.735,90,91.5,-2.8499999046325684,1.9,0,0.2
2.755,90,91.5,-2.8499999046325684,1.9,0,0.2
2.775,90,91.5,-2.8499999046325684,1.9,0,0.2
2.795,90,91.5,-2.8499999046325684,1.9,0,0.2
2.815,90,91.5,-2.8499999046325684,1.9,0,0.2
2.835,90,91.5,-2.8499999046325684,1.9,0,0.2
2.855,90,91.5,-2.8499999046325684,1.9,0,0.2
2.875,90,91.5,-2.8499999046325684,1.9,0,0.2
2.895,90,91.5,-2.8499999046325684,1.9,0,0.2
2.915,90,92,-3.799999952316284,1.9,0,0.2
2.935,90,92,-3.799999952316284,1.9,0,0.2
2.955,90,92,-3.799999952316284,1.9,0,0.2
2.975,90,92,-3.799999952316284,1.9,0,0.2
2.995,90,92,-3.799999952316284,1.9,0,0.2
3.015,90,92.5,-4.75,1.9,0,0.2
3.035,90,92.5,-4.75,1.9,0,0.2
3.055,90,92,16.200000762939453,1.9,0,0.2
3.075,90,92,16.200000762939453,1.9,0,0.2
3.095,90,92,-3.799999952316284,1.9,0,0.2
3.115,90,92,-3.799999952316284,1.9,0,0.2
3.135,90,92,-3.799999952316284,1.9,0,0.2
3.155,90,92,-3.799999952316284,1.9,0,0.2
3.175,90,92,-3.799999952316284,1.9,0,0.2
3.195,90,92,-3.799999952316284,1.9,0,0.2
3.215,90,92,-3.799999952316284,1.9,0,0.2
3.235,90,92,-3.799999952316284,1.9,0,0.2
3.255,90,92,-3.799999952316284,1.9,0,0.2
3.275,90,92,-3.799999952316284,1.9,0,0.2
3.295,90,92,-3.799999952316284,1.9,0,0.2
3.315,90,92,-3.799999952316284,1.9,0,0.2
3.335,90,92,-3.799999952316284,1.9,0,0.2
3.355,90,92,-3.799999952316284,1.9,0,0.2
3.375,90,92,-3.799999952316284,1.9,0,0.2
3.395,90,92,-3.799999952316284,1.9,0,0.2
3.415,90,92,-3.799999952316284,1.9,0,0.2
3.435,90,92,-3.799999952316284,1.9,0,0.2
3.455,90,92,-3.799999952316284,1.9,0,0.2
3.475,90,92,-3.799999952316284,1.9,0,0.2
3.495,90,92,-3.799999952316284,1.9,0,0.2
3.515,90,92,-3.799999952316284,1.9,0,0.2
3.535,90,92,-3.799999952316284,1.9,0,0.2
3.555,90,92,-3.799999952316284,1.9,0,0.2
3.575,90,92,-3.799999952316284,1.9,0,0.2
3.595,90,92,-3.799999952316284,1.9,0,0.2
3.615,90,92,-3.799999952316284,1.9,0,0.2
3.635,90,92,-3.799999952316284,1.9,0,0.2
3.655,90,92.5,-4.75,1.9,0,0.2
3.675,90,92.5,-4.75,1.9,0,0.2
3.695,90,92.5,-4.75,1.9,0,0.2
3.715,90,92.5,-4.75,1.9,0,0.2
3.735,90,92.5,-4.75,1.9,0,0.2
3.755,90,92.5,15.25,1.9,0,0.2
3.775,90,93,-5.699999809265137,1.9,0,0.2
3.795,90,92.5,-4.75,1.9,0,0.2
3.815,90,92,-3.799999952316284,1.9,0,0.2
3.835,90,92,-3.799999952316284,1.9,0,0.2
3.855,90,92,-3.799999952316284,1.9,0,0.2
3.875,90,92,-3.799999952316284,1.9,0,0.2
3.895,90,92,-3.799999952316284,1.9,0,0.2
3.915,90,92,-3.799999952316284,1.9,0,0.2
3.935,90,92.5,-4.75,1.9,0,0.2
3.955,90,93,-5.699999809265137,1.9,0,0.2
3.975,90,93,-5.699999809265137,1.9,0,0.2
3.995,90,93,-5.699999809265137,1.9,0,0.2
4.015,90,93,-5.699999809265137,1.9,0,0.2
4.035,90,93,-5.699999809265137,1.9,0,0.2
4.055,90,93,-5.699999809265137,1.9,0,0.2
4.075,90,93,-5.699999809265137,1.9,0,0.2
4.095,90,93,-5.699999809265137,1.9,0,0.2
4.115,90,93,-5.699999809265137,1.9,0,0.2
4.135,90,93,-5.699999809265137,1.9,0,0.2
4.155,90,93.5,-26.649999618530273,1.9,0,0.2
4.175,90,93,14.300000190734863,1.9,0,0.2
4.195,90,93,-5.699999809265137,1.9,0,0.2
4.215,90,93,-5.699999809265137,1.9,0,0.2
4.235,90,92,-3.799999952316284,1.9,0,0.2
4.255,90,92,-3.799999952316284,1.9,0,0.2
4.275,90,92,-3.799999952316284,1.9,0,0.2
4.295,90,92,-3.799999952316284,1.9,0,0.2
4.315,90,91.5,-2.8499999046325684,1.9,0,0.2
4.335,90,91.5,-2.8499999046325684,1.9,0,0.2
4.355,90,91.5,-2.8499999046325684,1.9,0,0.2
4.375,90,91,-1.899999976158142,1.9,0,0.2
4.395,90,91,-1.899999976158142,1.9,0,0.2
4.415,90,91,-1.899999976158142,1.9,0,0.2
4.435,90,91.5,-22.850000381469727,1.9,0,0.2
4.455,90,91.5,-2.8499999046325684,1.9,0,0.2
4.475,90,91.5,-2.8499999046325684,1.9,0,0.2
4.495,90,91,18.100000381469727,1.9,0,0.2
4.515,90,91,18.100000381469727,1.9,0,0.2
4.535,90,91.5,-2.8499999046325684,1.9,0,0.2
4.555,90,91.5,-2.8499999046325684,1.9,0,0.2
4.575,90,91.5,-22.850000381469727,1.9,0,0.2
4.595,90,91,-1.899999976158142,1.9,0,0.2
4.615,90,91,-1.899999976158142,1.9,0,0.2
4.635,90,91,-1.899999976158142,1.9,0,0.2
4.655,90,91.5,-2.8499999046325684,1.9,0,0.2
4.675,90,91.5,-2.8499999046325684,1.9,0,0.2
4.695,90,91.5,-2.8499999046325684,1.9,0,0.2
4.715,90,92,-3.799999952316284,1.9,0,0.2
4.735,90,92,-3.799999952316284,1.9,0,0.2
4.755,90,92,-3.799999952316284,1.9,0,0.2
4.775,90,92,-3.799999952316284,1.9,0,0.2
4.795,90,92,-3.799999952316284,1.9,0,0.2
4.815,90,92,-3.799999952316284,1.9,0,0.2
4.835,90,92,-3.799999952316284,1.9,0,0.2
4.855,90,92,-3.799999952316284,1.9,0,0.2
4.875,90,92,-3.799999952316284,1.9,0,0.2
4.895,90,92,-3.799999952316284,1.9,0,0.2
4.915,90,92.5,-4.75,1.9,0,0.2
4.935,90,93,-5.699999809265137,1.9,0,0.2
4.955,90,93,-5.699999809265137,1.9,0,0.2
4.975,90,93,-5.699999809265137,1.9,0,0.2
4.995,90,93,-5.699999809265137,1.9,0,0.2
5.015,90,93,-5.699999809265137,1.9,0,0.2
5.035,90,93,-5.699999809265137,1.9,0,0.2
5.055,90,93,-5.699999809265137,1.9,0,0.2
5.075,90,93,-5.699999809265137,1.9,0,0.2
5.095,90,93,-5.699999809265137,1.9,0,0.2
5.115,90,93,-5.699999809265137,1.9,0,0.2
5.135,90,93,-5.699999809265137,1.9,0,0.2
5.155,90,93,-5.699999809265137,1.9,0,0.2
5.175,90,92.5,-4.75,1.9,0,0.2
5.195,90,92.5,-4.75,1.9,0,0.2
5.215,90,92.5,-4.75,1.9,0,0.2
5.235,90,92.5,-4.75,1.9,0,0.2
5.255,90,92.5,-4.75,1.9,0,0.2
5.275,90,92.5,-4.75,1.9,0,0.2
5.295,90,92.5,-4.75,1.9,0,0.2
5.315,90,92,-3.799999952316284,1.9,0,0.2
5.335,90,92,-3.799999952316284,1.9,0,0.2
5.355,90,92,-3.799999952316284,1.9,0,0.2
5.375,90,92,-3.799999952316284,1.9,0,0.2
5.395,90,92,-3.799999952316284,1.9,0,0.2
5.415,90,92.5,-4.75,1.9,0,0.2
5.435,90,92.5,-4.75,1.9,0,0.2
5.455,90,93,-5.699999809265137,1.9,0,0.2
5.475,90,93,-5.699999809265137,1.9,0,0.2
5.495,90,93,-25.700000762939453,1.9,0,0.2
5.515,90,93,-5.699999809265137,1.9,0,0.2
5.535,90,93,-5.699999809265137,1.9,0,0.2
5.555,90,93,-5.699999809265137,1.9,0,0.2
5.575,90,93,-5.699999809265137,1.9,0,0.2
5.595,90,93,-5.699999809265137,1.9,0,0.2
5.615,90,93,-5.699999809265137,1.9,0,0.2
5.635,90,93,-5.699999809265137,1.9,0,0.2
5.655,90,92.5,-4.75,1.9,0,0.2
5.675,90,92,16.200000762939453,1.9,0,0.2
5.695,90,92,-3.799999952316284,1.9,0,0.2
5.715,90,92,-3.799999952316284,1.9,0,0.2
5.735,90,92,-23.799999237060547,1.9,0,0.2
5.755,90,91.5,-2.8499999046325684,1.9,0,0.2
5.775,90,91.5,-2.8499999046325684,1.9,0,0.2
5.795,90,92,-3.799999952316284,1.9,0,0.2
5.815,90,92,-3.799999952316284,1.9,0,0.2
5.835,90,92.5,-24.75,1.9,0,0.2
5.855,90,92.5,-4.75,1.9,0,0.2
5.875,90,93,-5.699999809265137,1.9,0,0.2
5.895,90,93,-5.699999809265137,1.9,0,0.2
5.915,90,92.5,-4.75,1.9,0,0.2
5.935,90,93,-25.700000762939453,1.9,0,0.2
5.955,90,93,-5.699999809265137,1.9,0,0.2
5.975,90,92.5,15.25,1.9,0,0.2
5.995,90,92,-3.799999952316284,1.9,0,0.2
6.015,90,92,-3.799999952316284,1.9,0,0.2
6.035,90,92,-3.799999952316284,1.9,0,0.2
6.055,90,92,-3.799999952316284,1.9,0,0.2
6.075,90,92,-3.799999952316284,1.9,0,0.2
6.095,90,93,-25.700000762939453,1.9,0,0.2
6.115,90,93,-5.699999809265137,1.9,0,0.2
6.135,90,93.5,-6.650000095367432,1.9,0,0.2
6.155,90,93.5,-6.650000095367432,1.9,0,0.2
6.175,90,93.5,-6.650000095367432,1.9,0,0.2
6.195,90,93.5,-6.650000095367432,1.9,0,0.2
6.215,90,93.5,-6.650000095367432,1.9,0,0.2
6.235,90,93,-5.699999809265137,1.9,0,0.2
6.255,90,93,-5.699999809265137,1.9,0,0.2
6.275,90,93,-5.699999809265137,1.9,0,0.2
6.295,90,92.5,-4.75,1.9,0,0.2
6.315,90,92,16.200000762939453,1.9,0,0.2
6.335,90,92,-3.799999952316284,1.9,0,0.2
6.355,90,92,-3.799999952316284,1.9,0,0.2
6.375,90,92,-3.799999952316284,1.9,0,0.2
6.395,90,92,-3.799999952316284,1.9,0,0.2
6.415,90,93,-5.699999809265137,1.9,0,0.2
6.435,90,93,-5.699999809265137,1.9,0,0.2
6.455,90,93,-5.699999809265137,1.9,0,0.2
6.475,90,93.5,-26.649999618530273,1.9,0,0.2
6.495,90,93.5,-6.650000095367432,1.9,0,0.2
6.515,90,93.5,-6.650000095367432,1.9,0,0.2
6.535,90,93.5,-6.650000095367432,1.9,0,0.2
6.555,90,93.5,-6.650000095367432,1.9,0,0.2
6.575,90,93.5,-6.650000095367432,1.9,0,0.2
6.595,90,93,-5.699999809265137,1.9,0,0.2
6.615,90,93,-5.699999809265137,1.9,0,0.2
6.635,90,93,-5.699999809265137,1.9,0,0.2
6.655,90,93,-5.699999809265137,1.9,0,0.2
6.675,90,93,-5.699999809265137,1.9,0,0.2
6.695,90,93,-5.699999809265137,1.9,0,0.2
6.715,90,93.5,-6.650000095367432,1.9,0,0.2
6.735,90,93.5,-6.650000095367432,1.9,0,0.2
6.755,90,93,-5.699999809265137,1.9,0,0.2
6.775,90,93,-5.699999809265137,1.9,0,0.2
6.795,90,93,-5.699999809265137,1.9,0,0.2
6.815,90,93,-5.699999809265137,1.9,0,0.2
6.835,90,93,-5.699999809265137,1.9,0,0.2
6.855,90,93,-5.699999809265137,1.9,0,0.2
6.875,90,93,-5.699999809265137,1.9,0,0.2
6.895,90,93,-5.699999809265137,1.9,0,0.2
6.915,90,93,-5.699999809265137,1.9,0,0.2
6.935,90,93.5,-6.650000095367432,1.9,0,0.2
6.955,90,93.5,-6.650000095367432,1.9,0,0.2
6.975,90,93,-5.699999809265137,1.9,0,0.2
6.995,90,93,-5.699999809265137,1.9,0,0.2
7.015,90,93,-5.699999809265137,1.9,0,0.2
7.035,90,92.5,-4.75,1.9,0,0.2
7.055,90,92.5,-4.75,1.9,0,0.2
7.075,90,92,-3.799999952316284,1.9,0,0.2
7.095,90,92,-3.799999952316284,1.9,0,0.2
7.115,90,92,-3.799999952316284,1.9,0,0.2
7.135,90,92.5,-4.75,1.9,0,0.2
7.155,90,92.5,-4.75,1.9,0,0.2
7.175,90,93,-25.700000762939453,1.9,0,0.2
7.195,90,92.5,-4.75,1.9,0,0.2
7.215,90,92,-3.799999952316284,1.9,0,0.2
7.235,90,92,-3.799999952316284,1.9,0,0.2
7.255,90,92.5,-4.75,1.9,0,0.2
7.275,90,93,-25.700000762939453,1.9,0,0.2
7.295,90,93,-5.699999809265137,1.9,0,0.2
7.315,90,93,-5.699999809265137,1.9,0,0.2
7.335,90,93.5,-6.650000095367432,1.9,0,0.2
7.355,90,93.5,-6.650000095367432,1.9,0,0.2
7.375,90,94,-27.600000381469727,1.9,0,0.2
7.395,90,94,-7.599999904632568,1.9,0,0.2
7.415,90,93.5,-6.650000095367432,1.9,0,0.2
7.435,90,93.5,-6.650000095367432,1.9,0,0.2
7.455,90,93.5,-6.650000095367432,1.9,0,0.2
7.475,90,93.5,-6.650000095367432,1.9,0,0.2
7.495,90,93,-5.699999809265137,1.9,0,0.2
7.515,90,92.5,15.25,1.9,0,0.2
7.535,90,92.5,-4.75,1.9,0,0.2
7.555,90,92,-3.799999952316284,1.9,0,0.2
7.575,90,92,-3.799999952316284,1.9,0,0.2
7.595,90,92,-3.799999952316284,1.9,0,0.2
7.615,90,92,-3.799999952316284,1.9,0,0.2
7.635,90,92,-3.799999952316284,1.9,0,0.2
7.655,90,91.5,-2.8499999046325684,1.9,0,0.2
7.675,90,91.5,-2.8499999046325684,1.9,0,0.2
7.695,90,91.5,-2.8499999046325684,1.9,0,0.2
7.715,90,91.5,-2.8499999046325684,1.9,0,0.2
7.735,90,91.5,-2.8499999046325684,1.9,0,0.2
7.755,90,92,-2.8499999046325684,1.9,0,0.2
7.775,90,92,-3.799999952316284,1.9,0,0.2
7.795,90,91.5,17.149999618530273,1.9,0,0.2
7.815,90,91.5,-2.8499999046325684,1.9,0,0.2
7.835,90,91.5,-2.8499999046325684,1.9,0,0.2
7.855,90,92,-3.799999952316284,1.9,0,0.2
7.875,90,92,-3.799999952316284,1.9,0,0.2
7.895,90,92.5,-4.75,1.9,0,0.2
7.915,90,92.5,-4.75,1.9,0,0.2
7.935,90,92.5,-4.75,1.9,0,0.2
7.955,90,92.5,-4.75,1.9,0,0.2
7.975,90,92.5,-4.75,1.9,0,0.2
7.995,90,92.5,-4.75,1.9,0,0.2
8.015,90,93,-5.699999809265137,1.9,0,0.2
8.035,90,93,-5.699999809265137,1.9,0,0.2
8.055,90,92.5,15.25,1.9,0,0.2
8.075,90,93,-5.699999809265137,1.9,0,0.2
8.095,90,93,-5.699999809265137,1.9,0,0.2
8.115,90,93,-5.699999809265137,1.9,0,0.2
8.135,90,93,-5.699999809265137,1.9,0,0.2
8.155,90,93,-5.699999809265137,1.9,0,0.2
8.175,90,93,14.300000190734863,1.9,0,0.2
8.195,90,93.5,-6.650000095367432,1.9,0,0.2
8.215,90,93,-5.699999809265137,1.9,0,0.2
8.235,90,92.5,-4.75,1.9,0,0.2
8.255,90,92,-3.799999952316284,1.9,0,0.2
8.275,90,92,-3.799999952316284,1.9,0,0.2
8.295,90,92,-3.799999952316284,1.9,0,0.2
8.315,90,92,-3.799999952316284,1.9,0,0.2
8.335,90,93,-25.700000762939453,1.9,0,0.2
8.355,90,93,-5.699999809265137,1.9,0,0.2
8.375,90,93,-5.699999809265137,1.9,0,0.2
8.395,90,93,-5.699999809265137,1.9,0,0.2
8.415,90,93,-25.700000762939453,1.9,0,0.2
8.435,90,93,-5.699999809265137,1.9,0,0.2
8.455,90,93,-5.699999809265137,1.9,0,0.2
8.475,90,93.5,-6.650000095367432,1.9,0,0.2
8.495,90,93.5,-6.650000095367432,1.9,0,0.2
8.515,90,94,-7.599999904632568,1.9,0,0.2
8.535,90,94,-7.599999904632568,1.9,0,0.2
8.555,90,94,-7.599999904632568,1.9,0,0.2
8.575,90,93.5,-6.650000095367432,1.9,0,0.2
8.595,90,93.5,-6.650000095367432,1.9,0,0.2
8.615,90,93,-5.699999809265137,1.9,0,0.2
8.635,90,92.5,15.25,1.9,0,0.2
8.655,90,92.5,-4.75,1.9,0,0.2
8.675,90,92,-3.799999952316284,1.9,0,0.2
8.695,90,92,-3.799999952316284,1.9,0,0.2
8.715,90,92,-3.799999952316284,1.9,0,0.2
8.735,90,92,-3.799999952316284,1.9,0,0.2
8.755,90,92,-3.799999952316284,1.9,0,0.2
8.775,90,92,-3.799999952316284,1.9,0,0.2
8.795,90,92,-3.799999952316284,1.9,0,0.2
8.815,90,92,-3.799999952316284,1.9,0,0.2
8.835,90,92,-3.799999952316284,1.9,0,0.2
8.855,90,91.5,-2.8499999046325684,1.9,0,0.2
8.875,90,92,-3.799999952316284,1.9,0,0.2
8.895,90,92,-3.799999952316284,1.9,0,0.2
8.915,90,92,-3.799999952316284,1.9,0,0.2
8.935,90,92.5,-4.75,1.9,0,0.2
8.955,90,92.5,-4.75,1.9,0,0.2
8.975,90,92,-3.799999952316284,1.9,0,0.2
8.995,90,92,-3.799999952316284,1.9,0,0.2
9.015,90,92,-3.799999952316284,1.9,0,0.2
9.035,90,92,-3.799999952316284,1.9,0,0.2
9.055,90,92,-3.799999952316284,1.9,0,0.2
9.075,90,91.5,-2.8499999046325684,1.9,0,0.2
9.095,90,91.5,-2.8499999046325684,1.9,0,0.2
9.115,90,91,-1.899999976158142,1.9,0,0.2
9.135,90,91.5,-2.8499999046325684,1.9,0,0.2
9.155,90,91.5,-2.8499999046325684,1.9,0,0.2
9.175,90,92,-3.799999952316284,1.9,0,0.2
9.195,90,92,-3.799999952316284,1.9,0,0.2
9.215,90,92,-3.799999952316284,1.9,0,0.2
9.235,90,91.5,-2.8499999046325684,1.9,0,0.2
9.255,90,91,18.100000381469727,1.9,0,0.2
9.275,90,91.5,-22.850000381469727,1.9,0,0.2
9.295,90,91.5,-2.8499999046325684,1.9,0,0.2
9.315,90,92,-23.799999237060547,1.9,0,0.2
9.335,90,92,-3.799999952316284,1.9,0,0.2
9.355,90,92,-3.799999952316284,1.9,0,0.2
9.375,90,92,-3.799999952316284,1.9,0,0.2
9.395,90,93,-25.700000762939453,1.9,0,0.2
9.415,90,93,-5.699999809265137,1.9,0,0.2
9.435,90,92.5,15.25,1.9,0,0.2
9.455,90,92,16.200000762939453,1.9,0,0.2
9.475,90,92,-3.799999952316284,1.9,0,0.2
9.495,90,91.5,-2.8499999046325684,1.9,0,0.2
9.515,90,91.5,-2.8499999046325684,1.9,0,0.2
9.535,90,91.5,17.149999618530273,1.9,0,0.2
9.555,90,91.5,-2.8499999046325684,1.9,0,0.2
9.575,90,91,-1.899999976158142,1.9,0,0.2
9.595,90,91,-1.899999976158142,1.9,0,0.2
9.615,90,90.5,-0.949999988079071,1.9,0,0.2
9.635,90,91,-1.899999976158142,1.9,0,0.2
9.655,90,91,-1.899999976158142,1.9,0,0.2
9.675,90,91.5,-2.8499999046325684,1.9,0,0.2
9.695,90,92,-3.799999952316284,1.9,0,0.2
9.715,90,92.5,-4.75,1.9,0,0.2
9.735,90,93,-5.699999809265137,1.9,0,0.2
9.755,90,93,-5.699999809265137,1.9,0,0.2
9.775,90,93,-5.699999809265137,1.9,0,0.2
9.795,90,93,-5.699999809265137,1.9,0,0.2
9.815,90,93,-5.699999809265137,1.9,0,0.2
9.835,90,93,-5.699999809265137,1.9,0,0.2
9.855,90,93,-5.699999809265137,1.9,0,0.2
9.875,90,92.5,15.25,1.9,0,0.2
9.895,90,92.5,-4.75,1.9,0,0.2
9.915,90,92,-3.799999952316284,1.9,0,0.2
9.935,90,92,-3.799999952316284,1.9,0,0.2
9.955,90,92,-3.799999952316284,1.9,0,0.2
9.975,90,92,-3.799999952316284,1.9,0,0.2
9.995,90,92,-3.799999952316284,1.9,0,0.2
10.015,0,91.5,-44,1.9,0,0.2
10.035,0,91.5,-44,1.9,0,0.2
10.055,0,90,-44,1.9,0,0.2
10.075,0,87.5,-44,1.9,0,0.2
10.095,0,84,-44,1.9,0,0.2
10.115,0,80,-44,1.9,0,0.2
10.135,0,75.5,-44,1.9,0,0.2
10.155,0,69.5,-44,1.9,0,0.2
10.175,0,63,-39.69999694824219,1.9,0,0.2
10.195,0,56,-26.400001525878906,1.9,0,0.2
10.215,0,49,-13.099998474121094,1.9,0,0.2
10.235,0,40.5,2.0999984741210938,1.9,0,0.2
10.255,0,32.5,18.25,1.9,0,0.2
10.275,0,25.5,31.549999237060547,1.9,0,0.2
10.295,0,20,22,1.9,0,0.2
10.315,0,16,9.600000381469727,1.9,0,0.2
10.335,0,13,-4.69999885559082,1.9,0,0.2
10.355,0,10,21,1.9,0,0.2
10.375,0,8.5,3.8500003814697266,1.9,0,0.2
10.395,0,7.5,-14.25,1.9,0,0.2
10.415,0,7,-13.300000190734863,1.9,0,0.2
10.435,0,6,-11.399999618530273,1.9,0,0.2
10.455,0,5,10.5,1.9,0,0.2
10.475,0,4,32.400001525878906,1.9,0,0.2
10.495,0,3.5,-6.650000095367432,1.9,0,0.2
10.515,0,3,-5.699999809265137,1.9,0,0.2
10.535,0,2,-3.799999952316284,1.9,0,0.2
10.555,0,2,-3.799999952316284,1.9,0,0.2
10.575,0,1.5,17.149999618530273,1.9,0,0.2
10.595,0,1,18.100000381469727,1.9,0,0.2
10.615,0,1,-1.899999976158142,1.9,0,0.2
10.635,0,1,-1.899999976158142,1.9,0,0.2
10.655,0,0.5,-0.949999988079071,1.9,0,0.2
10.675,0,1,-21.899999618530273,1.9,0,0.2
10.695,0,1,-1.899999976158142,1.9,0,0.2
10.715,0,1.5,-2.8499999046325684,1.9,0,0.2
10.735,0,2,-3.799999952316284,1.9,0,0.2
10.755,0,2,-3.799999952316284,1.9,0,0.2
10.775,0,3,-5.699999809265137,1.9,0,0.2
10.795,0,3,-5.699999809265137,1.9,0,0.2
10.815,0,3,-5.699999809265137,1.9,0,0.2
10.835,0,3,-5.699999809265137,1.9,0,0.2
10.855,0,3,-5.699999809265137,1.9,0,0.2
10.875,0,2,16.200000762939453,1.9,0,0.2
10.895,0,2,-3.799999952316284,1.9,0,0.2
10.915,0,2,-3.799999952316284,1.9,0,0.2
10.935,0,2,-3.799999952316284,1.9,0,0.2
10.955,0,2,-3.799999952316284,1.9,0,0.2
10.975,0,2,-3.799999952316284,1.9,0,0.2
10.995,0,2,-3.799999952316284,1.9,0,0.2
11.015,0,2,-3.799999952316284,1.9,0,0.2
11.035,0,2.5,-24.75,1.9,0,0.2
11.055,0,3,-5.699999809265137,1.9,0,0.2
11.075,0,2.5,15.25,1.9,0,0.2
11.095,0,2,-3.799999952316284,1.9,0,0.2
11.115,0,2,-3.799999952316284,1.9,0,0.2
11.135,0,2,-3.799999952316284,1.9,0,0.2
11.155,0,2,-3.799999952316284,1.9,0,0.2
11.175,0,2,-3.799999952316284,1.9,0,0.2
11.195,0,2,-3.799999952316284,1.9,0,0.2
11.215,0,2,-3.799999952316284,1.9,0,0.2
11.235,0,2,-3.799999952316284,1.9,0,0.2
11.255,0,2,-3.799999952316284,1.9,0,0.2
11.275,0,2,-3.799999952316284,1.9,0,0.2
11.295,0,2,-3.799999952316284,1.9,0,0.2
11.315,0,2,-3.799999952316284,1.9,0,0.2
11.335,0,3,-5.699999809265137,1.9,0,0.2
11.355,0,2.5,15.25,1.9,0,0.2
11.375,0,2,-3.799999952316284,1.9,0,0.2
11.395,0,3,-5.699999809265137,1.9,0,0.2
11.415,0,3.5,-26.649999618530273,1.9,0,0.2
11.435,0,3.5,-6.650000095367432,1.9,0,0.2
11.455,0,3,-5.699999809265137,1.9,0,0.2
11.475,0,3,-5.699999809265137,1.9,0,0.2
11.495,0,3,-5.699999809265137,1.9,0,0.2
11.515,0,3,-5.699999809265137,1.9,0,0.2
11.535,0,3,-5.699999809265137,1.9,0,0.2
11.555,0,3,-5.699999809265137,1.9,0,0.2
11.575,0,3,-5.699999809265137,1.9,0,0.2
11.595,0,3,-5.699999809265137,1.9,0,0.2
11.615,0,3.5,-6.650000095367432,1.9,0,0.2
11.635,0,3.5,-6.650000095367432,1.9,0,0.2
11.655,0,4,-7.599999904632568,1.9,0,0.2
11.675,0,4,-7.599999904632568,1.9,0,0.2
11.695,0,4,-7.599999904632568,1.9,0,0.2
11.715,0,4,-7.599999904632568,1.9,0,0.2
11.735,0,4,-7.599999904632568,1.9,0,0.2
11.755,0,4,-7.599999904632568,1.9,0,0.2
11.775,0,4,-7.599999904632568,1.9,0,0.2
11.795,0,4,-7.599999904632568,1.9,0,0.2
11.815,0,4,-7.599999904632568,1.9,0,0.2
11.835,0,4,-7.599999904632568,1.9,0,0.2
11.855,0,5,-9.5,1.9,0,0.2
11.875,0,5,-9.5,1.9,0,0.2
11.895,0,5,-9.5,1.9,0,0.2
11.915,0,4,-7.599999904632568,1.9,0,0.2
11.935,0,4,-7.599999904632568,1.9,0,0.2
11.955,0,4,-7.599999904632568,1.9,0,0.2
11.975,0,4,-7.599999904632568,1.9,0,0.2
11.995,0,4,-7.599999904632568,1.9,0,0.2
12.015,0,4,-7.599999904632568,1.9,0,0.2
12.035,0,4,-7.599999904632568,1.9,0,0.2
12.055,0,4,-7.599999904632568,1.9,0,0.2
12.075,0,4,-7.599999904632568,1.9,0,0.2
12.095,0,3.5,-6.650000095367432,1.9,0,0.2
12.115,0,3,-5.699999809265137,1.9,0,0.2
12.135,0,3,-5.699999809265137,1.9,0,0.2
12.155,0,2,-3.799999952316284,1.9,0,0.2
12.175,0,2,-3.799999952316284,1.9,0,0.2
12.195,0,2,-3.799999952316284,1.9,0,0.2
12.215,0,2,-3.799999952316284,1.9,0,0.2
12.235,0,2,-3.799999952316284,1.9,0,0.2
12.255,0,2,-3.799999952316284,1.9,0,0.2
12.275,0,2,-3.799999952316284,1.9,0,0.2
12.295,0,2,-3.799999952316284,1.9,0,0.2
12.315,0,2,-3.799999952316284,1.9,0,0.2
12.335,0,2,-3.799999952316284,1.9,0,0.2
12.355,0,2,-3.799999952316284,1.9,0,0.2
12.375,0,3,-25.700000762939453,1.9,0,0.2
12.395,0,3,-5.699999809265137,1.9,0,0.2
12.415,0,3.5,-6.650000095367432,1.9,0,0.2
12.435,0,3.5,-26.649999618530273,1.9,0,0.2
12.455,0,3.5,-6.650000095367432,1.9,0,0.2
12.475,0,3,14.300000190734863,1.9,0,0.2
12.495,0,3.5,-6.650000095367432,1.9,0,0.2
12.515,0,3,14.300000190734863,1.9,0,0.2
12.535,0,3,-5.699999809265137,1.9,0,0.2
12.555,0,3,-5.699999809265137,1.9,0,0.2
12.575,0,2,-3.799999952316284,1.9,0,0.2
12.595,0,2,-3.799999952316284,1.9,0,0.2
12.615,0,2,-3.799999952316284,1.9,0,0.2
12.635,0,2,-3.799999952316284,1.9,0,0.2
12.655,0,2,-3.799999952316284,1.9,0,0.2
12.675,0,2,-3.799999952316284,1.9,0,0.2
12.695,0,3,-25.700000762939453,1.9,0,0.2
12.715,0,3,-5.699999809265137,1.9,0,0.2
12.735,0,3.5,-6.650000095367432,1.9,0,0.2
12.755,0,4,-7.599999904632568,1.9,0,0.2
12.775,0,4,-7.599999904632568,1.9,0,0.2
12.795,0,4,-7.599999904632568,1.9,0,0.2
12.815,0,4,-7.599999904632568,1.9,0,0.2
12.835,0,4,-7.599999904632568,1.9,0,0.2
12.855,0,4,-7.599999904632568,1.9,0,0.2
12.875,0,3.5,13.350000381469727,1.9,0,0.2
12.895,0,3.5,-6.650000095367432,1.9,0,0.2
12.915,0,3.5,-6.650000095367432,1.9,0,0.2
12.935,0,3.5,-6.650000095367432,1.9,0,0.2
12.955,0,3.5,-6.650000095367432,1.9,0,0.2
12.975,0,3.5,-6.650000095367432,1.9,0,0.2
12.995,0,3.5,-6.650000095367432,1.9,0,0.2
13.015,0,3.5,-6.650000095367432,1.9,0,0.2
13.035,0,3,-5.699999809265137,1.9,0,0.2
13.055,0,2.5,-4.75,1.9,0,0.2
13.075,0,2,-3.799999952316284,1.9,0,0.2
13.095,0,2,-3.799999952316284,1.9,0,0.2
13.115,0,1.5,17.149999618530273,1.9,0,0.2
13.135,0,1.5,-2.8499999046325684,1.9,0,0.2
13.155,0,1.5,-2.8499999046325684,1.9,0,0.2
13.175,0,1.5,-2.8499999046325684,1.9,0,0.2
13.195,0,1.5,-2.8499999046325684,1.9,0,0.2
13.215,0,2,-3.799999952316284,1.9,0,0.2
13.235,0,2,-3.799999952316284,1.9,0,0.2
13.255,0,2,-3.799999952316284,1.9,0,0.2
13.275,0,2,-3.799999952316284,1.9,0,0.2
13.295,0,2.5,-4.75,1.9,0,0.2
13.315,0,3,-5.699999809265137,1.9,0,0.2
13.335,0,3,-5.699999809265137,1.9,0,0.2
13.355,0,2,-3.799999952316284,1.9,0,0.2
13.375,0,2,-3.799999952316284,1.9,0,0.2
13.395,0,2,-3.799999952316284,1.9,0,0.2
13.415,0,3,-25.700000762939453,1.9,0,0.2
13.435,0,3,-5.699999809265137,1.9,0,0.2
13.455,0,3,-5.699999809265137,1.9,0,0.2
13.475,0,3,-5.699999809265137,1.9,0,0.2
13.495,0,3,-5.699999809265137,1.9,0,0.2
13.515,0,3,-5.699999809265137,1.9,0,0.2
13.535,0,2.5,-4.75,1.9,0,0.2
13.555,0,2.5,-4.75,1.9,0,0.2
13.575,0,3,-5.699999809265137,1.9,0,0.2
13.595,0,3,-5.699999809265137,1.9,0,0.2
13.615,0,3,-5.699999809265137,1.9,0,0.2
13.635,0,3,-5.699999809265137,1.9,0,0.2
13.655,0,3,-5.699999809265137,1.9,0,0.2
13.675,0,3.5,-6.650000095367432,1.9,0,0.2
13.695,0,3.5,-6.650000095367432,1.9,0,0.2
13.715,0,3,-5.699999809265137,1.9,0,0.2
13.735,0,3,-5.699999809265137,1.9,0,0.2
13.755,0,3,-5.699999809265137,1.9,0,0.2
13.775,0,2.5,15.25,1.9,0,0.2
13.795,0,3,-5.699999809265137,1.9,0,0.2
13.815,0,3,-5.699999809265137,1.9,0,0.2
13.835,0,3.5,-6.650000095367432,1.9,0,0.2
13.855,0,3.5,-6.650000095367432,1.9,0,0.2
13.875,0,3,-5.699999809265137,1.9,0,0.2
13.895,0,3,-5.699999809265137,1.9,0,0.2
13.915,0,3,-5.699999809265137,1.9,0,0.2
13.935,0,3,-5.699999809265137,1.9,0,0.2
13.955,0,3,-25.700000762939453,1.9,0,0.2
13.975,0,3,-5.699999809265137,1.9,0,0.2
13.995,0,3,-5.699999809265137,1.9,0,0.2
14.015,0,3,-5.699999809265137,1.9,0,0.2
14.035,0,3,-5.699999809265137,1.9,0,0.2
14.055,0,3,-5.699999809265137,1.9,0,0.2
14.075,0,3,-5.699999809265137,1.9,0,0.2
14.095,0,2,16.200000762939453,1.9,0,0.2
14.115,0,3,-5.699999809265137,1.9,0,0.2
14.135,0,3,-5.699999809265137,1.9,0,0.2
14.155,0,3,-5.699999809265137,1.9,0,0.2
14.175,0,3.5,-6.650000095367432,1.9,0,0.2
14.195,0,3,14.300000190734863,1.9,0,0.2
14.215,0,3,-5.699999809265137,1.9,0,0.2
14.235,0,3,-5.699999809265137,1.9,0,0.2
14.255,0,2.5,15.25,1.9,0,0.2
14.275,0,2.5,-24.75,1.9,0,0.2
14.295,0,3,-5.699999809265137,1.9,0,0.2
14.315,0,3,-5.699999809265137,1.9,0,0.2
14.335,0,3,-5.699999809265137,1.9,0,0.2
14.355,0,3,-5.699999809265137,1.9,0,0.2
14.375,0,3,-5.699999809265137,1.9,0,0.2
14.395,0,3,-5.699999809265137,1.9,0,0.2
14.415,0,3,-5.699999809265137,1.9,0,0.2
14.435,0,3,-5.699999809265137,1.9,0,0.2
14.455,0,3,-5.699999809265137,1.9,0,0.2
14.475,0,2,16.200000762939453,1.9,0,0.2
14.495,0,2,-3.799999952316284,1.9,0,0.2
14.515,0,2.5,-4.75,1.9,0,0.2
14.535,0,3,-25.700000762939453,1.9,0,0.2
14.555,0,2,-3.799999952316284,1.9,0,0.2
14.575,0,2,-3.799999952316284,1.9,0,0.2
14.595,0,1.5,-2.8499999046325684,1.9,0,0.2
14.615,0,1.5,-2.8499999046325684,1.9,0,0.2
14.635,0,2,-3.799999952316284,1.9,0,0.2
14.655,0,3,-25.700000762939453,1.9,0,0.2
14.675,0,3,-5.699999809265137,1.9,0,0.2
14.695,0,3.5,-6.650000095367432,1.9,0,0.2
14.715,0,4,-7.599999904632568,1.9,0,0.2
14.735,0,3.5,-6.650000095367432,1.9,0,0.2
14.755,0,4,-6.650000095367432,1.9,0,0.2
14.775,0,4,-7.599999904632568,1.9,0,0.2
14.795,0,4,-7.599999904632568,1.9,0,0.2
14.815,0,4,-7.599999904632568,1.9,0,0.2
14.835,0,3.5,13.350000381469727,1.9,0,0.2
14.855,0,3.5,-6.650000095367432,1.9,0,0.2
14.875,0,3.5,-6.650000095367432,1.9,0,0.2
14.895,0,3,-5.699999809265137,1.9,0,0.2
14.915,0,3,-5.699999809265137,1.9,0,0.2
14.935,0,3,-25.700000762939453,1.9,0,0.2
14.955,0,2,-3.799999952316284,1.9,0,0.2
14.975,0,2,-3.799999952316284,1.9,0,0.2
14.995,0,2.5,-24.75,1.9,0,0.2
15.015,0,3,-5.699999809265137,1.9,0,0.2
15.035,0,2,36.20000076293945,1.9,0,0.2
15.055,0,2,-3.799999952316284,1.9,0,0.2
15.075,0,2,-3.799999952316284,1.9,0,0.2
15.095,0,2,-3.799999952316284,1.9,0,0.2
15.115,0,2,-3.799999952316284,1.9,0,0.2
15.135,0,2,-3.799999952316284,1.9,0,0.2
15.155,0,2,-3.799999952316284,1.9,0,0.2
15.175,0,2.5,-4.75,1.9,0,0.2
15.195,0,3,-25.700000762939453,1.9,0,0.2
15.215,0,3,-5.699999809265137,1.9,0,0.2
15.235,0,3,-5.699999809265137,1.9,0,0.2
15.255,0,2.5,-4.75,1.9,0,0.2
15.275,0,3,-5.699999809265137,1.9,0,0.2
15.295,0,2.5,15.25,1.9,0,0.2
15.315,0,2,-3.799999952316284,1.9,0,0.2
15.335,0,2,-3.799999952316284,1.9,0,0.2
15.355,0,2,-3.799999952316284,1.9,0,0.2
15.375,0,3,-25.700000762939453,1.9,0,0.2
15.395,0,3.5,-26.649999618530273,1.9,0,0.2
15.415,0,3.5,-6.650000095367432,1.9,0,0.2
15.435,0,3.5,-6.650000095367432,1.9,0,0.2
15.455,0,3,-5.699999809265137,1.9,0,0.2
15.475,0,3,-5.699999809265137,1.9,0,0.2
15.495,0,3,-5.699999809265137,1.9,0,0.2
15.515,0,2,16.200000762939453,1.9,0,0.2
15.535,0,2,-3.799999952316284,1.9,0,0.2
15.555,0,2,-3.799999952316284,1.9,0,0.2
15.575,0,2,-3.799999952316284,1.9,0,0.2
15.595,0,3,-25.700000762939453,1.9,0,0.2
15.615,0,3,-5.699999809265137,1.9,0,0.2
15.635,0,2.5,-4.75,1.9,0,0.2
15.655,0,2.5,-4.75,1.9,0,0.2
15.675,0,2,16.200000762939453,1.9,0,0.2
15.695,0,2,-3.799999952316284,1.9,0,0.2
15.715,0,2,-3.799999952316284,1.9,0,0.2
15.735,0,2.5,-24.75,1.9,0,0.2
15.755,0,3,-5.699999809265137,1.9,0,0.2
15.775,0,3,-5.699999809265137,1.9,0,0.2
15.795,0,2.5,-4.75,1.9,0,0.2
15.815,0,2,-3.799999952316284,1.9,0,0.2
15.835,0,2,-3.799999952316284,1.9,0,0.2
15.855,0,2.5,-4.75,1.9,0,0.2
15.875,0,2.5,15.25,1.9,0,0.2
15.895,0,2,-3.799999952316284,1.9,0,0.2
15.915,0,2,-3.799999952316284,1.9,0,0.2
15.935,0,2,-3.799999952316284,1.9,0,0.2
15.955,0,1.5,-2.8499999046325684,1.9,0,0.2
15.975,0,2,-3.799999952316284,1.9,0,0.2
15.995,0,2,-3.799999952316284,1.9,0,0.2
16.015,0,2,-3.799999952316284,1.9,0,0.2
16.035,0,2,-3.799999952316284,1.9,0,0.2
16.055,0,2,-3.799999952316284,1.9,0,0.2
16.075,0,2,-3.799999952316284,1.9,0,0.2
16.095,0,2.5,-24.75,1.9,0,0.2
16.115,0,3,-5.699999809265137,1.9,0,0.2
16.135,0,3,-5.699999809265137,1.9,0,0.2
16.155,0,3,-5.699999809265137,1.9,0,0.2
16.175,0,3,-5.699999809265137,1.9,0,0.2
16.195,0,2.5,15.25,1.9,0,0.2
16.215,0,2.5,-4.75,1.9,0,0.2
16.235,0,2.5,-4.75,1.9,0,0.2
16.255,0,3,-5.699999809265137,1.9,0,0.2
16.275,0,2.5,-4.75,1.9,0,0.2
16.295,0,2.5,-24.75,1.9,0,0.2
16.315,0,3,-5.699999809265137,1.9,0,0.2
16.335,0,3,-5.699999809265137,1.9,0,0.2
16.355,0,3,-5.699999809265137,1.9,0,0.2
16.375,0,3,-5.699999809265137,1.9,0,0.2
16.395,0,3,-5.699999809265137,1.9,0,0.2
16.415,0,3.5,-6.650000095367432,1.9,0,0.2
16.435,0,3.5,-6.650000095367432,1.9,0,0.2
16.455,0,3.5,-6.650000095367432,1.9,0,0.2
16.475,0,4,-7.599999904632568,1.9,0,0.2
16.495,0,4,-7.599999904632568,1.9,0,0.2
16.515,0,4,-7.599999904632568,1.9,0,0.2
16.535,0,3.5,-6.650000095367432,1.9,0,0.2
16.555,0,3,14.300000190734863,1.9,0,0.2
16.575,0,3,-5.699999809265137,1.9,0,0.2
16.595,0,2,-3.799999952316284,1.9,0,0.2
16.615,0,2,-3.799999952316284,1.9,0,0.2
16.635,0,2,-3.799999952316284,1.9,0,0.2
16.655,0,2,-23.799999237060547,1.9,0,0.2
16.675,0,2,-3.799999952316284,1.9,0,0.2
16.695,0,2,-3.799999952316284,1.9,0,0.2
16.715,0,2.5,-24.75,1.9,0,0.2
16.735,0,3,-5.699999809265137,1.9,0,0.2
16.755,0,3,-5.699999809265137,1.9,0,0.2
16.775,0,2.5,15.25,1.9,0,0.2
16.795,0,2,16.200000762939453,1.9,0,0.2
16.815,0,2.5,-4.75,1.9,0,0.2
16.835,0,3,-5.699999809265137,1.9,0,0.2
16.855,0,3,-25.700000762939453,1.9,0,0.2
16.875,0,2,-3.799999952316284,1.9,0,0.2
16.895,0,2,-3.799999952316284,1.9,0,0.2
16.915,0,3,-5.699999809265137,1.9,0,0.2
16.935,0,3,-5.699999809265137,1.9,0,0.2
16.955,0,2,-3.799999952316284,1.9,0,0.2
16.975,0,2,-3.799999952316284,1.9,0,0.2
16.995,0,2,-3.799999952316284,1.9,0,0.2
17.015,0,3,-25.700000762939453,1.9,0,0.2
17.035,0,3,-5.699999809265137,1.9,0,0.2
17.055,0,3,-5.699999809265137,1.9,0,0.2
17.075,0,3,-5.699999809265137,1.9,0,0.2
17.095,0,3,-5.699999809265137,1.9,0,0.2
17.115,0,3,-5.699999809265137,1.9,0,0.2
17.135,0,2,16.200000762939453,1.9,0,0.2
17.155,0,2,-3.799999952316284,1.9,0,0.2
17.175,0,2,-3.799999952316284,1.9,0,0.2
17.195,0,2,-3.799999952316284,1.9,0,0.2
17.215,0,3,-25.700000762939453,1.9,0,0.2
17.235,0,2.5,-4.75,1.9,0,0.2
17.255,0,2,-3.799999952316284,1.9,0,0.2
17.275,0,3,-5.699999809265137,1.9,0,0.2
17.295,0,3,-5.699999809265137,1.9,0,0.2
17.315,0,3,-5.699999809265137,1.9,0,0.2
17.335,0,3,-5.699999809265137,1.9,0,0.2
17.355,0,3,-5.699999809265137,1.9,0,0.2
17.375,0,2,-3.799999952316284,1.9,0,0.2
17.395,0,2,-3.799999952316284,1.9,0,0.2
17.415,0,2,-3.799999952316284,1.9,0,0.2
17.435,0,2,-3.799999952316284,1.9,0,0.2
17.455,0,1.5,17.149999618530273,1.9,0,0.2
17.475,0,1.5,-2.8499999046325684,1.9,0,0.2
17.495,0,1.5,-2.8499999046325684,1.9,0,0.2
17.515,0,2,-3.799999952316284,1.9,0,0.2
17.535,0,2,-3.799999952316284,1.9,0,0.2
17.555,0,2,-3.799999952316284,1.9,0,0.2
17.575,0,2,-3.799999952316284,1.9,0,0.2
17.595,0,2,-3.799999952316284,1.9,0,0.2
17.615,0,2,-3.799999952316284,1.9,0,0.2
17.635,0,2,-3.799999952316284,1.9,0,0.2
17.655,0,2,-3.799999952316284,1.9,0,0.2
17.675,0,2,-3.799999952316284,1.9,0,0.2
17.695,0,2.5,-4.75,1.9,0,0.2
17.715,0,2.5,-4.75,1.9,0,0.2
17.735,0,2,16.200000762939453,1.9,0,0.2
17.755,0,2,-3.799999952316284,1.9,0,0.2
17.775,0,2,-3.799999952316284,1.9,0,0.2
17.795,0,3,-5.699999809265137,1.9,0,0.2
17.815,0,2.5,-4.75,1.9,0,0.2
17.835,0,2,-3.799999952316284,1.9,0,0.2
17.855,0,2,-3.799999952316284,1.9,0,0.2
17.875,0,2,-3.799999952316284,1.9,0,0.2
17.895,0,2,-3.799999952316284,1.9,0,0.2
17.915,0,2,-3.799999952316284,1.9,0,0.2
17.935,0,2,-3.799999952316284,1.9,0,0.2
17.955,0,2.5,-24.75,1.9,0,0.2
17.975,0,3,-5.699999809265137,1.9,0,0.2
17.995,0,3,-5.699999809265137,1.9,0,0.2
18.015,0,2.5,15.25,1.9,0,0.2
18.035,0,2.5,-4.75,1.9,0,0.2
18.055,0,3,-5.699999809265137,1.9,0,0.2
18.075,0,3,-5.699999809265137,1.9,0,0.2
18.095,0,3,-5.699999809265137,1.9,0,0.2
18.115,0,2.5,-4.75,1.9,0,0.2
18.135,0,2,-3.799999952316284,1.9,0,0.2
18.155,0,2,-3.799999952316284,1.9,0,0.2
18.175,0,2,-3.799999952316284,1.9,0,0.2
18.195,0,3,-25.700000762939453,1.9,0,0.2
18.215,0,3,-5.699999809265137,1.9,0,0.2
18.235,0,3,-5.699999809265137,1.9,0,0.2
18.255,0,2.5,15.25,1.9,0,0.2
18.275,0,3,-5.699999809265137,1.9,0,0.2
18.295,0,3,-5.699999809265137,1.9,0,0.2
18.315,0,3.5,-6.650000095367432,1.9,0,0.2
18.335,0,3.5,-6.650000095367432,1.9,0,0.2
18.355,0,3,-5.699999809265137,1.9,0,0.2
18.375,0,3,-5.699999809265137,1.9,0,0.2
18.395,0,3,-5.699999809265137,1.9,0,0.2
18.415,0,3,-5.699999809265137,1.9,0,0.2
18.435,0,2.5,15.25,1.9,0,0.2
18.455,0,2,-3.799999952316284,1.9,0,0.2
18.475,0,2,-3.799999952316284,1.9,0,0.2
18.495,0,2,-3.799999952316284,1.9,0,0.2
18.515,0,2,-3.799999952316284,1.9,0,0.2
18.535,0,2,-3.799999952316284,1.9,0,0.2
18.555,0,2,-3.799999952316284,1.9,0,0.2
18.575,0,2,-3.799999952316284,1.9,0,0.2
18.595,0,2,-3.799999952316284,1.9,0,0.2
18.615,0,2,-3.799999952316284,1.9,0,0.2
18.635,0,2,-3.799999952316284,1.9,0,0.2
18.655,0,2,-3.799999952316284,1.9,0,0.2
18.675,0,2,-3.799999952316284,1.9,0,0.2
18.695,0,3,-5.699999809265137,1.9,0,0.2
18.715,0,3,-5.699999809265137,1.9,0,0.2
18.735,0,3,-5.699999809265137,1.9,0,0.2
18.755,0,3.5,-6.650000095367432,1.9,0,0.2
18.775,0,3.5,-6.650000095367432,1.9,0,0.2
18.795,0,3.5,-6.650000095367432,1.9,0,0.2
18.815,0,3.5,-6.650000095367432,1.9,0,0.2
18.835,0,3,-5.699999809265137,1.9,0,0.2
18.855,0,3,-5.699999809265137,1.9,0,0.2
18.875,0,3,-5.699999809265137,1.9,0,0.2
18.895,0,3,-5.699999809265137,1.9,0,0.2
18.915,0,2.5,-4.75,1.9,0,0.2
18.935,0,2.5,-4.75,1.9,0,0.2
18.955,0,2.5,-4.75,1.9,0,0.2
18.975,0,2,16.200000762939453,1.9,0,0.2
18.995,0,2,-3.799999952316284,1.9,0,0.2
19.015,0,2,-3.799999952316284,1.9,0,0.2
19.035,0,2,-3.799999952316284,1.9,0,0.2
19.055,0,2,-3.799999952316284,1.9,0,0.2
19.075,0,2,-3.799999952316284,1.9,0,0.2
19.095,0,2,-3.799999952316284,1.9,0,0.2
19.115,0,2,-3.799999952316284,1.9,0,0.2
19.135,0,3,-5.699999809265137,1.9,0,0.2
19.155,0,3.5,-6.650000095367432,1.9,0,0.2
19.175,0,3.5,-6.650000095367432,1.9,0,0.2
19.195,0,3.5,-6.650000095367432,1.9,0,0.2
19.215,0,4,-7.599999904632568,1.9,0,0.2
19.235,0,4,-7.599999904632568,1.9,0,0.2
19.255,0,4,-7.599999904632568,1.9,0,0.2
19.275,0,4,-7.599999904632568,1.9,0,0.2
19.295,0,3.5,-6.650000095367432,1.9,0,0.2
19.315,0,3.5,-6.650000095367432,1.9,0,0.2
19.335,0,3,-6.650000095367432,1.9,0,0.2
19.355,0,3,-5.699999809265137,1.9,0,0.2
19.375,0,2,-3.799999952316284,1.9,0,0.2
19.395,0,2,-3.799999952316284,1.9,0,0.2
19.415,0,1.5,-2.8499999046325684,1.9,0,0.2
19.435,0,1,18.100000381469727,1.9,0,0.2
19.455,0,1,-1.899999976158142,1.9,0,0.2
19.475,0,1.5,-2.8499999046325684,1.9,0,0.2
19.495,0,1,-1.899999976158142,1.9,0,0.2
19.515,0,1,-1.899999976158142,1.9,0,0.2
19.535,0,1,-1.899999976158142,1.9,0,0.2
19.555,0,1,-1.899999976158142,1.9,0,0.2
19.575,0,1,-1.899999976158142,1.9,0,0.2
19.595,0,1,-1.899999976158142,1.9,0,0.2
19.615,0,1.5,-2.8499999046325684,1.9,0,0.2
19.635,0,1.5,-2.8499999046325684,1.9,0,0.2
19.655,0,1.5,-2.8499999046325684,1.9,0,0.2
19.675,0,1.5,-2.8499999046325684,1.9,0,0.2
19.695,0,2,-3.799999952316284,1.9,0,0.2
19.715,0,2,-3.799999952316284,1.9,0,0.2
19.735,0,2,-3.799999952316284,1.9,0,0.2
19.755,0,2,-3.799999952316284,1.9,0,0.2
19.775,0,2.5,-4.75,1.9,0,0.2
19.795,0,3,-5.699999809265137,1.9,0,0.2
19.815,0,2.5,-4.75,1.9,0,0.2
19.835,0,3,-25.700000762939453,1.9,0,0.2
19.855,0,2.5,-4.75,1.9,0,0.2
19.875,0,2,-3.799999952316284,1.9,0,0.2
19.895,0,2,-3.799999952316284,1.9,0,0.2
19.915,0,2,-3.799999952316284,1.9,0,0.2
19.935,0,2,-3.799999952316284,1.9,0,0.2
19.955,0,2,-3.799999952316284,1.9,0,0.2
19.975,0,3,-5.699999809265137,1.9,0,0.2
19.995,0,3.5,-6.650000095367432,1.9,0,0.2
20.015,90,3.5,44,1.9,0,0.2
20.035,90,3.5,44,1.9,0,0.2
20.055,90,5,44,1.9,0,0.2
20.075,90,7.5,44,1.9,0,0.2
20.095,90,12,44,1.9,0,0.2
20.115,90,18,44,1.9,0,0.2
20.135,90,26,41.599998474121094,1.9,0,0.2
20.155,90,35.5,3.5499954223632812,1.9,0,0.2
20.175,90,46,-15.450004577636719,1.9,0,0.2
20.195,90,55.5,-34.45000457763672,1.9,0,0.2
20.215,90,64,-30.60000228881836,1.9,0,0.2
20.235,90,71.5,-44,1.9,0,0.2
20.255,90,76.5,-14.350000381469727,1.9,0,0.2
20.275,90,80.5,-21.950000762939453,1.9,0,0.2
20.295,90,83.5,-7.65000057220459,1.9,0,0.2
20.315,90,85.5,-11.449999809265137,1.9,0,0.2
20.335,90,87,-14.300000190734863,1.9,0,0.2
20.355,90,88.5,-17.149999618530273,1.9,0,0.2
20.375,90,89.5,0.949999988079071,1.9,0,0.2
20.395,90,90,0,1.9,0,0.2
20.415,90,90,0,1.9,0,0.2
20.435,90,90.5,-0.949999988079071,1.9,0,0.2
20.455,90,91,-1.899999976158142,1.9,0,0.2
20.475,90,91.5,-2.8499999046325684,1.9,0,0.2
20.495,90,92,-23.799999237060547,1.9,0,0.2
20.515,90,92,-3.799999952316284,1.9,0,0.2
20.535,90,91.5,17.149999618530273,1.9,0,0.2
20.555,90,91.5,-2.8499999046325684,1.9,0,0.2
20.575,90,92,-3.799999952316284,1.9,0,0.2
20.595,90,92,-3.799999952316284,1.9,0,0.2
20.615,90,92.5,-4.75,1.9,0,0.2
20.635,90,93,-5.699999809265137,1.9,0,0.2
20.655,90,93.5,-26.649999618530273,1.9,0,0.2
20.675,90,93,-5.699999809265137,1.9,0,0.2
20.695,90,93,-5.699999809265137,1.9,0,0.2
20.715,90,92.5,-4.75,1.9,0,0.2
20.735,90,92,-3.799999952316284,1.9,0,0.2
20.755,90,92,-3.799999952316284,1.9,0,0.2
20.775,90,92,-3.799999952316284,1.9,0,0.2
20.795,90,91.5,17.149999618530273,1.9,0,0.2
20.815,90,91.5,-2.8499999046325684,1.9,0,0.2
20.835,90,91,-1.899999976158142,1.9,0,0.2
20.855,90,91.5,-22.850000381469727,1.9,0,0.2
20.875,90,91.5,-2.8499999046325684,1.9,0,0.2
20.895,90,92,-3.799999952316284,1.9,0,0.2
20.915,90,92,-3.799999952316284,1.9,0,0.2
20.935,90,92,-3.799999952316284,1.9,0,0.2
20.955,90,92,-3.799999952316284,1.9,0,0.2
20.975,90,92.5,-24.75,1.9,0,0.2
20.995,90,92.5,-4.75,1.9,0,0.2
21.015,90,93,-5.699999809265137,1.9,0,0.2
21.035,90,93,-5.699999809265137,1.9,0,0.2
21.055,90,93,-5.699999809265137,1.9,0,0.2
21.075,90,93,-5.699999809265137,1.9,0,0.2
21.095,90,92.5,-4.75,1.9,0,0.2
21.115,90,92.5,-4.75,1.9,0,0.2
21.135,90,92.5,-4.75,1.9,0,0.2
21.155,90,93,-5.699999809265137,1.9,0,0.2
21.175,90,93,-5.699999809265137,1.9,0,0.2
21.195,90,92.5,15.25,1.9,0,0.2
21.215,90,92.5,-4.75,1.9,0,0.2
21.235,90,92.5,-4.75,1.9,0,0.2
21.255,90,92.5,-4.75,1.9,0,0.2
21.275,90,93,-5.699999809265137,1.9,0,0.2
21.295,90,93.5,-26.649999618530273,1.9,0,0.2
21.315,90,93.5,-6.650000095367432,1.9,0,0.2
21.335,90,93.5,-6.650000095367432,1.9,0,0.2
21.355,90,94,-7.599999904632568,1.9,0,0.2
21.375,90,94,-7.599999904632568,1.9,0,0.2
21.395,90,94,-7.599999904632568,1.9,0,0.2
21.415,90,93.5,-6.650000095367432,1.9,0,0.2
21.435,90,93.5,-6.650000095367432,1.9,0,0.2
21.455,90,93,14.300000190734863,1.9,0,0.2
21.475,90,93,-5.699999809265137,1.9,0,0.2
21.495,90,92.5,-4.75,1.9,0,0.2
21.515,90,92.5,-4.75,1.9,0,0.2
21.535,90,93,-25.700000762939453,1.9,0,0.2
21.555,90,93,-5.699999809265137,1.9,0,0.2
21.575,90,92.5,15.25,1.9,0,0.2
21.595,90,92,-3.799999952316284,1.9,0,0.2
21.615,90,92,-3.799999952316284,1.9,0,0.2
21.635,90,91.5,-2.8499999046325684,1.9,0,0.2
21.655,90,91,-1.899999976158142,1.9,0,0.2
21.675,90,91,-1.899999976158142,1.9,0,0.2
21.695,90,91,-1.899999976158142,1.9,0,0.2
21.715,90,91.5,-2.8499999046325684,1.9,0,0.2
21.735,90,91.5,-2.8499999046325684,1.9,0,0.2
21.755,90,92,-3.799999952316284,1.9,0,0.2
21.775,90,92,-3.799999952316284,1.9,0,0.2
21.795,90,92.5,-4.75,1.9,0,0.2
21.815,90,93,-5.699999809265137,1.9,0,0.2
21.835,90,93.5,-26.649999618530273,1.9,0,0.2
21.855,90,93.5,-6.650000095367432,1.9,0,0.2
21.875,90,94,-27.600000381469727,1.9,0,0.2
21.895,90,94,-7.599999904632568,1.9,0,0.2
21.915,90,93.5,13.350000381469727,1.9,0,0.2
21.935,90,93.5,-6.650000095367432,1.9,0,0.2
21.955,90,93,-5.699999809265137,1.9,0,0.2
21.975,90,93,-5.699999809265137,1.9,0,0.2
21.995,90,92.5,-4.75,1.9,0,0.2
22.015,90,92.5,-4.75,1.9,0,0.2
22.035,90,93,-5.699999809265137,1.9,0,0.2
22.055,90,93.5,-26.649999618530273,1.9,0,0.2
22.075,90,93.5,-6.650000095367432,1.9,0,0.2
22.095,90,93.5,-6.650000095367432,1.9,0,0.2
22.115,90,93.5,-6.650000095367432,1.9,0,0.2
22.135,90,93.5,-6.650000095367432,1.9,0,0.2
22.155,90,93,-5.699999809265137,1.9,0,0.2
22.175,90,92.5,-4.75,1.9,0,0.2
22.195,90,92,-3.799999952316284,1.9,0,0.2
22.215,90,92,-3.799999952316284,1.9,0,0.2
22.235,90,92,-3.799999952316284,1.9,0,0.2
22.255,90,92,-3.799999952316284,1.9,0,0.2
22.275,90,92,-3.799999952316284,1.9,0,0.2
22.295,90,92,-3.799999952316284,1.9,0,0.2
22.315,90,92,-3.799999952316284,1.9,0,0.2
22.335,90,92.5,-4.75,1.9,0,0.2
22.355,90,93,-5.699999809265137,1.9,0,0.2
22.375,90,93,-5.699999809265137,1.9,0,0.2
22.395,90,93,-5.699999809265137,1.9,0,0.2
22.415,90,93,-5.699999809265137,1.9,0,0.2
22.435,90,92.5,-4.75,1.9,0,0.2
22.455,90,92,-3.799999952316284,1.9,0,0.2
22.475,90,92,-3.799999952316284,1.9,0,0.2
22.495,90,92,-3.799999952316284,1.9,0,0.2
22.515,90,92,-3.799999952316284,1.9,0,0.2
22.535,90,92,-3.799999952316284,1.9,0,0.2
22.555,90,92,-3.799999952316284,1.9,0,0.2
22.575,90,92,-3.799999952316284,1.9,0,0.2
22.595,90,92,-3.799999952316284,1.9,0,0.2
22.615,90,92,-3.799999952316284,1.9,0,0.2
22.635,90,92.5,-4.75,1.9,0,0.2
22.655,90,92.5,-4.75,1.9,0,0.2
22.675,90,92.5,-4.75,1.9,0,0.2
22.695,90,92.5,-4.75,1.9,0,0.2
22.715,90,92,-3.799999952316284,1.9,0,0.2
22.735,90,92,-3.799999952316284,1.9,0,0.2
22.755,90,92,-3.799999952316284,1.9,0,0.2
22.775,90,92,-3.799999952316284,1.9,0,0.2
22.795,90,92,-3.799999952316284,1.9,0,0.2
22.815,90,92.5,-24.75,1.9,0,0.2
22.835,90,92.5,-4.75,1.9,0,0.2
22.855,90,92.5,-4.75,1.9,0,0.2
22.875,90,92.5,-4.75,1.9,0,0.2
22.895,90,92.5,-4.75,1.9,0,0.2
22.915,90,93,-25.700000762939453,1.9,0,0.2
22.935,90,93,-5.699999809265137,1.9,0,0.2
22.955,90,93,-5.699999809265137,1.9,0,0.2
22.975,90,93,-5.699999809265137,1.9,0,0.2
22.995,90,93,-5.699999809265137,1.9,0,0.2
23.015,90,93,-5.699999809265137,1.9,0,0.2
23.035,90,93,-5.699999809265137,1.9,0,0.2
23.055,90,92.5,-4.75,1.9,0,0.2
23.075,90,92.5,-4.75,1.9,0,0.2
23.095,90,92.5,-4.75,1.9,0,0.2
23.115,90,92,-3.799999952316284,1.9,0,0.2
23.135,90,92.5,-4.75,1.9,0,0.2
23.155,90,92.5,-4.75,1.9,0,0.2
23.175,90,93,-5.699999809265137,1.9,0,0.2
23.195,90,92.5,-4.75,1.9,0,0.2
23.215,90,92.5,-4.75,1.9,0,0.2
23.235,90,92.5,-4.75,1.9,0,0.2
23.255,90,92.5,-4.75,1.9,0,0.2
23.275,90,92.5,-4.75,1.9,0,0.2
23.295,90,92.5,-4.75,1.9,0,0.2
23.315,90,92.5,-4.75,1.9,0,0.2
23.335,90,92,-3.799999952316284,1.9,0,0.2
23.355,90,92,-3.799999952316284,1.9,0,0.2
23.375,90,91.5,17.149999618530273,1.9,0,0.2
23.395,90,91.5,-2.8499999046325684,1.9,0,0.2
23.415,90,91.5,-2.8499999046325684,1.9,0,0.2
23.435,90,91.5,-2.8499999046325684,1.9,0,0.2
23.455,90,91.5,-2.8499999046325684,1.9,0,0.2
23.475,90,91.5,-2.8499999046325684,1.9,0,0.2
23.495,90,91.5,-2.8499999046325684,1.9,0,0.2
23.515,90,91.5,-2.8499999046325684,1.9,0,0.2
23.535,90,91.5,-2.8499999046325684,1.9,0,0.2
23.555,90,91.5,-2.8499999046325684,1.9,0,0.2
23.575,90,91.5,-2.8499999046325684,1.9,0,0.2
23.595,90,91.5,-2.8499999046325684,1.9,0,0.2
23.615,90,91.5,-2.8499999046325684,1.9,0,0.2
23.635,90,91.5,-2.8499999046325684,1.9,0,0.2
23.655,90,91,-1.899999976158142,1.9,0,0.2
23.675,90,91,-1.899999976158142,1.9,0,0.2
23.695,90,91.5,-2.8499999046325684,1.9,0,0.2
23.715,90,92,-3.799999952316284,1.9,0,0.2
23.735,90,92.5,-4.75,1.9,0,0.2
23.755,90,93,-5.699999809265137,1.9,0,0.2
23.775,90,93,-5.699999809265137,1.9,0,0.2
23.795,90,93,-5.699999809265137,1.9,0,0.2
23.815,90,93,-5.699999809265137,1.9,0,0.2
23.835,90,93.5,-6.650000095367432,1.9,0,0.2
23.855,90,93.5,-6.650000095367432,1.9,0,0.2
23.875,90,93.5,-6.650000095367432,1.9,0,0.2
23.895,90,93,-5.699999809265137,1.9,0,0.2
23.915,90,93,-5.699999809265137,1.9,0,0.2
23.935,90,93,-5.699999809265137,1.9,0,0.2
23.955,90,93,-5.699999809265137,1.9,0,0.2
23.975,90,92,-3.799999952316284,1.9,0,0.2
23.995,90,92,-3.799999952316284,1.9,0,0.2
24.015,90,92.5,-4.75,1.9,0,0.2
24.035,90,93.5,-26.649999618530273,1.9,0,0.2
24.055,90,93.5,-6.650000095367432,1.9,0,0.2
24.075,90,94,-7.599999904632568,1.9,0,0.2
24.095,90,94,-7.599999904632568,1.9,0,0.2
24.115,90,94,-7.599999904632568,1.9,0,0.2
24.135,90,94,-7.599999904632568,1.9,0,0.2
24.155,90,93.5,13.350000381469727,1.9,0,0.2
24.175,90,93.5,-6.650000095367432,1.9,0,0.2
24.195,90,93,-5.699999809265137,1.9,0,0.2
24.215,90,92.5,-4.75,1.9,0,0.2
24.235,90,92,-3.799999952316284,1.9,0,0.2
24.255,90,92,-3.799999952316284,1.9,0,0.2
24.275,90,91.5,-2.8499999046325684,1.9,0,0.2
24.295,90,91.5,-2.8499999046325684,1.9,0,0.2
24.315,90,91.5,-2.8499999046325684,1.9,0,0.2
24.335,90,91.5,-2.8499999046325684,1.9,0,0.2
24.355,90,92,-23.799999237060547,1.9,0,0.2
24.375,90,92,-3.799999952316284,1.9,0,0.2
24.395,90,92,-3.799999952316284,1.9,0,0.2
24.415,90,92,-3.799999952316284,1.9,0,0.2
24.435,90,92,-3.799999952316284,1.9,0,0.2
24.455,90,93,-25.700000762939453,1.9,0,0.2
24.475,90,93,-5.699999809265137,1.9,0,0.2
24.495,90,93,-5.699999809265137,1.9,0,0.2
24.515,90,93.5,-6.650000095367432,1.9,0,0.2
24.535,90,93.5,-6.650000095367432,1.9,0,0.2
24.555,90,94,-7.599999904632568,1.9,0,0.2
24.575,90,94,-7.599999904632568,1.9,0,0.2
24.595,90,93.5,13.350000381469727,1.9,0,0.2
24.615,90,93.5,-6.650000095367432,1.9,0,0.2
24.635,90,93.5,-6.650000095367432,1.9,0,0.2
24.655,90,93.5,-6.650000095367432,1.9,0,0.2
24.675,90,93.5,-6.650000095367432,1.9,0,0.2
24.695,90,93,-5.699999809265137,1.9,0,0.2
24.715,90,93,-5.699999809265137,1.9,0,0.2
24.735,90,93,-5.699999809265137,1.9,0,0.2
24.755,90,92.5,15.25,1.9,0,0.2
24.775,90,92.5,-4.75,1.9,0,0.2
24.795,90,92.5,-4.75,1.9,0,0.2
24.815,90,92.5,-4.75,1.9,0,0.2
24.835,90,92.5,-4.75,1.9,0,0.2
24.855,90,92.5,-4.75,1.9,0,0.2
24.875,90,92.5,-4.75,1.9,0,0.2
24.895,90,92.5,-4.75,1.9,0,0.2
24.915,90,93,-5.699999809265137,1.9,0,0.2
24.935,90,93,-5.699999809265137,1.9,0,0.2
24.955,90,93,-5.699999809265137,1.9,0,0.2
24.975,90,93,-5.699999809265137,1.9,0,0.2
24.995,90,92.5,15.25,1.9,0,0.2
25.015,90,92,16.200000762939453,1.9,0,0.2
25.035,90,92,-3.799999952316284,1.9,0,0.2
25.055,90,92,-3.799999952316284,1.9,0,0.2
25.075,90,92,-3.799999952316284,1.9,0,0.2
25.095,90,92,-3.799999952316284,1.9,0,0.2
25.115,90,92,-3.799999952316284,1.9,0,0.2
25.135,90,92,-3.799999952316284,1.9,0,0.2
25.155,90,92,-3.799999952316284,1.9,0,0.2
25.175,90,92,-3.799999952316284,1.9,0,0.2
25.195,90,92.5,-4.75,1.9,0,0.2
25.215,90,92.5,-4.75,1.9,0,0.2
25.235,90,92.5,-4.75,1.9,0,0.2
25.255,90,93,-5.699999809265137,1.9,0,0.2
25.275,90,93,-5.699999809265137,1.9,0,0.2
25.295,90,93,-5.699999809265137,1.9,0,0.2
25.315,90,93,-5.699999809265137,1.9,0,0.2
25.335,90,92.5,-4.75,1.9,0,0.2
25.355,90,92,-3.799999952316284,1.9,0,0.2
25.375,90,92,-3.799999952316284,1.9,0,0.2
25.395,90,92.5,-4.75,1.9,0,0.2
25.415,90,93,-5.699999809265137,1.9,0,0.2
25.435,90,92,16.200000762939453,1.9,0,0.2
25.455,90,92,-3.799999952316284,1.9,0,0.2
25.475,90,92,-3.799999952316284,1.9,0,0.2
25.495,90,92,-3.799999952316284,1.9,0,0.2
25.515,90,92,-3.799999952316284,1.9,0,0.2
25.535,90,92,-3.799999952316284,1.9,0,0.2
25.555,90,92,-3.799999952316284,1.9,0,0.2
25.575,90,92,-3.799999952316284,1.9,0,0.2
25.595,90,92,-3.799999952316284,1.9,0,0.2
25.615,90,92,-3.799999952316284,1.9,0,0.2
25.635,90,92.5,-24.75,1.9,0,0.2
25.655,90,92.5,-4.75,1.9,0,0.2
25.675,90,93,-5.699999809265137,1.9,0,0.2
25.695,90,93,-5.699999809265137,1.9,0,0.2
25.715,90,93.5,-6.650000095367432,1.9,0,0.2
25.735,90,93.5,-6.650000095367432,1.9,0,0.2
25.755,90,93,-5.699999809265137,1.9,0,0.2
25.775,90,93,-5.699999809265137,1.9,0,0.2
25.795,90,93,-5.699999809265137,1.9,0,0.2
25.815,90,93,-5.699999809265137,1.9,0,0.2
25.835,90,93,-5.699999809265137,1.9,0,0.2
25.855,90,93.5,-6.650000095367432,1.9,0,0.2
25.875,90,93.5,-6.650000095367432,1.9,0,0.2
25.895,90,93.5,-6.650000095367432,1.9,0,0.2
25.915,90,93.5,-6.650000095367432,1.9,0,0.2
25.935,90,93,-5.699999809265137,1.9,0,0.2
25.955,90,93,-5.699999809265137,1.9,0,0.2
25.975,90,93,-5.699999809265137,1.9,0,0.2
25.995,90,93,-5.699999809265137,1.9,0,0.2
26.015,90,93,-5.699999809265137,1.9,0,0.2
26.035,90,93,-5.699999809265137,1.9,0,0.2
26.055,90,93,-5.699999809265137,1.9,0,0.2
26.075,90,93,-5.699999809265137,1.9,0,0.2
26.095,90,93.5,-6.650000095367432,1.9,0,0.2
26.115,90,93.5,-6.650000095367432,1.9,0,0.2
26.135,90,93.5,-6.650000095367432,1.9,0,0.2
26.155,90,93.5,-6.650000095367432,1.9,0,0.2
26.175,90,93.5,-6.650000095367432,1.9,0,0.2
26.195,90,93,-5.699999809265137,1.9,0,0.2
26.215,90,93,-5.699999809265137,1.9,0,0.2
26.235,90,92.5,-4.75,1.9,0,0.2
26.255,90,92.5,-4.75,1.9,0,0.2
26.275,90,93,-5.699999809265137,1.9,0,0.2
26.295,90,92.5,-4.75,1.9,0,0.2
26.315,90,92,-3.799999952316284,1.9,0,0.2
26.335,90,92,-3.799999952316284,1.9,0,0.2
26.355,90,92,-3.799999952316284,1.9,0,0.2
26.375,90,92,-3.799999952316284,1.9,0,0.2
26.395,90,92,-3.799999952316284,1.9,0,0.2
26.415,90,93,-25.700000762939453,1.9,0,0.2
26.435,90,93,-5.699999809265137,1.9,0,0.2
26.455,90,92.5,-4.75,1.9,0,0.2
26.475,90,92.5,15.25,1.9,0,0.2
26.495,90,93,-5.699999809265137,1.9,0,0.2
26.515,90,93,-5.699999809265137,1.9,0,0.2
26.535,90,93,-5.699999809265137,1.9,0,0.2
26.555,90,93,-5.699999809265137,1.9,0,0.2
26.575,90,93.5,-26.649999618530273,1.9,0,0.2
26.595,90,93.5,-6.650000095367432,1.9,0,0.2
26.615,90,93,14.300000190734863,1.9,0,0.2
26.635,90,93,14.300000190734863,1.9,0,0.2
26.655,90,93,-5.699999809265137,1.9,0,0.2
26.675,90,93,-5.699999809265137,1.9,0,0.2
26.695,90,93.5,-26.649999618530273,1.9,0,0.2
26.715,90,93,-5.699999809265137,1.9,0,0.2
26.735,90,93,-5.699999809265137,1.9,0,0.2
26.755,90,93,-5.699999809265137,1.9,0,0.2
26.775,90,93.5,-6.650000095367432,1.9,0,0.2
26.795,90,93.5,-6.650000095367432,1.9,0,0.2
26.815,90,93.5,-6.650000095367432,1.9,0,0.2
26.835,90,93.5,-6.650000095367432,1.9,0,0.2
26.855,90,93,-5.699999809265137,1.9,0,0.2
26.875,90,92.5,-4.75,1.9,0,0.2
26.895,90,92,-3.799999952316284,1.9,0,0.2
26.915,90,92,-3.799999952316284,1.9,0,0.2
26.935,90,92,-3.799999952316284,1.9,0,0.2
26.955,90,92,-3.799999952316284,1.9,0,0.2
26.975,90,92,-3.799999952316284,1.9,0,0.2
26.995,90,92.5,-24.75,1.9,0,0.2
27.015,90,93,-5.699999809265137,1.9,0,0.2
27.035,90,93,-5.699999809265137,1.9,0,0.2
27.055,90,93,-5.699999809265137,1.9,0,0.2
27.075,90,92.5,-4.75,1.9,0,0.2
27.095,90,92,-3.799999952316284,1.9,0,0.2
27.115,90,92,-3.799999952316284,1.9,0,0.2
27.135,90,92,-3.799999952316284,1.9,0,0.2
27.155,90,92.5,-4.75,1.9,0,0.2
27.175,90,93,-5.699999809265137,1.9,0,0.2
27.195,90,93,-5.699999809265137,1.9,0,0.2
27.215,90,93,-5.699999809265137,1.9,0,0.2
27.235,90,93,-5.699999809265137,1.9,0,0.2
27.255,90,93,-5.699999809265137,1.9,0,0.2
27.275,90,93,-5.699999809265137,1.9,0,0.2
27.295,90,93,-5.699999809265137,1.9,0,0.2
27.315,90,93,-5.699999809265137,1.9,0,0.2
27.335,90,93.5,-6.650000095367432,1.9,0,0.2
27.355,90,93.5,-6.650000095367432,1.9,0,0.2
27.375,90,93.5,-6.650000095367432,1.9,0,0.2
27.395,90,93.5,-6.650000095367432,1.9,0,0.2
27.415,90,93.5,-6.650000095367432,1.9,0,0.2
27.435,90,93,-5.699999809265137,1.9,0,0.2
27.455,90,92.5,-4.75,1.9,0,0.2
27.475,90,92,-3.799999952316284,1.9,0,0.2
27.495,90,92.5,-24.75,1.9,0,0.2
27.515,90,92.5,-4.75,1.9,0,0.2
27.535,90,92.5,-4.75,1.9,0,0.2
27.555,90,92,-3.799999952316284,1.9,0,0.2
27.575,90,92,-3.799999952316284,1.9,0,0.2
27.595,90,91.5,17.149999618530273,1.9,0,0.2
27.615,90,91.5,-2.8499999046325684,1.9,0,0.2
27.635,90,91,-1.899999976158142,1.9,0,0.2
27.655,90,91.5,-22.850000381469727,1.9,0,0.2
27.675,90,91.5,-2.8499999046325684,1.9,0,0.2
27.695,90,91.5,-2.8499999046325684,1.9,0,0.2
27.715,90,91.5,-2.8499999046325684,1.9,0,0.2
27.735,90,91.5,-2.8499999046325684,1.9,0,0.2
27.755,90,91.5,-2.8499999046325684,1.9,0,0.2
27.775,90,91.5,-2.8499999046325684,1.9,0,0.2
27.795,90,92,-3.799999952316284,1.9,0,0.2
27.815,90,92,-3.799999952316284,1.9,0,0.2
27.835,90,92,-3.799999952316284,1.9,0,0.2
27.855,90,92,-3.799999952316284,1.9,0,0.2
27.875,90,92,-3.799999952316284,1.9,0,0.2
27.895,90,92.5,-4.75,1.9,0,0.2
27.915,90,93,-5.699999809265137,1.9,0,0.2
27.935,90,92.5,15.25,1.9,0,0.2
27.955,90,92.5,-4.75,1.9,0,0.2
27.975,90,92.5,-4.75,1.9,0,0.2
27.995,90,92.5,-4.75,1.9,0,0.2
28.015,90,93,-25.700000762939453,1.9,0,0.2
28.035,90,92.5,-4.75,1.9,0,0.2
28.055,90,92,-3.799999952316284,1.9,0,0.2
28.075,90,92,-3.799999952316284,1.9,0,0.2
28.095,90,92,-3.799999952316284,1.9,0,0.2
28.115,90,92,-3.799999952316284,1.9,0,0.2
28.135,90,92,-3.799999952316284,1.9,0,0.2
28.155,90,92,-3.799999952316284,1.9,0,0.2
28.175,90,92,-3.799999952316284,1.9,0,0.2
28.195,90,92,-3.799999952316284,1.9,0,0.2
28.215,90,92,-3.799999952316284,1.9,0,0.2
28.235,90,93,-25.700000762939453,1.9,0,0.2
28.255,90,93,-5.699999809265137,1.9,0,0.2
28.275,90,92.5,-4.75,1.9,0,0.2
28.295,90,92,-3.799999952316284,1.9,0,0.2
28.315,90,92,-3.799999952316284,1.9,0,0.2
28.335,90,92.5,-4.75,1.9,0,0.2
28.355,90,92.5,-4.75,1.9,0,0.2
28.375,90,92.5,-4.75,1.9,0,0.2
28.395,90,92,16.200000762939453,1.9,0,0.2
28.415,90,92,-3.799999952316284,1.9,0,0.2
28.435,90,92.5,-24.75,1.9,0,0.2
28.455,90,93,-25.700000762939453,1.9,0,0.2
28.475,90,92.5,15.25,1.9,0,0.2
28.495,90,92.5,-4.75,1.9,0,0.2
28.515,90,92.5,-4.75,1.9,0,0.2
28.535,90,93,-5.699999809265137,1.9,0,0.2
28.555,90,93,-5.699999809265137,1.9,0,0.2
28.575,90,93,-5.699999809265137,1.9,0,0.2
28.595,90,93,-5.699999809265137,1.9,0,0.2
28.615,90,93,-5.699999809265137,1.9,0,0.2
28.635,90,93,-5.699999809265137,1.9,0,0.2
28.655,90,92.5,-4.75,1.9,0,0.2
28.675,90,93,-25.700000762939453,1.9,0,0.2
28.695,90,93,-5.699999809265137,1.9,0,0.2
28.715,90,93,-5.699999809265137,1.9,0,0.2
28.735,90,93.5,-6.650000095367432,1.9,0,0.2
28.755,90,93.5,-6.650000095367432,1.9,0,0.2
28.775,90,93.5,-6.650000095367432,1.9,0,0.2
28.795,90,93.5,-6.650000095367432,1.9,0,0.2
28.815,90,93.5,-6.650000095367432,1.9,0,0.2
28.835,90,93.5,-6.650000095367432,1.9,0,0.2
28.855,90,93.5,-6.650000095367432,1.9,0,0.2
28.875,90,93,-5.699999809265137,1.9,0,0.2
28.895,90,92.5,15.25,1.9,0,0.2
28.915,90,92,16.200000762939453,1.9,0,0.2
28.935,90,92,-3.799999952316284,1.9,0,0.2
28.955,90,92,-3.799999952316284,1.9,0,0.2
28.975,90,92,-3.799999952316284,1.9,0,0.2
28.995,90,92.5,-4.75,1.9,0,0.2
29.015,90,92.5,-4.75,1.9,0,0.2
29.035,90,93,-25.700000762939453,1.9,0,0.2
29.055,90,93,-5.699999809265137,1.9,0,0.2
29.075,90,92.5,-4.75,1.9,0,0.2
29.095,90,92.5,-4.75,1.9,0,0.2
29.115,90,93,-5.699999809265137,1.9,0,0.2
29.135,90,93,-5.699999809265137,1.9,0,0.2
29.155,90,93,-5.699999809265137,1.9,0,0.2
29.175,90,93,-5.699999809265137,1.9,0,0.2
29.195,90,92.5,15.25,1.9,0,0.2
29.215,90,92,16.200000762939453,1.9,0,0.2
29.235,90,92,-3.799999952316284,1.9,0,0.2
29.255,90,92,-3.799999952316284,1.9,0,0.2
29.275,90,92,-3.799999952316284,1.9,0,0.2
29.295,90,92,-3.799999952316284,1.9,0,0.2
29.315,90,91.5,-2.8499999046325684,1.9,0,0.2
29.335,90,91,-1.899999976158142,1.9,0,0.2
29.355,90,90.5,-0.949999988079071,1.9,0,0.2
29.375,90,90.5,-0.949999988079071,1.9,0,0.2
29.395,90,90.5,-0.949999988079071,1.9,0,0.2
29.415,90,91,-1.899999976158142,1.9,0,0.2
29.435,90,91,-1.899999976158142,1.9,0,0.2
29.455,90,91.5,-2.8499999046325684,1.9,0,0.2
29.475,90,92,-3.799999952316284,1.9,0,0.2
29.495,90,92,-3.799999952316284,1.9,0,0.2
29.515,90,92,-3.799999952316284,1.9,0,0.2
29.535,90,92.5,-24.75,1.9,0,0.2
29.555,90,92.5,-4.75,1.9,0,0.2
29.575,90,92,16.200000762939453,1.9,0,0.2
29.595,90,92,-3.799999952316284,1.9,0,0.2
29.615,90,92,-3.799999952316284,1.9,0,0.2
29.635,90,92,-3.799999952316284,1.9,0,0.2
29.655,90,92,-3.799999952316284,1.9,0,0.2
29.675,90,92.5,-4.75,1.9,0,0.2
29.695,90,93,-5.699999809265137,1.9,0,0.2
29.715,90,93,-5.699999809265137,1.9,0,0.2
29.735,90,93,-5.699999809265137,1.9,0,0.2
29.755,90,93,-5.699999809265137,1.9,0,0.2
29.775,90,93,-5.699999809265137,1.9,0,0.2
29.795,90,93,-5.699999809265137,1.9,0,0.2
29.815,90,92,-3.799999952316284,1.9,0,0.2
29.835,90,92,-3.799999952316284,1.9,0,0.2
29.855,90,92,-3.799999952316284,1.9,0,0.2
29.875,90,92,-3.799999952316284,1.9,0,0.2
29.895,90,91.5,-2.8499999046325684,1.9,0,0.2
29.915,90,91.5,-2.8499999046325684,1.9,0,0.2
29.935,90,92,-23.799999237060547,1.9,0,0.2
29.955,90,91.5,17.149999618530273,1.9,0,0.2
29.975,90,91.5,-2.8499999046325684,1.9,0,0.2
29.995,90,91.5,-2.8499999046325684,1.9,0,0.2
30.015,0,91.5,-44,1.9,0,0.2
30.035,0,91.5,-44,1.9,0,0.2
30.055,0,90,-44,1.9,0,0.2
30.075,0,88,-44,1.9,0,0.2
30.095,0,85.5,-44,1.9,0,0.2
30.115,0,81.5,-44,1.9,0,0.2
30.135,0,77.5,-44,1.9,0,0.2
30.155,0,72,-44,1.9,0,0.2
30.175,0,67,-44,1.9,0,0.2
30.195,0,61,-44,1.9,0,0.2
30.215,0,54,-42.599998474121094,1.9,0,0.2
30.235,0,46,-7.400001525878906,1.9,0,0.2
30.255,0,37.5,-12.199996948242188,1.9,0,0.2
30.275,0,30,23,1.9,0,0.2
30.295,0,23.5,15.35000228881836,1.9,0,0.2
30.315,0,18,25.799999237060547,1.9,0,0.2
30.335,0,14,12.450000762939453,1.9,0,0.2
30.355,0,12,-22.799999237060547,1.9,0,0.2
30.375,0,9.5,1.9500007629394531,1.9,0,0.2
30.395,0,7.5,5.75,1.9,0,0.2
30.415,0,6,-11.399999618530273,1.9,0,0.2
30.435,0,5.5,-10.449999809265137,1.9,0,0.2
30.455,0,5,-9.5,1.9,0,0.2
30.475,0,5,-9.5,1.9,0,0.2
30.495,0,4,-7.599999904632568,1.9,0,0.2
30.515,0,3.5,13.350000381469727,1.9,0,0.2
30.535,0,3,14.300000190734863,1.9,0,0.2
30.555,0,3,-5.699999809265137,1.9,0,0.2
30.575,0,3,-5.699999809265137,1.9,0,0.2
30.595,0,2,-3.799999952316284,1.9,0,0.2
30.615,0,2,-3.799999952316284,1.9,0,0.2
30.635,0,2,-3.799999952316284,1.9,0,0.2
30.655,0,1.5,-2.8499999046325684,1.9,0,0.2
30.675,0,1.5,-2.8499999046325684,1.9,0,0.2
30.695,0,1.5,-2.8499999046325684,1.9,0,0.2
30.715,0,1.5,-2.8499999046325684,1.9,0,0.2
30.735,0,2,-3.799999952316284,1.9,0,0.2
30.755,0,2,-3.799999952316284,1.9,0,0.2
30.775,0,2,-3.799999952316284,1.9,0,0.2
30.795,0,2,-3.799999952316284,1.9,0,0.2
30.815,0,2,-3.799999952316284,1.9,0,0.2
30.835,0,3,-5.699999809265137,1.9,0,0.2
30.855,0,3,-5.699999809265137,1.9,0,0.2
30.875,0,3,-5.699999809265137,1.9,0,0.2
30.895,0,3,-5.699999809265137,1.9,0,0.2
30.915,0,2.5,15.25,1.9,0,0.2
30.935,0,2,16.200000762939453,1.9,0,0.2
30.955,0,2,-3.799999952316284,1.9,0,0.2
30.975,0,2,-3.799999952316284,1.9,0,0.2
30.995,0,3,-5.699999809265137,1.9,0,0.2
31.015,0,3,-5.699999809265137,1.9,0,0.2
31.035,0,3,-5.699999809265137,1.9,0,0.2
31.055,0,3,-5.699999809265137,1.9,0,0.2
31.075,0,3,-5.699999809265137,1.9,0,0.2
31.095,0,3,-5.699999809265137,1.9,0,0.2
31.115,0,3.5,-6.650000095367432,1.9,0,0.2
31.135,0,3,14.300000190734863,1.9,0,0.2
31.155,0,3,-5.699999809265137,1.9,0,0.2
31.175,0,3,-5.699999809265137,1.9,0,0.2
31.195,0,3,-5.699999809265137,1.9,0,0.2
31.215,0,3,-5.699999809265137,1.9,0,0.2
31.235,0,2,-3.799999952316284,1.9,0,0.2
31.255,0,3,-25.700000762939453,1.9,0,0.2
31.275,0,3,-5.699999809265137,1.9,0,0.2
31.295,0,2,16.200000762939453,1.9,0,0.2
31.315,0,2,-3.799999952316284,1.9,0,0.2
31.335,0,2.5,-24.75,1.9,0,0.2
31.355,0,3,-5.699999809265137,1.9,0,0.2
31.375,0,3,-5.699999809265137,1.9,0,0.2
31.395,0,3,-5.699999809265137,1.9,0,0.2
31.415,0,3,-5.699999809265137,1.9,0,0.2
31.435,0,3,-5.699999809265137,1.9,0,0.2
31.455,0,3,-5.699999809265137,1.9,0,0.2
31.475,0,3,-5.699999809265137,1.9,0,0.2
31.495,0,3,-5.699999809265137,1.9,0,0.2
31.515,0,2,16.200000762939453,1.9,0,0.2
31.535,0,2,-3.799999952316284,1.9,0,0.2
31.555,0,2,-3.799999952316284,1.9,0,0.2
31.575,0,2,-3.799999952316284,1.9,0,0.2
31.595,0,2,-3.799999952316284,1.9,0,0.2
31.615,0,1.5,-2.8499999046325684,1.9,0,0.2
31.635,0,2,-3.799999952316284,1.9,0,0.2
31.655,0,2,-3.799999952316284,1.9,0,0.2
31.675,0,2,-3.799999952316284,1.9,0,0.2
31.695,0,2,-3.799999952316284,1.9,0,0.2
31.715,0,2,-3.799999952316284,1.9,0,0.2
31.735,0,2,-3.799999952316284,1.9,0,0.2
31.755,0,2,-3.799999952316284,1.9,0,0.2
31.775,0,2,-3.799999952316284,1.9,0,0.2
31.795,0,2,-3.799999952316284,1.9,0,0.2
31.815,0,2.5,-4.75,1.9,0,0.2
31.835,0,3,-25.700000762939453,1.9,0,0.2
31.855,0,2,-3.799999952316284,1.9,0,0.2
31.875,0,2,-3.799999952316284,1.9,0,0.2
31.895,0,2,-3.799999952316284,1.9,0,0.2
31.915,0,1.5,-2.8499999046325684,1.9,0,0.2
31.935,0,1.5,-2.8499999046325684,1.9,0,0.2
31.955,0,1.5,-2.8499999046325684,1.9,0,0.2
31.975,0,1.5,-2.8499999046325684,1.9,0,0.2
31.995,0,1.5,-2.8499999046325684,1.9,0,0.2
32.015,0,1.5,-2.8499999046325684,1.9,0,0.2
32.035,0,1.5,-2.8499999046325684,1.9,0,0.2
32.055,0,2,-23.799999237060547,1.9,0,0.2
32.075,0,2,-3.799999952316284,1.9,0,0.2
32.095,0,2,-3.799999952316284,1.9,0,0.2
32.115,0,2,-3.799999952316284,1.9,0,0.2
32.135,0,2,-3.799999952316284,1.9,0,0.2
32.155,0,2,-3.799999952316284,1.9,0,0.2
32.175,0,2,-3.799999952316284,1.9,0,0.2
32.195,0,2,-3.799999952316284,1.9,0,0.2
32.215,0,3,-25.700000762939453,1.9,0,0.2
32.235,0,3,-5.699999809265137,1.9,0,0.2
32.255,0,3,-5.699999809265137,1.9,0,0.2
32.275,0,2.5,-4.75,1.9,0,0.2
32.295,0,2,-3.799999952316284,1.9,0,0.2
32.315,0,2.5,-24.75,1.9,0,0.2
32.335,0,3,-5.699999809265137,1.9,0,0.2
32.355,0,3,-5.699999809265137,1.9,0,0.2
32.375,0,2.5,15.25,1.9,0,0.2
32.395,0,2,-3.799999952316284,1.9,0,0.2
32.415,0,2.5,-4.75,1.9,0,0.2
32.435,0,3,-5.699999809265137,1.9,0,0.2
32.455,0,3,-5.699999809265137,1.9,0,0.2
32.475,0,3,-5.699999809265137,1.9,0,0.2
32.495,0,3,-5.699999809265137,1.9,0,0.2
32.515,0,2,-3.799999952316284,1.9,0,0.2
32.535,0,2,-3.799999952316284,1.9,0,0.2
32.555,0,2,-3.799999952316284,1.9,0,0.2
32.575,0,1.5,-2.8499999046325684,1.9,0,0.2
32.595,0,1.5,-2.8499999046325684,1.9,0,0.2
32.615,0,2,-3.799999952316284,1.9,0,0.2
32.635,0,2,-3.799999952316284,1.9,0,0.2
32.655,0,3,-5.699999809265137,1.9,0,0.2
32.675,0,3,-5.699999809265137,1.9,0,0.2
32.695,0,3,-5.699999809265137,1.9,0,0.2
32.715,0,3,-5.699999809265137,1.9,0,0.2
32.735,0,3,-5.699999809265137,1.9,0,0.2
32.755,0,3,-5.699999809265137,1.9,0,0.2
32.775,0,3,-5.699999809265137,1.9,0,0.2
32.795,0,3,-5.699999809265137,1.9,0,0.2
32.815,0,3,-5.699999809265137,1.9,0,0.2
32.835,0,3,-5.699999809265137,1.9,0,0.2
32.855,0,3,-5.699999809265137,1.9,0,0.2
32.875,0,3,-5.699999809265137,1.9,0,0.2
32.895,0,3.5,-6.650000095367432,1.9,0,0.2
32.915,0,3.5,-6.650000095367432,1.9,0,0.2
32.935,0,3,-5.699999809265137,1.9,0,0.2
32.955,0,3,-5.699999809265137,1.9,0,0.2
32.975,0,3,-5.699999809265137,1.9,0,0.2
32.995,0,3,-5.699999809265137,1.9,0,0.2
33.015,0,4,-27.600000381469727,1.9,0,0.2
33.035,0,4,-7.599999904632568,1.9,0,0.2
33.055,0,4,-7.599999904632568,1.9,0,0.2
33.075,0,3.5,-6.650000095367432,1.9,0,0.2
33.095,0,3.5,-6.650000095367432,1.9,0,0.2
33.115,0,3.5,-6.650000095367432,1.9,0,0.2
33.135,0,3,-5.699999809265137,1.9,0,0.2
33.155,0,2.5,15.25,1.9,0,0.2
33.175,0,2,-3.799999952316284,1.9,0,0.2
33.195,0,2,-3.799999952316284,1.9,0,0.2
33.215,0,2.5,-4.75,1.9,0,0.2
33.235,0,3,-5.699999809265137,1.9,0,0.2
33.255,0,2,-3.799999952316284,1.9,0,0.2
33.275,0,2,-3.799999952316284,1.9,0,0.2
33.295,0,1.5,-2.8499999046325684,1.9,0,0.2
33.315,0,2,-3.799999952316284,1.9,0,0.2
33.335,0,2,-3.799999952316284,1.9,0,0.2
33.355,0,2,-3.799999952316284,1.9,0,0.2
33.375,0,2,-3.799999952316284,1.9,0,0.2
33.395,0,2,-3.799999952316284,1.9,0,0.2
33.415,0,2,-3.799999952316284,1.9,0,0.2
33.435,0,2,-3.799999952316284,1.9,0,0.2
33.455,0,2,-3.799999952316284,1.9,0,0.2
33.475,0,2,-3.799999952316284,1.9,0,0.2
33.495,0,2,-3.799999952316284,1.9,0,0.2
33.515,0,2,-3.799999952316284,1.9,0,0.2
33.535,0,2,-3.799999952316284,1.9,0,0.2
33.555,0,2,-3.799999952316284,1.9,0,0.2
33.575,0,2,-3.799999952316284,1.9,0,0.2
33.595,0,2.5,-24.75,1.9,0,0.2
33.615,0,2.5,15.25,1.9,0,0.2
33.635,0,2,16.200000762939453,1.9,0,0.2
33.655,0,2,-3.799999952316284,1.9,0,0.2
33.675,0,1.5,-2.8499999046325684,1.9,0,0.2
33.695,0,1,-1.899999976158142,1.9,0,0.2
33.715,0,0.5,19.049999237060547,1.9,0,0.2
33.735,0,0,0,1.9,0,0.2
33.755,0,0,0,1.9,0,0.2
33.775,0,0.5,-0.949999988079071,1.9,0,0.2
33.795,0,0.5,-0.949999988079071,1.9,0,0.2
33.815,0,0,0,1.9,0,0.2
33.835,0,1,-21.899999618530273,1.9,0,0.2
33.855,0,1,-1.899999976158142,1.9,0,0.2
33.875,0,1,-1.899999976158142,1.9,0,0.2
33.895,0,1.5,-2.8499999046325684,1.9,0,0.2
33.915,0,1.5,-2.8499999046325684,1.9,0,0.2
33.935,0,1.5,-2.8499999046325684,1.9,0,0.2
33.955,0,1.5,-2.8499999046325684,1.9,0,0.2
33.975,0,1,-1.899999976158142,1.9,0,0.2
33.995,0,1,-1.899999976158142,1.9,0,0.2
34.015,0,1,-1.899999976158142,1.9,0,0.2
34.035,0,1,-1.899999976158142,1.9,0,0.2
34.055,0,1.5,-22.850000381469727,1.9,0,0.2
34.075,0,1.5,-2.8499999046325684,1.9,0,0.2
34.095,0,2,-3.799999952316284,1.9,0,0.2
34.115,0,3,-5.699999809265137,1.9,0,0.2
34.135,0,3,-5.699999809265137,1.9,0,0.2
34.155,0,3.5,-6.650000095367432,1.9,0,0.2
34.175,0,3,-5.699999809265137,1.9,0,0.2
34.195,0,3,-5.699999809265137,1.9,0,0.2
34.215,0,3,-5.699999809265137,1.9,0,0.2
34.235,0,3,-5.699999809265137,1.9,0,0.2
34.255,0,3,-5.699999809265137,1.9,0,0.2
34.275,0,2.5,15.25,1.9,0,0.2
34.295,0,2,-3.799999952316284,1.9,0,0.2
34.315,0,2,-3.799999952316284,1.9,0,0.2
34.335,0,2,-3.799999952316284,1.9,0,0.2
34.355,0,2.5,-4.75,1.9,0,0.2
34.375,0,3,-25.700000762939453,1.9,0,0.2
34.395,0,2.5,15.25,1.9,0,0.2
34.415,0,2,-3.799999952316284,1.9,0,0.2
34.435,0,2,-3.799999952316284,1.9,0,0.2
34.455,0,2,-3.799999952316284,1.9,0,0.2
34.475,0,1.5,-2.8499999046325684,1.9,0,0.2
34.495,0,1.5,-2.8499999046325684,1.9,0,0.2
34.515,0,2,-3.799999952316284,1.9,0,0.2
34.535,0,2,-3.799999952316284,1.9,0,0.2
34.555,0,2,-3.799999952316284,1.9,0,0.2
34.575,0,1.5,-2.8499999046325684,1.9,0,0.2
34.595,0,1.5,-2.8499999046325684,1.9,0,0.2
34.615,0,1.5,-22.850000381469727,1.9,0,0.2
34.635,0,1.5,-2.8499999046325684,1.9,0,0.2
34.655,0,2,-3.799999952316284,1.9,0,0.2
34.675,0,2,-3.799999952316284,1.9,0,0.2
34.695,0,1.5,17.149999618530273,1.9,0,0.2
34.715,0,2,-3.799999952316284,1.9,0,0.2
34.735,0,2,-3.799999952316284,1.9,0,0.2
34.755,0,2,-3.799999952316284,1.9,0,0.2
34.775,0,2,-3.799999952316284,1.9,0,0.2
34.795,0,2.5,-24.75,1.9,0,0.2
34.815,0,3,-5.699999809265137,1.9,0,0.2
34.835,0,3,-5.699999809265137,1.9,0,0.2
34.855,0,3,-5.699999809265137,1.9,0,0.2
34.875,0,2,16.200000762939453,1.9,0,0.2
34.895,0,2,-3.799999952316284,1.9,0,0.2
34.915,0,2,-3.799999952316284,1.9,0,0.2
34.935,0,2,-3.799999952316284,1.9,0,0.2
34.955,0,2,-3.799999952316284,1.9,0,0.2
34.975,0,1.5,-2.8499999046325684,1.9,0,0.2
34.995,0,1.5,-2.8499999046325684,1.9,0,0.2
35.015,0,2,-3.799999952316284,1.9,0,0.2
35.035,0,2,-3.799999952316284,1.9,0,0.2
35.055,0,2,-3.799999952316284,1.9,0,0.2
35.075,0,2,-3.799999952316284,1.9,0,0.2
35.095,0,2,-3.799999952316284,1.9,0,0.2
35.115,0,2.5,-4.75,1.9,0,0.2
35.135,0,2.5,-4.75,1.9,0,0.2
35.155,0,3,-5.699999809265137,1.9,0,0.2
35.175,0,3,-5.699999809265137,1.9,0,0.2
35.195,0,3,-5.699999809265137,1.9,0,0.2
35.215,0,2,16.200000762939453,1.9,0,0.2
35.235,0,2,-3.799999952316284,1.9,0,0.2
35.255,0,2,-3.799999952316284,1.9,0,0.2
35.275,0,2,-3.799999952316284,1.9,0,0.2
35.295,0,2,-3.799999952316284,1.9,0,0.2
35.315,0,2,-3.799999952316284,1.9,0,0.2
35.335,0,2,-3.799999952316284,1.9,0,0.2
35.355,0,2,-3.799999952316284,1.9,0,0.2
35.375,0,2,-3.799999952316284,1.9,0,0.2
35.395,0,2,-3.799999952316284,1.9,0,0.2
35.415,0,2,-3.799999952316284,1.9,0,0.2
35.435,0,2,-3.799999952316284,1.9,0,0.2
35.455,0,2,-3.799999952316284,1.9,0,0.2
35.475,0,2,-3.799999952316284,1.9,0,0.2
35.495,0,3,-25.700000762939453,1.9,0,0.2
35.515,0,3,-5.699999809265137,1.9,0,0.2
35.535,0,2,16.200000762939453,1.9,0,0.2
35.555,0,2.5,-4.75,1.9,0,0.2
35.575,0,3,-5.699999809265137,1.9,0,0.2
35.595,0,3,-5.699999809265137,1.9,0,0.2
35.615,0,3,-5.699999809265137,1.9,0,0.2
35.635,0,3,-5.699999809265137,1.9,0,0.2
35.655,0,3,-5.699999809265137,1.9,0,0.2
35.675,0,3,-5.699999809265137,1.9,0,0.2
35.695,0,2,16.200000762939453,1.9,0,0.2
35.715,0,2,-3.799999952316284,1.9,0,0.2
35.735,0,2,-3.799999952316284,1.9,0,0.2
35.755,0,3,-25.700000762939453,1.9,0,0.2
35.775,0,3,-5.699999809265137,1.9,0,0.2
35.795,0,2.5,15.25,1.9,0,0.2
35.815,0,2,-3.799999952316284,1.9,0,0.2
35.835,0,2,-3.799999952316284,1.9,0,0.2
35.855,0,2,-3.799999952316284,1.9,0,0.2
35.875,0,2,-3.799999952316284,1.9,0,0.2
35.895,0,2,-3.799999952316284,1.9,0,0.2
35.915,0,2,-3.799999952316284,1.9,0,0.2
35.935,0,2,-3.799999952316284,1.9,0,0.2
35.955,0,3,-5.699999809265137,1.9,0,0.2
35.975,0,3,-5.699999809265137,1.9,0,0.2
35.995,0,2.5,15.25,1.9,0,0.2
36.015,0,2,-3.799999952316284,1.9,0,0.2
36.035,0,2,-3.799999952316284,1.9,0,0.2
36.055,0,2.5,-4.75,1.9,0,0.2
36.075,0,2.5,-4.75,1.9,0,0.2
36.095,0,2,-3.799999952316284,1.9,0,0.2
36.115,0,2,-3.799999952316284,1.9,0,0.2
36.135,0,2,-3.799999952316284,1.9,0,0.2
36.155,0,2,-3.799999952316284,1.9,0,0.2
36.175,0,1.5,-2.8499999046325684,1.9,0,0.2
36.195,0,1.5,-2.8499999046325684,1.9,0,0.2
36.215,0,1.5,-2.8499999046325684,1.9,0,0.2
36.235,0,1.5,-2.8499999046325684,1.9,0,0.2
36.255,0,1.5,-2.8499999046325684,1.9,0,0.2
36.275,0,1.5,-2.8499999046325684,1.9,0,0.2
36.295,0,1.5,-2.8499999046325684,1.9,0,0.2
36.315,0,1.5,-2.8499999046325684,1.9,0,0.2
36.335,0,2,-3.799999952316284,1.9,0,0.2
36.355,0,2,-3.799999952316284,1.9,0,0.2
36.375,0,2.5,-24.75,1.9,0,0.2
36.395,0,3,-5.699999809265137,1.9,0,0.2
36.415,0,3,-5.699999809265137,1.9,0,0.2
36.435,0,3,-5.699999809265137,1.9,0,0.2
36.455,0,3,-5.699999809265137,1.9,0,0.2
36.475,0,3,-5.699999809265137,1.9,0,0.2
36.495,0,3,-5.699999809265137,1.9,0,0.2
36.515,0,3,-5.699999809265137,1.9,0,0.2
36.535,0,3,-5.699999809265137,1.9,0,0.2
36.555,0,3,-5.699999809265137,1.9,0,0.2
36.575,0,3,-5.699999809265137,1.9,0,0.2
36.595,0,3.5,-6.650000095367432,1.9,0,0.2
36.615,0,3.5,-6.650000095367432,1.9,0,0.2
36.635,0,3.5,-6.650000095367432,1.9,0,0.2
36.655,0,3.5,-6.650000095367432,1.9,0,0.2
36.675,0,3,-5.699999809265137,1.9,0,0.2
36.695,0,3,-5.699999809265137,1.9,0,0.2
36.715,0,2.5,-4.75,1.9,0,0.2
36.735,0,2.5,-4.75,1.9,0,0.2
36.755,0,3,-5.699999809265137,1.9,0,0.2
36.775,0,3,-5.699999809265137,1.9,0,0.2
36.795,0,3.5,-26.649999618530273,1.9,0,0.2
36.815,0,3,-5.699999809265137,1.9,0,0.2
36.835,0,3,-5.699999809265137,1.9,0,0.2
36.855,0,2,-3.799999952316284,1.9,0,0.2
36.875,0,2,-3.799999952316284,1.9,0,0.2
36.895,0,3,-25.700000762939453,1.9,0,0.2
36.915,0,3,-5.699999809265137,1.9,0,0.2
36.935,0,2,16.200000762939453,1.9,0,0.2
36.955,0,2,-3.799999952316284,1.9,0,0.2
36.975,0,2,-3.799999952316284,1.9,0,0.2
36.995,0,2,-3.799999952316284,1.9,0,0.2
37.015,0,2,-3.799999952316284,1.9,0,0.2
37.035,0,2,-3.799999952316284,1.9,0,0.2
37.055,0,2,-3.799999952316284,1.9,0,0.2
37.075,0,3,-25.700000762939453,1.9,0,0.2
37.095,0,3,-5.699999809265137,1.9,0,0.2
37.115,0,3,-5.699999809265137,1.9,0,0.2
37.135,0,3,-5.699999809265137,1.9,0,0.2
37.155,0,3,-5.699999809265137,1.9,0,0.2
37.175,0,3.5,-6.650000095367432,1.9,0,0.2
37.195,0,3.5,-6.650000095367432,1.9,0,0.2
37.215,0,4,-7.599999904632568,1.9,0,0.2
37.235,0,4,-7.599999904632568,1.9,0,0.2
37.255,0,4,-7.599999904632568,1.9,0,0.2
37.275,0,4,-7.599999904632568,1.9,0,0.2
37.295,0,4,-7.599999904632568,1.9,0,0.2
37.315,0,4,-7.599999904632568,1.9,0,0.2
37.335,0,4,-7.599999904632568,1.9,0,0.2
37.355,0,4,-7.599999904632568,1.9,0,0.2
37.375,0,4,-7.599999904632568,1.9,0,0.2
37.395,0,4,-7.599999904632568,1.9,0,0.2
37.415,0,3.5,-6.650000095367432,1.9,0,0.2
37.435,0,3.5,-6.650000095367432,1.9,0,0.2
37.455,0,3,14.300000190734863,1.9,0,0.2
37.475,0,3,-5.699999809265137,1.9,0,0.2
37.495,0,3,-5.699999809265137,1.9,0,0.2
37.515,0,2,-3.799999952316284,1.9,0,0.2
37.535,0,2,-3.799999952316284,1.9,0,0.2
37.555,0,2.5,-24.75,1.9,0,0.2
37.575,0,3,-5.699999809265137,1.9,0,0.2
37.595,0,2.5,-4.75,1.9,0,0.2
37.615,0,2,-3.799999952316284,1.9,0,0.2
37.635,0,3,-5.699999809265137,1.9,0,0.2
37.655,0,3,-5.699999809265137,1.9,0,0.2
37.675,0,2,-3.799999952316284,1.9,0,0.2
37.695,0,1.5,17.149999618530273,1.9,0,0.2
37.715,0,1.5,-2.8499999046325684,1.9,0,0.2
37.735,0,1.5,-2.8499999046325684,1.9,0,0.2
37.755,0,1.5,-2.8499999046325684,1.9,0,0.2
37.775,0,1.5,-2.8499999046325684,1.9,0,0.2
37.795,0,1.5,-2.8499999046325684,1.9,0,0.2
37.815,0,1.5,-2.8499999046325684,1.9,0,0.2
37.835,0,2,-3.799999952316284,1.9,0,0.2
37.855,0,3,-44,1.9,0,0.2
37.875,0,3,-5.699999809265137,1.9,0,0.2
37.895,0,3.5,-6.650000095367432,1.9,0,0.2
37.915,0,3.5,-6.650000095367432,1.9,0,0.2
37.935,0,3,14.300000190734863,1.9,0,0.2
37.955,0,3,-5.699999809265137,1.9,0,0.2
37.975,0,2,16.200000762939453,1.9,0,0.2
37.995,0,2,-3.799999952316284,1.9,0,0.2
38.015,0,1.5,-2.8499999046325684,1.9,0,0.2
38.035,0,1.5,-2.8499999046325684,1.9,0,0.2
38.055,0,2,-3.799999952316284,1.9,0,0.2
38.075,0,2,-3.799999952316284,1.9,0,0.2
38.095,0,3,-25.700000762939453,1.9,0,0.2
38.115,0,3,-5.699999809265137,1.9,0,0.2
38.135,0,3,-5.699999809265137,1.9,0,0.2
38.155,0,2.5,15.25,1.9,0,0.2
38.175,0,2,-3.799999952316284,1.9,0,0.2
38.195,0,2,-3.799999952316284,1.9,0,0.2
38.215,0,2,-3.799999952316284,1.9,0,0.2
38.235,0,2.5,-4.75,1.9,0,0.2
38.255,0,3,-5.699999809265137,1.9,0,0.2
38.275,0,3,-5.699999809265137,1.9,0,0.2
38.295,0,3,-5.699999809265137,1.9,0,0.2
38.315,0,3.5,-6.650000095367432,1.9,0,0.2
38.335,0,3.5,-6.650000095367432,1.9,0,0.2
38.355,0,3.5,-6.650000095367432,1.9,0,0.2
38.375,0,3,-5.699999809265137,1.9,0,0.2
38.395,0,3,-5.699999809265137,1.9,0,0.2
38.415,0,2,16.200000762939453,1.9,0,0.2
38.435,0,2,-3.799999952316284,1.9,0,0.2
38.455,0,2.5,-24.75,1.9,0,0.2
38.475,0,2.5,-24.75,1.9,0,0.2
38.495,0,3,-44,1.9,0,0.2
38.515,0,3,-5.699999809265137,1.9,0,0.2
38.535,0,3,-5.699999809265137,1.9,0,0.2
38.555,0,3.5,-6.650000095367432,1.9,0,0.2
38.575,0,3.5,-6.650000095367432,1.9,0,0.2
38.595,0,3.5,-6.650000095367432,1.9,0,0.2
38.615,0,3.5,-6.650000095367432,1.9,0,0.2
38.635,0,3,14.300000190734863,1.9,0,0.2
38.655,0,3.5,-6.650000095367432,1.9,0,0.2
38.675,0,3.5,-6.650000095367432,1.9,0,0.2
38.695,0,4,-7.599999904632568,1.9,0,0.2
38.715,0,3.5,-6.650000095367432,1.9,0,0.2
38.735,0,3.5,-6.650000095367432,1.9,0,0.2
38.755,0,3,-5.699999809265137,1.9,0,0.2
38.775,0,3,-5.699999809265137,1.9,0,0.2
38.795,0,2,16.200000762939453,1.9,0,0.2
38.815,0,2,-3.799999952316284,1.9,0,0.2
38.835,0,3,-5.699999809265137,1.9,0,0.2
38.855,0,3,-5.699999809265137,1.9,0,0.2
38.875,0,2,-3.799999952316284,1.9,0,0.2
38.895,0,2,-3.799999952316284,1.9,0,0.2
38.915,0,3,-25.700000762939453,1.9,0,0.2
38.935,0,3,-5.699999809265137,1.9,0,0.2
38.955,0,3.5,-26.649999618530273,1.9,0,0.2
38.975,0,3.5,-6.650000095367432,1.9,0,0.2
38.995,0,3.5,-6.650000095367432,1.9,0,0.2
39.015,0,4,-7.599999904632568,1.9,0,0.2
39.035,0,4,-7.599999904632568,1.9,0,0.2
39.055,0,4,-7.599999904632568,1.9,0,0.2
39.075,0,3.5,-6.650000095367432,1.9,0,0.2
39.095,0,3.5,-6.650000095367432,1.9,0,0.2
39.115,0,3,-5.699999809265137,1.9,0,0.2
39.135,0,2.5,-4.75,1.9,0,0.2
39.155,0,2,-3.799999952316284,1.9,0,0.2
39.175,0,2,-3.799999952316284,1.9,0,0.2
39.195,0,2,-3.799999952316284,1.9,0,0.2
39.215,0,3,-25.700000762939453,1.9,0,0.2
39.235,0,3,-5.699999809265137,1.9,0,0.2
39.255,0,2,-3.799999952316284,1.9,0,0.2
39.275,0,2.5,-4.75,1.9,0,0.2
39.295,0,3,-5.699999809265137,1.9,0,0.2
39.315,0,3,-5.699999809265137,1.9,0,0.2
39.335,0,2.5,-4.75,1.9,0,0.2
39.355,0,2,-4.75,1.9,0,0.2
39.375,0,2,-3.799999952316284,1.9,0,0.2
39.395,0,2,-3.799999952316284,1.9,0,0.2
39.415,0,2,-3.799999952316284,1.9,0,0.2
39.435,0,2,-3.799999952316284,1.9,0,0.2
39.455,0,2,-3.799999952316284,1.9,0,0.2
39.475,0,2,-3.799999952316284,1.9,0,0.2
39.495,0,2,-3.799999952316284,1.9,0,0.2
39.515,0,2,-3.799999952316284,1.9,0,0.2
39.535,0,2,-3.799999952316284,1.9,0,0.2
39.555,0,2,-3.799999952316284,1.9,0,0.2
39.575,0,2,-3.799999952316284,1.9,0,0.2
39.595,0,2,-3.799999952316284,1.9,0,0.2
39.615,0,3,-25.700000762939453,1.9,0,0.2
39.635,0,3,-5.699999809265137,1.9,0,0.2
39.655,0,3,-5.699999809265137,1.9,0,0.2
39.675,0,3,-5.699999809265137,1.9,0,0.2
39.695,0,2.5,15.25,1.9,0,0.2
39.715,0,2,-3.799999952316284,1.9,0,0.2
39.735,0,2,-3.799999952316284,1.9,0,0.2
39.755,0,2,-3.799999952316284,1.9,0,0.2
39.775,0,2,-3.799999952316284,1.9,0,0.2
39.795,0,2,-3.799999952316284,1.9,0,0.2
39.815,0,3,-5.699999809265137,1.9,0,0.2
39.835,0,3,-5.699999809265137,1.9,0,0.2
39.855,0,3,-5.699999809265137,1.9,0,0.2
39.875,0,3,-5.699999809265137,1.9,0,0.2
39.895,0,2.5,-4.75,1.9,0,0.2
39.915,0,2.5,-24.75,1.9,0,0.2
39.935,0,2.5,-24.75,1.9,0,0.2
39.955,0,3,-5.699999809265137,1.9,0,0.2
39.975,0,3,-5.699999809265137,1.9,0,0.2
39.995,0,3,-5.699999809265137,1.9,0,0.2
40.015,90,2.5,44,1.9,0,0.2
40.035,90,3,44,1.9,0,0.2
40.055,90,3.5,44,1.9,0,0.2
40.075,90,6,44,1.9,0,0.2
40.095,90,10,44,1.9,0,0.2
40.115,90,16,44,1.9,0,0.2
40.135,90,24,44,1.9,0,0.2
40.155,90,33,28.29999542236328,1.9,0,0.2
40.175,90,43.5,-11.650001525878906,1.9,0,0.2
40.195,90,54,-10.650001525878906,1.9,0,0.2
40.215,90,63,-28.700000762939453,1.9,0,0.2
40.235,90,70.5,-22.950000762939453,1.9,0,0.2
40.255,90,77,-35.30000305175781,1.9,0,0.2
40.275,90,82,-24.799999237060547,1.9,0,0.2
40.295,90,85.5,-11.449999809265137,1.9,0,0.2
40.315,90,87.5,-15.25,1.9,0,0.2
40.335,90,88,3.799999952316284,1.9,0,0.2
40.355,90,89,1.899999976158142,1.9,0,0.2
40.375,90,90,0,1.9,0,0.2
40.395,90,91,-1.899999976158142,1.9,0,0.2
40.415,90,91.5,-2.8499999046325684,1.9,0,0.2
40.435,90,91.5,-2.8499999046325684,1.9,0,0.2
40.455,90,91.5,-2.8499999046325684,1.9,0,0.2
40.475,90,91.5,-2.8499999046325684,1.9,0,0.2
40.495,90,91,18.100000381469727,1.9,0,0.2
40.515,90,91.5,-2.8499999046325684,1.9,0,0.2
40.535,90,91.5,-2.8499999046325684,1.9,0,0.2
40.555,90,91.5,-2.8499999046325684,1.9,0,0.2
40.575,90,91.5,-2.8499999046325684,1.9,0,0.2
40.595,90,91.5,-2.8499999046325684,1.9,0,0.2
40.615,90,91.5,-2.8499999046325684,1.9,0,0.2
40.635,90,91.5,-2.8499999046325684,1.9,0,0.2
40.655,90,92,-23.799999237060547,1.9,0,0.2
40.675,90,92,-3.799999952316284,1.9,0,0.2
40.695,90,92.5,-4.75,1.9,0,0.2
40.715,90,93,-5.699999809265137,1.9,0,0.2
40.735,90,93,-5.699999809265137,1.9,0,0.2
40.755,90,93,-5.699999809265137,1.9,0,0.2
40.775,90,93,-5.699999809265137,1.9,0,0.2
40.795,90,93,-5.699999809265137,1.9,0,0.2
40.815,90,93.5,-6.650000095367432,1.9,0,0.2
40.835,90,93,-5.699999809265137,1.9,0,0.2
40.855,90,92.5,-4.75,1.9,0,0.2
40.875,90,92,16.200000762939453,1.9,0,0.2
40.895,90,92,-3.799999952316284,1.9,0,0.2
40.915,90,92,-3.799999952316284,1.9,0,0.2
40.935,90,92,-3.799999952316284,1.9,0,0.2
40.955,90,92,-3.799999952316284,1.9,0,0.2
40.975,90,91.5,17.149999618530273,1.9,0,0.2
40.995,90,92,-3.799999952316284,1.9,0,0.2
41.015,90,92,-3.799999952316284,1.9,0,0.2
41.035,90,92,-3.799999952316284,1.9,0,0.2
41.055,90,92,-3.799999952316284,1.9,0,0.2
41.075,90,92,-3.799999952316284,1.9,0,0.2
41.095,90,92.5,-4.75,1.9,0,0.2
41.115,90,93,-5.699999809265137,1.9,0,0.2
41.135,90,93,-5.699999809265137,1.9,0,0.2
41.155,90,92.5,15.25,1.9,0,0.2
41.175,90,92,-3.799999952316284,1.9,0,0.2
41.195,90,92,-3.799999952316284,1.9,0,0.2
41.215,90,92.5,-4.75,1.9,0,0.2
41.235,90,92.5,-4.75,1.9,0,0.2
41.255,90,92.5,-4.75,1.9,0,0.2
41.275,90,93,-5.699999809265137,1.9,0,0.2
41.295,90,93.5,-26.649999618530273,1.9,0,0.2
41.315,90,93.5,-6.650000095367432,1.9,0,0.2
41.335,90,93.5,-6.650000095367432,1.9,0,0.2
41.355,90,93.5,-6.650000095367432,1.9,0,0.2
41.375,90,93,-5.699999809265137,1.9,0,0.2
41.395,90,93,-5.699999809265137,1.9,0,0.2
41.415,90,93.5,-26.649999618530273,1.9,0,0.2
41.435,90,93.5,-6.650000095367432,1.9,0,0.2
41.455,90,93.5,-6.650000095367432,1.9,0,0.2
41.475,90,93.5,-6.650000095367432,1.9,0,0.2
41.495,90,93.5,-6.650000095367432,1.9,0,0.2
41.515,90,93,-5.699999809265137,1.9,0,0.2
41.535,90,93.5,-6.650000095367432,1.9,0,0.2
41.555,90,93,-5.699999809265137,1.9,0,0.2
41.575,90,93,-5.699999809265137,1.9,0,0.2
41.595,90,93,-5.699999809265137,1.9,0,0.2
41.615,90,93,-5.699999809265137,1.9,0,0.2
41.635,90,93,-5.699999809265137,1.9,0,0.2
41.655,90,93.5,-6.650000095367432,1.9,0,0.2
41.675,90,93.5,-6.650000095367432,1.9,0,0.2
41.695,90,93,-5.699999809265137,1.9,0,0.2
41.715,90,92.5,15.25,1.9,0,0.2
41.735,90,92.5,-4.75,1.9,0,0.2
41.755,90,92,-3.799999952316284,1.9,0,0.2
41.775,90,91.5,-2.8499999046325684,1.9,0,0.2
41.795,90,91.5,-2.8499999046325684,1.9,0,0.2
41.815,90,92,-23.799999237060547,1.9,0,0.2
41.835,90,92,-3.799999952316284,1.9,0,0.2
41.855,90,91.5,17.149999618530273,1.9,0,0.2
41.875,90,91.5,-2.8499999046325684,1.9,0,0.2
41.895,90,91.5,17.149999618530273,1.9,0,0.2
41.915,90,92,-3.799999952316284,1.9,0,0.2
41.935,90,92,-3.799999952316284,1.9,0,0.2
41.955,90,93,-25.700000762939453,1.9,0,0.2
41.975,90,93,-5.699999809265137,1.9,0,0.2
41.995,90,93,-5.699999809265137,1.9,0,0.2
42.015,90,93.5,-6.650000095367432,1.9,0,0.2
42.035,90,93.5,-6.650000095367432,1.9,0,0.2
42.055,90,93.5,-6.650000095367432,1.9,0,0.2
42.075,90,93.5,-6.650000095367432,1.9,0,0.2
42.095,90,93.5,-6.650000095367432,1.9,0,0.2
42.115,90,93,14.300000190734863,1.9,0,0.2
42.135,90,93,-5.699999809265137,1.9,0,0.2
42.155,90,93,-5.699999809265137,1.9,0,0.2
42.175,90,93.5,-6.650000095367432,1.9,0,0.2
42.195,90,93,-5.699999809265137,1.9,0,0.2
42.215,90,93,-5.699999809265137,1.9,0,0.2
42.235,90,93.5,-6.650000095367432,1.9,0,0.2
42.255,90,93.5,-6.650000095367432,1.9,0,0.2
42.275,90,93.5,-6.650000095367432,1.9,0,0.2
42.295,90,93,-5.699999809265137,1.9,0,0.2
42.315,90,92.5,15.25,1.9,0,0.2
42.335,90,92.5,-4.75,1.9,0,0.2
42.355,90,92.5,-4.75,1.9,0,0.2
42.375,90,92.5,-4.75,1.9,0,0.2
42.395,90,93,-5.699999809265137,1.9,0,0.2
42.415,90,93,-5.699999809265137,1.9,0,0.2
42.435,90,92.5,-4.75,1.9,0,0.2
42.455,90,92.5,-4.75,1.9,0,0.2
42.475,90,92.5,-4.75,1.9,0,0.2
42.495,90,92,-3.799999952316284,1.9,0,0.2
42.515,90,92,-3.799999952316284,1.9,0,0.2
42.535,90,91.5,-2.8499999046325684,1.9,0,0.2
42.555,90,91,18.100000381469727,1.9,0,0.2
42.575,90,91,-1.899999976158142,1.9,0,0.2
42.595,90,91,-1.899999976158142,1.9,0,0.2
42.615,90,91,-1.899999976158142,1.9,0,0.2
42.635,90,91.5,-2.8499999046325684,1.9,0,0.2
42.655,90,91.5,-2.8499999046325684,1.9,0,0.2
42.675,90,92,-23.799999237060547,1.9,0,0.2
42.695,90,92,-3.799999952316284,1.9,0,0.2
42.715,90,92,-3.799999952316284,1.9,0,0.2
42.735,90,92,-3.799999952316284,1.9,0,0.2
42.755,90,92,-3.799999952316284,1.9,0,0.2
42.775,90,92,-3.799999952316284,1.9,0,0.2
42.795,90,91.5,-2.8499999046325684,1.9,0,0.2
42.815,90,91.5,-2.8499999046325684,1.9,0,0.2
42.835,90,91.5,-2.8499999046325684,1.9,0,0.2
42.855,90,92,-3.799999952316284,1.9,0,0.2
42.875,90,92,-3.799999952316284,1.9,0,0.2
42.895,90,92.5,-4.75,1.9,0,0.2
42.915,90,93,-5.699999809265137,1.9,0,0.2
42.935,90,93,-5.699999809265137,1.9,0,0.2
42.955,90,93,-5.699999809265137,1.9,0,0.2
42.975,90,92.5,15.25,1.9,0,0.2
42.995,90,92,-3.799999952316284,1.9,0,0.2
43.015,90,92,-3.799999952316284,1.9,0,0.2
43.035,90,92,-3.799999952316284,1.9,0,0.2
43.055,90,92,-3.799999952316284,1.9,0,0.2
43.075,90,92,-3.799999952316284,1.9,0,0.2
43.095,90,92,-3.799999952316284,1.9,0,0.2
43.115,90,92,-3.799999952316284,1.9,0,0.2
43.135,90,92.5,-24.75,1.9,0,0.2
43.155,90,93,-25.700000762939453,1.9,0,0.2
43.175,90,93,-5.699999809265137,1.9,0,0.2
43.195,90,93.5,-6.650000095367432,1.9,0,0.2
43.215,90,93.5,-6.650000095367432,1.9,0,0.2
43.235,90,93.5,-6.650000095367432,1.9,0,0.2
43.255,90,93,-5.699999809265137,1.9,0,0.2
43.275,90,93,-5.699999809265137,1.9,0,0.2
43.295,90,93,-5.699999809265137,1.9,0,0.2
43.315,90,93,-5.699999809265137,1.9,0,0.2
43.335,90,92.5,-4.75,1.9,0,0.2
43.355,90,92,-3.799999952316284,1.9,0,0.2
43.375,90,92,-3.799999952316284,1.9,0,0.2
43.395,90,92,16.200000762939453,1.9,0,0.2
43.415,90,92,-3.799999952316284,1.9,0,0.2
43.435,90,92,-3.799999952316284,1.9,0,0.2
43.455,90,91.5,-2.8499999046325684,1.9,0,0.2
43.475,90,91.5,-2.8499999046325684,1.9,0,0.2
43.495,90,92,-23.799999237060547,1.9,0,0.2
43.515,90,92,-3.799999952316284,1.9,0,0.2
43.535,90,92.5,-4.75,1.9,0,0.2
43.555,90,93,-5.699999809265137,1.9,0,0.2
43.575,90,93,-5.699999809265137,1.9,0,0.2
43.595,90,92.5,15.25,1.9,0,0.2
43.615,90,92,16.200000762939453,1.9,0,0.2
43.635,90,92,-3.799999952316284,1.9,0,0.2
43.655,90,92.5,-24.75,1.9,0,0.2
43.675,90,93,-5.699999809265137,1.9,0,0.2
43.695,90,93,-5.699999809265137,1.9,0,0.2
43.715,90,93,-5.699999809265137,1.9,0,0.2
43.735,90,93,-5.699999809265137,1.9,0,0.2
43.755,90,93,-5.699999809265137,1.9,0,0.2
43.775,90,92.5,15.25,1.9,0,0.2
43.795,90,92,16.200000762939453,1.9,0,0.2
43.815,90,92,-3.799999952316284,1.9,0,0.2
43.835,90,92,-3.799999952316284,1.9,0,0.2
43.855,90,92,-3.799999952316284,1.9,0,0.2
43.875,90,92,-3.799999952316284,1.9,0,0.2
43.895,90,92,-3.799999952316284,1.9,0,0.2
43.915,90,92,-3.799999952316284,1.9,0,0.2
43.935,90,91.5,-2.8499999046325684,1.9,0,0.2
43.955,90,91.5,-2.8499999046325684,1.9,0,0.2
43.975,90,91.5,-2.8499999046325684,1.9,0,0.2
43.995,90,91.5,-2.8499999046325684,1.9,0,0.2
44.015,90,91.5,-2.8499999046325684,1.9,0,0.2
44.035,90,91.5,-2.8499999046325684,1.9,0,0.2
44.055,90,91.5,-2.8499999046325684,1.9,0,0.2
44.075,90,91.5,-2.8499999046325684,1.9,0,0.2
44.095,90,92,-23.799999237060547,1.9,0,0.2
44.115,90,92,-3.799999952316284,1.9,0,0.2
44.135,90,92.5,-4.75,1.9,0,0.2
44.155,90,93,-5.699999809265137,1.9,0,0.2
44.175,90,92.5,-4.75,1.9,0,0.2
44.195,90,92.5,-4.75,1.9,0,0.2
44.215,90,93,-25.700000762939453,1.9,0,0.2
44.235,90,93,-5.699999809265137,1.9,0,0.2
44.255,90,93.5,-26.649999618530273,1.9,0,0.2
44.275,90,93.5,-6.650000095367432,1.9,0,0.2
44.295,90,93.5,-6.650000095367432,1.9,0,0.2
44.315,90,93.5,-6.650000095367432,1.9,0,0.2
44.335,90,93.5,-6.650000095367432,1.9,0,0.2
44.355,90,94,-27.600000381469727,1.9,0,0.2
44.375,90,94,-7.599999904632568,1.9,0,0.2
44.395,90,94,-7.599999904632568,1.9,0,0.2
44.415,90,94,-7.599999904632568,1.9,0,0.2
44.435,90,93.5,13.350000381469727,1.9,0,0.2
44.455,90,93.5,-6.650000095367432,1.9,0,0.2
44.475,90,93.5,-6.650000095367432,1.9,0,0.2
44.495,90,93.5,-6.650000095367432,1.9,0,0.2
44.515,90,93,-5.699999809265137,1.9,0,0.2
44.535,90,93,-5.699999809265137,1.9,0,0.2
44.555,90,93,-5.699999809265137,1.9,0,0.2
44.575,90,92.5,-4.75,1.9,0,0.2
44.595,90,92,-3.799999952316284,1.9,0,0.2
44.615,90,92,-3.799999952316284,1.9,0,0.2
44.635,90,92,-3.799999952316284,1.9,0,0.2
44.655,90,92,-3.799999952316284,1.9,0,0.2
44.675,90,92,-3.799999952316284,1.9,0,0.2
44.695,90,92,-3.799999952316284,1.9,0,0.2
44.715,90,92.5,-4.75,1.9,0,0.2
44.735,90,93,-5.699999809265137,1.9,0,0.2
44.755,90,93,-5.699999809265137,1.9,0,0.2
44.775,90,93.5,-6.650000095367432,1.9,0,0.2
44.795,90,93.5,-6.650000095367432,1.9,0,0.2
44.815,90,94,-7.599999904632568,1.9,0,0.2
44.835,90,94,-7.599999904632568,1.9,0,0.2
44.855,90,93.5,-6.650000095367432,1.9,0,0.2
44.875,90,93.5,-6.650000095367432,1.9,0,0.2
44.895,90,93,-5.699999809265137,1.9,0,0.2
44.915,90,92.5,-4.75,1.9,0,0.2
44.935,90,92,-3.799999952316284,1.9,0,0.2
44.955,90,92,-3.799999952316284,1.9,0,0.2
44.975,90,92,-3.799999952316284,1.9,0,0.2
44.995,90,92.5,-4.75,1.9,0,0.2
45.015,90,92.5,-4.75,1.9,0,0.2
45.035,90,92.5,-4.75,1.9,0,0.2
45.055,90,92,-3.799999952316284,1.9,0,0.2
45.075,90,92,-3.799999952316284,1.9,0,0.2
45.095,90,92,-3.799999952316284,1.9,0,0.2
45.115,90,92.5,-4.75,1.9,0,0.2
45.135,90,93,-25.700000762939453,1.9,0,0.2
45.155,90,93,-5.699999809265137,1.9,0,0.2
45.175,90,93.5,-6.650000095367432,1.9,0,0.2
45.195,90,93.5,-6.650000095367432,1.9,0,0.2
45.215,90,93.5,-6.650000095367432,1.9,0,0.2
45.235,90,93.5,-6.650000095367432,1.9,0,0.2
45.255,90,93.5,-6.650000095367432,1.9,0,0.2
45.275,90,93,-5.699999809265137,1.9,0,0.2
45.295,90,93,-5.699999809265137,1.9,0,0.2
45.315,90,93,-5.699999809265137,1.9,0,0.2
45.335,90,93,-5.699999809265137,1.9,0,0.2
45.355,90,93,-5.699999809265137,1.9,0,0.2
45.375,90,93,-5.699999809265137,1.9,0,0.2
45.395,90,92.5,-4.75,1.9,0,0.2
45.415,90,92.5,-4.75,1.9,0,0.2
45.435,90,92.5,-4.75,1.9,0,0.2
45.455,90,93,-5.699999809265137,1.9,0,0.2
45.475,90,93,-5.699999809265137,1.9,0,0.2
45.495,90,93,-5.699999809265137,1.9,0,0.2
45.515,90,93,-5.699999809265137,1.9,0,0.2
45.535,90,93,-5.699999809265137,1.9,0,0.2
45.555,90,92.5,15.25,1.9,0,0.2
45.575,90,92,-3.799999952316284,1.9,0,0.2
45.595,90,92,-3.799999952316284,1.9,0,0.2
45.615,90,92.5,-24.75,1.9,0,0.2
45.635,90,93,-5.699999809265137,1.9,0,0.2
45.655,90,93,-5.699999809265137,1.9,0,0.2
45.675,90,93,-5.699999809265137,1.9,0,0.2
45.695,90,92,16.200000762939453,1.9,0,0.2
45.715,90,92,-3.799999952316284,1.9,0,0.2
45.735,90,92,-3.799999952316284,1.9,0,0.2
45.755,90,92,-3.799999952316284,1.9,0,0.2
45.775,90,92.5,-4.75,1.9,0,0.2
45.795,90,92.5,-4.75,1.9,0,0.2
45.815,90,92,-3.799999952316284,1.9,0,0.2
45.835,90,92,-3.799999952316284,1.9,0,0.2
45.855,90,92,-3.799999952316284,1.9,0,0.2
45.875,90,92.5,-24.75,1.9,0,0.2
45.895,90,92.5,-4.75,1.9,0,0.2
45.915,90,92.5,-4.75,1.9,0,0.2
45.935,90,93,-25.700000762939453,1.9,0,0.2
45.955,90,93,-5.699999809265137,1.9,0,0.2
45.975,90,93,-5.699999809265137,1.9,0,0.2
45.995,90,93,-5.699999809265137,1.9,0,0.2
46.015,90,93,-5.699999809265137,1.9,0,0.2
46.035,90,92.5,-4.75,1.9,0,0.2
46.055,90,92,-3.799999952316284,1.9,0,0.2
46.075,90,92,-3.799999952316284,1.9,0,0.2
46.095,90,92,-3.799999952316284,1.9,0,0.2
46.115,90,92,-3.799999952316284,1.9,0,0.2
46.135,90,92,-3.799999952316284,1.9,0,0.2
46.155,90,92,-3.799999952316284,1.9,0,0.2
46.175,90,92,-3.799999952316284,1.9,0,0.2
46.195,90,93,-25.700000762939453,1.9,0,0.2
46.215,90,93,-5.699999809265137,1.9,0,0.2
46.235,90,93.5,-6.650000095367432,1.9,0,0.2
46.255,90,93,-5.699999809265137,1.9,0,0.2
46.275,90,93,-5.699999809265137,1.9,0,0.2
46.295,90,92.5,-4.75,1.9,0,0.2
46.315,90,92.5,-4.75,1.9,0,0.2
46.335,90,92.5,-4.75,1.9,0,0.2
46.355,90,93,-5.699999809265137,1.9,0,0.2
46.375,90,92.5,-4.75,1.9,0,0.2
46.395,90,92,-3.799999952316284,1.9,0,0.2
46.415,90,92,-3.799999952316284,1.9,0,0.2
46.435,90,92,-3.799999952316284,1.9,0,0.2
46.455,90,92,-3.799999952316284,1.9,0,0.2
46.475,90,92.5,-24.75,1.9,0,0.2
46.495,90,93,-5.699999809265137,1.9,0,0.2
46.515,90,93.5,-6.650000095367432,1.9,0,0.2
46.535,90,93.5,-6.650000095367432,1.9,0,0.2
46.555,90,93.5,-6.650000095367432,1.9,0,0.2
46.575,90,93.5,-6.650000095367432,1.9,0,0.2
46.595,90,93.5,-6.650000095367432,1.9,0,0.2
46.615,90,93.5,-6.650000095367432,1.9,0,0.2
46.635,90,93.5,-6.650000095367432,1.9,0,0.2
46.655,90,93.5,-6.650000095367432,1.9,0,0.2
46.675,90,93.5,-6.650000095367432,1.9,0,0.2
46.695,90,93.5,-6.650000095367432,1.9,0,0.2
46.715,90,93.5,-6.650000095367432,1.9,0,0.2
46.735,90,93.5,-6.650000095367432,1.9,0,0.2
46.755,90,93.5,-6.650000095367432,1.9,0,0.2
46.775,90,93.5,-6.650000095367432,1.9,0,0.2
46.795,90,93.5,-6.650000095367432,1.9,0,0.2
46.815,90,93.5,-6.650000095367432,1.9,0,0.2
46.835,90,93.5,-6.650000095367432,1.9,0,0.2
46.855,90,93.5,-6.650000095367432,1.9,0,0.2
46.875,90,93.5,-6.650000095367432,1.9,0,0.2
46.895,90,93.5,-6.650000095367432,1.9,0,0.2
46.915,90,93.5,-6.650000095367432,1.9,0,0.2
46.935,90,93,-5.699999809265137,1.9,0,0.2
46.955,90,93.5,-6.650000095367432,1.9,0,0.2
46.975,90,93.5,-6.650000095367432,1.9,0,0.2
46.995,90,93,14.300000190734863,1.9,0,0.2
47.015,90,93,-5.699999809265137,1.9,0,0.2
47.035,90,93,-5.699999809265137,1.9,0,0.2
47.055,90,92,16.200000762939453,1.9,0,0.2
47.075,90,92,-3.799999952316284,1.9,0,0.2
47.095,90,92,-3.799999952316284,1.9,0,0.2
47.115,90,91.5,-2.8499999046325684,1.9,0,0.2
47.135,90,91.5,-2.8499999046325684,1.9,0,0.2
47.155,90,91,-1.899999976158142,1.9,0,0.2
47.175,90,91,-1.899999976158142,1.9,0,0.2
47.195,90,91.5,-2.8499999046325684,1.9,0,0.2
47.215,90,91.5,-2.8499999046325684,1.9,0,0.2
47.235,90,91.5,-2.8499999046325684,1.9,0,0.2
47.255,90,91.5,-2.8499999046325684,1.9,0,0.2
47.275,90,91.5,-2.8499999046325684,1.9,0,0.2
47.295,90,91.5,-2.8499999046325684,1.9,0,0.2
47.315,90,92,-3.799999952316284,1.9,0,0.2
47.335,90,92,-3.799999952316284,1.9,0,0.2
47.355,90,93,-25.700000762939453,1.9,0,0.2
47.375,90,93,-5.699999809265137,1.9,0,0.2
47.395,90,93,-5.699999809265137,1.9,0,0.2
47.415,90,93,-5.699999809265137,1.9,0,0.2
47.435,90,93,-5.699999809265137,1.9,0,0.2
47.455,90,93,-5.699999809265137,1.9,0,0.2
47.475,90,93,-5.699999809265137,1.9,0,0.2
47.495,90,92.5,-4.75,1.9,0,0.2
47.515,90,92.5,-4.75,1.9,0,0.2
47.535,90,93,-5.699999809265137,1.9,0,0.2
47.555,90,92.5,-4.75,1.9,0,0.2
47.575,90,92,-3.799999952316284,1.9,0,0.2
47.595,90,92.5,-4.75,1.9,0,0.2
47.615,90,92.5,-4.75,1.9,0,0.2
47.635,90,93,-25.700000762939453,1.9,0,0.2
47.655,90,93,-5.699999809265137,1.9,0,0.2
47.675,90,93,-5.699999809265137,1.9,0,0.2
47.695,90,93,-5.699999809265137,1.9,0,0.2
47.715,90,92.5,-4.75,1.9,0,0.2
47.735,90,92.5,-4.75,1.9,0,0.2
47.755,90,92,-3.799999952316284,1.9,0,0.2
47.775,90,92,-3.799999952316284,1.9,0,0.2
47.795,90,92.5,-4.75,1.9,0,0.2
47.815,90,93,-5.699999809265137,1.9,0,0.2
47.835,90,93,-5.699999809265137,1.9,0,0.2
47.855,90,93,-5.699999809265137,1.9,0,0.2
47.875,90,93,-5.699999809265137,1.9,0,0.2
47.895,90,93,-5.699999809265137,1.9,0,0.2
47.915,90,93,-5.699999809265137,1.9,0,0.2
47.935,90,93,-5.699999809265137,1.9,0,0.2
47.955,90,93,-5.699999809265137,1.9,0,0.2
47.975,90,93,-5.699999809265137,1.9,0,0.2
47.995,90,93,-5.699999809265137,1.9,0,0.2
48.015,90,93,-5.699999809265137,1.9,0,0.2
48.035,90,93,-5.699999809265137,1.9,0,0.2
48.055,90,93,-5.699999809265137,1.9,0,0.2
48.075,90,93,-5.699999809265137,1.9,0,0.2
48.095,90,92,16.200000762939453,1.9,0,0.2
48.115,90,92,-3.799999952316284,1.9,0,0.2
48.135,90,92.5,-4.75,1.9,0,0.2
48.155,90,93,-25.700000762939453,1.9,0,0.2
48.175,90,93,-5.699999809265137,1.9,0,0.2
48.195,90,92.5,-4.75,1.9,0,0.2
48.215,90,92.5,-4.75,1.9,0,0.2
48.235,90,93,-5.699999809265137,1.9,0,0.2
48.255,90,93,-5.699999809265137,1.9,0,0.2
48.275,90,93,-5.699999809265137,1.9,0,0.2
48.295,90,93,-5.699999809265137,1.9,0,0.2
48.315,90,93,-25.700000762939453,1.9,0,0.2
48.335,90,93,-5.699999809265137,1.9,0,0.2
48.355,90,93,-5.699999809265137,1.9,0,0.2
48.375,90,92.5,-4.75,1.9,0,0.2
48.395,90,92.5,-4.75,1.9,0,0.2
48.415,90,92.5,-4.75,1.9,0,0.2
48.435,90,92.5,-4.75,1.9,0,0.2
48.455,90,92.5,15.25,1.9,0,0.2
48.475,90,93,-5.699999809265137,1.9,0,0.2
48.495,90,92.5,-4.75,1.9,0,0.2
48.515,90,92,-3.799999952316284,1.9,0,0.2
48.535,90,93,-25.700000762939453,1.9,0,0.2
48.555,90,93,-5.699999809265137,1.9,0,0.2
48.575,90,93,-5.699999809265137,1.9,0,0.2
48.595,90,92.5,15.25,1.9,0,0.2
48.615,90,92.5,-4.75,1.9,0,0.2
48.635,90,92.5,-4.75,1.9,0,0.2
48.655,90,92,16.200000762939453,1.9,0,0.2
48.675,90,92.5,-4.75,1.9,0,0.2
48.695,90,93,-25.700000762939453,1.9,0,0.2
48.715,90,92.5,-4.75,1.9,0,0.2
48.735,90,92,-3.799999952316284,1.9,0,0.2
48.755,90,92,-3.799999952316284,1.9,0,0.2
48.775,90,92,-3.799999952316284,1.9,0,0.2
48.795,90,92,-3.799999952316284,1.9,0,0.2
48.815,90,92,-3.799999952316284,1.9,0,0.2
48.835,90,92.5,-4.75,1.9,0,0.2
48.855,90,92.5,-4.75,1.9,0,0.2
48.875,90,92,16.200000762939453,1.9,0,0.2
48.895,90,92,-3.799999952316284,1.9,0,0.2
48.915,90,92,-3.799999952316284,1.9,0,0.2
48.935,90,91.5,-2.8499999046325684,1.9,0,0.2
48.955,90,91.5,-2.8499999046325684,1.9,0,0.2
48.975,90,91,-1.899999976158142,1.9,0,0.2
48.995,90,91,-1.899999976158142,1.9,0,0.2
49.015,90,90.5,19.049999237060547,1.9,0,0.2
49.035,90,90,20,1.9,0,0.2
49.055,90,90.5,-0.949999988079071,1.9,0,0.2
49.075,90,90.5,-0.949999988079071,1.9,0,0.2
49.095,90,91,-1.899999976158142,1.9,0,0.2
49.115,90,91.5,-22.850000381469727,1.9,0,0.2
49.135,90,91.5,-2.8499999046325684,1.9,0,0.2
49.155,90,91.5,-2.8499999046325684,1.9,0,0.2
49.175,90,91.5,-2.8499999046325684,1.9,0,0.2
49.195,90,92,-3.799999952316284,1.9,0,0.2
49.215,90,92,-3.799999952316284,1.9,0,0.2
49.235,90,92,-23.799999237060547,1.9,0,0.2
49.255,90,92,-3.799999952316284,1.9,0,0.2
49.275,90,92,-3.799999952316284,1.9,0,0.2
49.295,90,92,-3.799999952316284,1.9,0,0.2
49.315,90,92,-3.799999952316284,1.9,0,0.2
49.335,90,92,-3.799999952316284,1.9,0,0.2
49.355,90,93,-5.699999809265137,1.9,0,0.2
49.375,90,93,-5.699999809265137,1.9,0,0.2
49.395,90,93.5,-6.650000095367432,1.9,0,0.2
49.415,90,93.5,-6.650000095367432,1.9,0,0.2
49.435,90,93.5,-6.650000095367432,1.9,0,0.2
49.455,90,94,-7.599999904632568,1.9,0,0.2
49.475,90,94,-7.599999904632568,1.9,0,0.2
49.495,90,94,-7.599999904632568,1.9,0,0.2
49.515,90,94,-7.599999904632568,1.9,0,0.2
49.535,90,94.5,-8.550000190734863,1.9,0,0.2
49.555,90,94.5,-8.550000190734863,1.9,0,0.2
49.575,90,94,-7.599999904632568,1.9,0,0.2
49.595,90,94,-7.599999904632568,1.9,0,0.2
49.615,90,94,-7.599999904632568,1.9,0,0.2
49.635,90,94,-7.599999904632568,1.9,0,0.2
49.655,90,94,-7.599999904632568,1.9,0,0.2
49.675,90,93.5,-6.650000095367432,1.9,0,0.2
49.695,90,93,-5.699999809265137,1.9,0,0.2
49.715,90,93,-5.699999809265137,1.9,0,0.2
49.735,90,93,-5.699999809265137,1.9,0,0.2
49.755,90,93,-5.699999809265137,1.9,0,0.2
49.775,90,93,-5.699999809265137,1.9,0,0.2
49.795,90,93.5,-26.649999618530273,1.9,0,0.2
49.815,90,93.5,-6.650000095367432,1.9,0,0.2
49.835,90,93,14.300000190734863,1.9,0,0.2
49.855,90,93,-5.699999809265137,1.9,0,0.2
49.875,90,93,-5.699999809265137,1.9,0,0.2
49.895,90,93,-5.699999809265137,1.9,0,0.2
49.915,90,93,-5.699999809265137,1.9,0,0.2
49.935,90,92.5,-4.75,1.9,0,0.2
49.955,90,92.5,-4.75,1.9,0,0.2
49.975,90,92,-3.799999952316284,1.9,0,0.2
49.995,90,92,-3.799999952316284,1.9,0,0.2
50.015,0,92,-44,1.9,0,0.2
50.035,0,92,-44,1.9,0,0.2
50.055,0,91,-44,1.9,0,0.2
50.075,0,88.5,-44,1.9,0,0.2
50.095,0,85.5,-44,1.9,0,0.2
50.115,0,82,-44,1.9,0,0.2
50.135,0,77.5,-44,1.9,0,0.2
50.155,0,72,-44,1.9,0,0.2
50.175,0,66,-44,1.9,0,0.2
50.195,0,59.5,-44,1.9,0,0.2
50.215,0,52.5,-39.75,1.9,0,0.2
50.235,0,45,-5.5,1.9,0,0.2
50.255,0,37,9.700004577636719,1.9,0,0.2
50.275,0,30,3,1.9,0,0.2
50.295,0,24,14.400001525878906,1.9,0,0.2
50.315,0,19.5,-17.049999237060547,1.9,0,0.2
50.335,0,16,9.600000381469727,1.9,0,0.2
50.355,0,13,-4.69999885559082,1.9,0,0.2
50.375,0,10,21,1.9,0,0.2
50.395,0,8,4.800000190734863,1.9,0,0.2
50.415,0,6,28.600000381469727,1.9,0,0.2
50.435,0,5,10.5,1.9,0,0.2
50.455,0,4,-7.599999904632568,1.9,0,0.2
50.475,0,3.5,-6.650000095367432,1.9,0,0.2
50.495,0,3.5,-6.650000095367432,1.9,0,0.2
50.515,0,3,14.300000190734863,1.9,0,0.2
50.535,0,3,-5.699999809265137,1.9,0,0.2
50.555,0,2,16.200000762939453,1.9,0,0.2
50.575,0,2,-3.799999952316284,1.9,0,0.2
50.595,0,2,-3.799999952316284,1.9,0,0.2
50.615,0,2,-3.799999952316284,1.9,0,0.2
50.635,0,3,-5.699999809265137,1.9,0,0.2
50.655,0,3.5,-6.650000095367432,1.9,0,0.2
50.675,0,3.5,-6.650000095367432,1.9,0,0.2
50.695,0,4,-7.599999904632568,1.9,0,0.2
50.715,0,3.5,-6.650000095367432,1.9,0,0.2
50.735,0,3.5,-6.650000095367432,1.9,0,0.2
50.755,0,3.5,-6.650000095367432,1.9,0,0.2
50.775,0,3.5,-6.650000095367432,1.9,0,0.2
50.795,0,3.5,-6.650000095367432,1.9,0,0.2
50.815,0,3.5,-6.650000095367432,1.9,0,0.2
50.835,0,3.5,-6.650000095367432,1.9,0,0.2
50.855,0,3.5,-6.650000095367432,1.9,0,0.2
50.875,0,3.5,-6.650000095367432,1.9,0,0.2
50.895,0,3.5,-6.650000095367432,1.9,0,0.2
50.915,0,3.5,-6.650000095367432,1.9,0,0.2
50.935,0,3.5,-6.650000095367432,1.9,0,0.2
50.955,0,3.5,-6.650000095367432,1.9,0,0.2
50.975,0,3.5,-6.650000095367432,1.9,0,0.2
50.995,0,3.5,-6.650000095367432,1.9,0,0.2
51.015,0,3.5,-6.650000095367432,1.9,0,0.2
51.035,0,4,-7.599999904632568,1.9,0,0.2
51.055,0,3.5,13.350000381469727,1.9,0,0.2
51.075,0,3,14.300000190734863,1.9,0,0.2
51.095,0,3,-5.699999809265137,1.9,0,0.2
51.115,0,2.5,15.25,1.9,0,0.2
51.135,0,2,-3.799999952316284,1.9,0,0.2
51.155,0,2.5,-24.75,1.9,0,0.2
51.175,0,3,-5.699999809265137,1.9,0,0.2
51.195,0,3.5,-6.650000095367432,1.9,0,0.2
51.215,0,3.5,-6.650000095367432,1.9,0,0.2
51.235,0,3.5,-6.650000095367432,1.9,0,0.2
51.255,0,3.5,-6.650000095367432,1.9,0,0.2
51.275,0,3.5,-6.650000095367432,1.9,0,0.2
51.295,0,4,-7.599999904632568,1.9,0,0.2
51.315,0,4,-7.599999904632568,1.9,0,0.2
51.335,0,4,-7.599999904632568,1.9,0,0.2
51.355,0,3.5,-6.650000095367432,1.9,0,0.2
51.375,0,3.5,-6.650000095367432,1.9,0,0.2
51.395,0,3.5,-6.650000095367432,1.9,0,0.2
51.415,0,3.5,-6.650000095367432,1.9,0,0.2
51.435,0,3.5,-6.650000095367432,1.9,0,0.2
51.455,0,3.5,-6.650000095367432,1.9,0,0.2
51.475,0,3.5,-6.650000095367432,1.9,0,0.2
51.495,0,3.5,-6.650000095367432,1.9,0,0.2
51.515,0,3,-5.699999809265137,1.9,0,0.2
51.535,0,3,-5.699999809265137,1.9,0,0.2
51.555,0,3,-5.699999809265137,1.9,0,0.2
51.575,0,3,-5.699999809265137,1.9,0,0.2
51.595,0,2,-3.799999952316284,1.9,0,0.2
51.615,0,2,-3.799999952316284,1.9,0,0.2
51.635,0,2,-3.799999952316284,1.9,0,0.2
51.655,0,2,-3.799999952316284,1.9,0,0.2
51.675,0,2,-3.799999952316284,1.9,0,0.2
51.695,0,1.5,-2.8499999046325684,1.9,0,0.2
51.715,0,1.5,-2.8499999046325684,1.9,0,0.2
51.735,0,1.5,-2.8499999046325684,1.9,0,0.2
51.755,0,1,-1.899999976158142,1.9,0,0.2
51.775,0,1,-1.899999976158142,1.9,0,0.2
51.795,0,1.5,-2.8499999046325684,1.9,0,0.2
51.815,0,1.5,-2.8499999046325684,1.9,0,0.2
51.835,0,1.5,-2.8499999046325684,1.9,0,0.2
51.855,0,2,-3.799999952316284,1.9,0,0.2
51.875,0,2,-3.799999952316284,1.9,0,0.2
51.895,0,2,-3.799999952316284,1.9,0,0.2
51.915,0,2,-3.799999952316284,1.9,0,0.2
51.935,0,3,-44,1.9,0,0.2
51.955,0,3,-5.699999809265137,1.9,0,0.2
51.975,0,3,-5.699999809265137,1.9,0,0.2
51.995,0,3,-5.699999809265137,1.9,0,0.2
52.015,0,3.5,-26.649999618530273,1.9,0,0.2
52.035,0,3.5,-6.650000095367432,1.9,0,0.2
52.055,0,3.5,-6.650000095367432,1.9,0,0.2
52.075,0,3.5,-6.650000095367432,1.9,0,0.2
52.095,0,3.5,-6.650000095367432,1.9,0,0.2
52.115,0,3.5,-6.650000095367432,1.9,0,0.2
52.135,0,3.5,-6.650000095367432,1.9,0,0.2
52.155,0,3,-5.699999809265137,1.9,0,0.2
52.175,0,3.5,-6.650000095367432,1.9,0,0.2
52.195,0,3.5,-6.650000095367432,1.9,0,0.2
52.215,0,3.5,-6.650000095367432,1.9,0,0.2
52.235,0,4,-7.599999904632568,1.9,0,0.2
52.255,0,4,-7.599999904632568,1.9,0,0.2
52.275,0,4,-7.599999904632568,1.9,0,0.2
52.295,0,4,-7.599999904632568,1.9,0,0.2
52.315,0,3.5,-6.650000095367432,1.9,0,0.2
52.335,0,3.5,-6.650000095367432,1.9,0,0.2
52.355,0,3.5,-6.650000095367432,1.9,0,0.2
52.375,0,3,-5.699999809265137,1.9,0,0.2
52.395,0,3,-5.699999809265137,1.9,0,0.2
52.415,0,3,-5.699999809265137,1.9,0,0.2
52.435,0,3,-5.699999809265137,1.9,0,0.2
52.455,0,3,-5.699999809265137,1.9,0,0.2
52.475,0,3,-5.699999809265137,1.9,0,0.2
52.495,0,3,-5.699999809265137,1.9,0,0.2
52.515,0,3.5,-6.650000095367432,1.9,0,0.2
52.535,0,4,-7.599999904632568,1.9,0,0.2
52.555,0,4,-7.599999904632568,1.9,0,0.2
52.575,0,4,-7.599999904632568,1.9,0,0.2
52.595,0,4,-7.599999904632568,1.9,0,0.2
52.615,0,3.5,-6.650000095367432,1.9,0,0.2
52.635,0,3,-5.699999809265137,1.9,0,0.2
52.655,0,3,-5.699999809265137,1.9,0,0.2
52.675,0,3,-5.699999809265137,1.9,0,0.2
52.695,0,3,-5.699999809265137,1.9,0,0.2
52.715,0,3,-5.699999809265137,1.9,0,0.2
52.735,0,3,-5.699999809265137,1.9,0,0.2
52.755,0,2.5,-4.75,1.9,0,0.2
52.775,0,2.5,-4.75,1.9,0,0.2
52.795,0,3,-25.700000762939453,1.9,0,0.2
52.815,0,3,-5.699999809265137,1.9,0,0.2
52.835,0,2.5,-4.75,1.9,0,0.2
52.855,0,3,-5.699999809265137,1.9,0,0.2
52.875,0,2.5,15.25,1.9,0,0.2
52.895,0,2.5,-4.75,1.9,0,0.2
52.915,0,3,-5.699999809265137,1.9,0,0.2
52.935,0,3.5,-26.649999618530273,1.9,0,0.2
52.955,0,3.5,-6.650000095367432,1.9,0,0.2
52.975,0,3,-5.699999809265137,1.9,0,0.2
52.995,0,2,16.200000762939453,1.9,0,0.2
53.015,0,2,-3.799999952316284,1.9,0,0.2
53.035,0,2,-3.799999952316284,1.9,0,0.2
53.055,0,2,-3.799999952316284,1.9,0,0.2
53.075,0,2,-3.799999952316284,1.9,0,0.2
53.095,0,2,-3.799999952316284,1.9,0,0.2
53.115,0,1.5,-2.8499999046325684,1.9,0,0.2
53.135,0,1.5,-2.8499999046325684,1.9,0,0.2
53.155,0,1,-1.899999976158142,1.9,0,0.2
53.175,0,1,-1.899999976158142,1.9,0,0.2
53.195,0,1,-1.899999976158142,1.9,0,0.2
53.215,0,1,-1.899999976158142,1.9,0,0.2
53.235,0,1,18.100000381469727,1.9,0,0.2
53.255,0,1,-1.899999976158142,1.9,0,0.2
53.275,0,1.5,-22.850000381469727,1.9,0,0.2
53.295,0,1.5,-2.8499999046325684,1.9,0,0.2
53.315,0,1.5,-22.850000381469727,1.9,0,0.2
53.335,0,1.5,-2.8499999046325684,1.9,0,0.2
53.355,0,1.5,-2.8499999046325684,1.9,0,0.2
53.375,0,1.5,-2.8499999046325684,1.9,0,0.2
53.395,0,1.5,-2.8499999046325684,1.9,0,0.2
53.415,0,1.5,-2.8499999046325684,1.9,0,0.2
53.435,0,2,-3.799999952316284,1.9,0,0.2
53.455,0,2,-3.799999952316284,1.9,0,0.2
53.475,0,3,-5.699999809265137,1.9,0,0.2
53.495,0,3.5,-6.650000095367432,1.9,0,0.2
53.515,0,3.5,-6.650000095367432,1.9,0,0.2
53.535,0,3.5,-6.650000095367432,1.9,0,0.2
53.555,0,3,14.300000190734863,1.9,0,0.2
53.575,0,3,-5.699999809265137,1.9,0,0.2
53.595,0,3,-5.699999809265137,1.9,0,0.2
53.615,0,3,-5.699999809265137,1.9,0,0.2
53.635,0,3,-5.699999809265137,1.9,0,0.2
53.655,0,3.5,-6.650000095367432,1.9,0,0.2
53.675,0,3.5,-6.650000095367432,1.9,0,0.2
53.695,0,3.5,-6.650000095367432,1.9,0,0.2
53.715,0,3,14.300000190734863,1.9,0,0.2
53.735,0,3,-5.699999809265137,1.9,0,0.2
53.755,0,3,-5.699999809265137,1.9,0,0.2
53.775,0,3,-5.699999809265137,1.9,0,0.2
53.795,0,2.5,15.25,1.9,0,0.2
53.815,0,2,-3.799999952316284,1.9,0,0.2
53.835,0,2,-3.799999952316284,1.9,0,0.2
53.855,0,2,-3.799999952316284,1.9,0,0.2
53.875,0,2,-3.799999952316284,1.9,0,0.2
53.895,0,2,-3.799999952316284,1.9,0,0.2
53.915,0,3,-25.700000762939453,1.9,0,0.2
53.935,0,3,-5.699999809265137,1.9,0,0.2
53.955,0,3,-5.699999809265137,1.9,0,0.2
53.975,0,3,-5.699999809265137,1.9,0,0.2
53.995,0,3,-5.699999809265137,1.9,0,0.2
54.015,0,3,-5.699999809265137,1.9,0,0.2
54.035,0,3,-5.699999809265137,1.9,0,0.2
54.055,0,3.5,-6.650000095367432,1.9,0,0.2
54.075,0,3,14.300000190734863,1.9,0,0.2
54.095,0,3,-5.699999809265137,1.9,0,0.2
54.115,0,3,-5.699999809265137,1.9,0,0.2
54.135,0,3,-5.699999809265137,1.9,0,0.2
54.155,0,3,-5.699999809265137,1.9,0,0.2
54.175,0,3.5,-6.650000095367432,1.9,0,0.2
54.195,0,3.5,-6.650000095367432,1.9,0,0.2
54.215,0,4,-27.600000381469727,1.9,0,0.2
54.235,0,4,-7.599999904632568,1.9,0,0.2
54.255,0,3.5,-7.599999904632568,1.9,0,0.2
54.275,0,3.5,-6.650000095367432,1.9,0,0.2
54.295,0,3,14.300000190734863,1.9,0,0.2
54.315,0,3,-5.699999809265137,1.9,0,0.2
54.335,0,2,16.200000762939453,1.9,0,0.2
54.355,0,2,-3.799999952316284,1.9,0,0.2
54.375,0,2.5,-24.75,1.9,0,0.2
54.395,0,3,-5.699999809265137,1.9,0,0.2
54.415,0,3,-5.699999809265137,1.9,0,0.2
54.435,0,3.5,-6.650000095367432,1.9,0,0.2
54.455,0,3.5,-6.650000095367432,1.9,0,0.2
54.475,0,3.5,-6.650000095367432,1.9,0,0.2
54.495,0,3.5,-6.650000095367432,1.9,0,0.2
54.515,0,3.5,-6.650000095367432,1.9,0,0.2
54.535,0,3.5,-6.650000095367432,1.9,0,0.2
54.555,0,4,-7.599999904632568,1.9,0,0.2
54.575,0,4,-7.599999904632568,1.9,0,0.2
54.595,0,4.5,-28.549999237060547,1.9,0,0.2
54.615,0,5,-9.5,1.9,0,0.2
54.635,0,5,-9.5,1.9,0,0.2
54.655,0,4,-7.599999904632568,1.9,0,0.2
54.675,0,3.5,-6.650000095367432,1.9,0,0.2
54.695,0,3,-5.699999809265137,1.9,0,0.2
54.715,0,2,16.200000762939453,1.9,0,0.2
54.735,0,2,-3.799999952316284,1.9,0,0.2
54.755,0,2,-3.799999952316284,1.9,0,0.2
54.775,0,2.5,-4.75,1.9,0,0.2
54.795,0,2,-3.799999952316284,1.9,0,0.2
54.815,0,2,-3.799999952316284,1.9,0,0.2
54.835,0,1.5,-2.8499999046325684,1.9,0,0.2
54.855,0,1,-1.899999976158142,1.9,0,0.2
54.875,0,0.5,-0.949999988079071,1.9,0,0.2
54.895,0,1,-1.899999976158142,1.9,0,0.2
54.915,0,1,-1.899999976158142,1.9,0,0.2
54.935,0,1,-1.899999976158142,1.9,0,0.2
54.955,0,1.5,-2.8499999046325684,1.9,0,0.2
54.975,0,1.5,-2.8499999046325684,1.9,0,0.2
54.995,0,1.5,-2.8499999046325684,1.9,0,0.2
55.015,0,1.5,-2.8499999046325684,1.9,0,0.2
55.035,0,1.5,-2.8499999046325684,1.9,0,0.2
55.055,0,2,-3.799999952316284,1.9,0,0.2
55.075,0,2,-3.799999952316284,1.9,0,0.2
55.095,0,2,-3.799999952316284,1.9,0,0.2
55.115,0,2,-3.799999952316284,1.9,0,0.2
55.135,0,2,-3.799999952316284,1.9,0,0.2
55.155,0,2,-3.799999952316284,1.9,0,0.2
55.175,0,2,-3.799999952316284,1.9,0,0.2
55.195,0,2,-3.799999952316284,1.9,0,0.2
55.215,0,2.5,-24.75,1.9,0,0.2
55.235,0,3,-5.699999809265137,1.9,0,0.2
55.255,0,3,-5.699999809265137,1.9,0,0.2
55.275,0,3,-5.699999809265137,1.9,0,0.2
55.295,0,3,-5.699999809265137,1.9,0,0.2
55.315,0,3,-5.699999809265137,1.9,0,0.2
55.335,0,3,-5.699999809265137,1.9,0,0.2
55.355,0,3,-5.699999809265137,1.9,0,0.2
55.375,0,3.5,-6.650000095367432,1.9,0,0.2
55.395,0,3.5,-6.650000095367432,1.9,0,0.2
55.415,0,3.5,-6.650000095367432,1.9,0,0.2
55.435,0,4,-27.600000381469727,1.9,0,0.2
55.455,0,4,-7.599999904632568,1.9,0,0.2
55.475,0,3.5,-6.650000095367432,1.9,0,0.2
55.495,0,3,-5.699999809265137,1.9,0,0.2
55.515,0,3,-5.699999809265137,1.9,0,0.2
55.535,0,3,-5.699999809265137,1.9,0,0.2
55.555,0,3,-5.699999809265137,1.9,0,0.2
55.575,0,3.5,-26.649999618530273,1.9,0,0.2
55.595,0,3.5,-6.650000095367432,1.9,0,0.2
55.615,0,3.5,-6.650000095367432,1.9,0,0.2
55.635,0,3.5,-6.650000095367432,1.9,0,0.2
55.655,0,3.5,-6.650000095367432,1.9,0,0.2
55.675,0,3.5,-6.650000095367432,1.9,0,0.2
55.695,0,3.5,-6.650000095367432,1.9,0,0.2
55.715,0,3.5,-6.650000095367432,1.9,0,0.2
55.735,0,3.5,-6.650000095367432,1.9,0,0.2
55.755,0,3.5,-6.650000095367432,1.9,0,0.2
55.775,0,3,-5.699999809265137,1.9,0,0.2
55.795,0,3,-5.699999809265137,1.9,0,0.2
55.815,0,3,-5.699999809265137,1.9,0,0.2
55.835,0,3,-5.699999809265137,1.9,0,0.2
55.855,0,2.5,15.25,1.9,0,0.2
55.875,0,2,-3.799999952316284,1.9,0,0.2
55.895,0,2,-3.799999952316284,1.9,0,0.2
55.915,0,2,-3.799999952316284,1.9,0,0.2
55.935,0,2,-3.799999952316284,1.9,0,0.2
55.955,0,2.5,-4.75,1.9,0,0.2
55.975,0,2.5,-4.75,1.9,0,0.2
55.995,0,2,16.200000762939453,1.9,0,0.2
56.015,0,2,16.200000762939453,1.9,0,0.2
56.035,0,2,-3.799999952316284,1.9,0,0.2
56.055,0,2,-3.799999952316284,1.9,0,0.2
56.075,0,3,-25.700000762939453,1.9,0,0.2
56.095,0,3,-5.699999809265137,1.9,0,0.2
56.115,0,2.5,-4.75,1.9,0,0.2
56.135,0,2,-3.799999952316284,1.9,0,0.2
56.155,0,2,-3.799999952316284,1.9,0,0.2
56.175,0,2,-3.799999952316284,1.9,0,0.2
56.195,0,2,-3.799999952316284,1.9,0,0.2
56.215,0,2,-3.799999952316284,1.9,0,0.2
56.235,0,2,-3.799999952316284,1.9,0,0.2
56.255,0,2,-3.799999952316284,1.9,0,0.2
56.275,0,1.5,-2.8499999046325684,1.9,0,0.2
56.295,0,1,-1.899999976158142,1.9,0,0.2
56.315,0,0.5,19.049999237060547,1.9,0,0.2
56.335,0,0,0,1.9,0,0.2
56.355,0,0,0,1.9,0,0.2
56.375,0,0,0,1.9,0,0.2
56.395,0,0,0,1.9,0,0.2
56.415,0,0.5,-0.949999988079071,1.9,0,0.2
56.435,0,1,-1.899999976158142,1.9,0,0.2
56.455,0,1.5,-2.8499999046325684,1.9,0,0.2
56.475,0,1.5,-2.8499999046325684,1.9,0,0.2
56.495,0,1.5,-2.8499999046325684,1.9,0,0.2
56.515,0,1.5,-2.8499999046325684,1.9,0,0.2
56.535,0,1.5,-2.8499999046325684,1.9,0,0.2
56.555,0,2,-3.799999952316284,1.9,0,0.2
56.575,0,2,-3.799999952316284,1.9,0,0.2
56.595,0,3,-25.700000762939453,1.9,0,0.2
56.615,0,3,-5.699999809265137,1.9,0,0.2
56.635,0,3,-5.699999809265137,1.9,0,0.2
56.655,0,2,-3.799999952316284,1.9,0,0.2
56.675,0,2,-3.799999952316284,1.9,0,0.2
56.695,0,1.5,17.149999618530273,1.9,0,0.2
56.715,0,1.5,-2.8499999046325684,1.9,0,0.2
56.735,0,1.5,-2.8499999046325684,1.9,0,0.2
56.755,0,1.5,-2.8499999046325684,1.9,0,0.2
56.775,0,2,-23.799999237060547,1.9,0,0.2
56.795,0,2,-3.799999952316284,1.9,0,0.2
56.815,0,2,-3.799999952316284,1.9,0,0.2
56.835,0,3,-25.700000762939453,1.9,0,0.2
56.855,0,3,-5.699999809265137,1.9,0,0.2
56.875,0,3,-5.699999809265137,1.9,0,0.2
56.895,0,3,-5.699999809265137,1.9,0,0.2
56.915,0,2,-3.799999952316284,1.9,0,0.2
56.935,0,2,-3.799999952316284,1.9,0,0.2
56.955,0,2,-3.799999952316284,1.9,0,0.2
56.975,0,2,-3.799999952316284,1.9,0,0.2
56.995,0,2,-3.799999952316284,1.9,0,0.2
57.015,0,2,-3.799999952316284,1.9,0,0.2
57.035,0,2,-3.799999952316284,1.9,0,0.2
57.055,0,2,-3.799999952316284,1.9,0,0.2
57.075,0,1.5,17.149999618530273,1.9,0,0.2
57.095,0,1.5,-2.8499999046325684,1.9,0,0.2
57.115,0,2,-23.799999237060547,1.9,0,0.2
57.135,0,2,-3.799999952316284,1.9,0,0.2
57.155,0,2,-3.799999952316284,1.9,0,0.2
57.175,0,2,-3.799999952316284,1.9,0,0.2
57.195,0,2,-3.799999952316284,1.9,0,0.2
57.215,0,2,-3.799999952316284,1.9,0,0.2
57.235,0,2,-3.799999952316284,1.9,0,0.2
57.255,0,2,-3.799999952316284,1.9,0,0.2
57.275,0,2,-3.799999952316284,1.9,0,0.2
57.295,0,2,-3.799999952316284,1.9,0,0.2
57.315,0,2,-3.799999952316284,1.9,0,0.2
57.335,0,2,-23.799999237060547,1.9,0,0.2
57.355,0,2,-23.799999237060547,1.9,0,0.2
57.375,0,2,-3.799999952316284,1.9,0,0.2
57.395,0,3,-5.699999809265137,1.9,0,0.2
57.415,0,3,-5.699999809265137,1.9,0,0.2
57.435,0,2,-3.799999952316284,1.9,0,0.2
57.455,0,2,-3.799999952316284,1.9,0,0.2
57.475,0,2,-3.799999952316284,1.9,0,0.2
57.495,0,2,-3.799999952316284,1.9,0,0.2
57.515,0,2,-3.799999952316284,1.9,0,0.2
57.535,0,2,-3.799999952316284,1.9,0,0.2
57.555,0,2,-3.799999952316284,1.9,0,0.2
57.575,0,1.5,-2.8499999046325684,1.9,0,0.2
57.595,0,1.5,-2.8499999046325684,1.9,0,0.2
57.615,0,1.5,-2.8499999046325684,1.9,0,0.2
57.635,0,1.5,-2.8499999046325684,1.9,0,0.2
57.655,0,1.5,-2.8499999046325684,1.9,0,0.2
57.675,0,1.5,-2.8499999046325684,1.9,0,0.2
57.695,0,1,18.100000381469727,1.9,0,0.2
57.715,0,1.5,-2.8499999046325684,1.9,0,0.2
57.735,0,1.5,-2.8499999046325684,1.9,0,0.2
57.755,0,1.5,-2.8499999046325684,1.9,0,0.2
57.775,0,1.5,-2.8499999046325684,1.9,0,0.2
57.795,0,1.5,-2.8499999046325684,1.9,0,0.2
57.815,0,1.5,-2.8499999046325684,1.9,0,0.2
57.835,0,1.5,-2.8499999046325684,1.9,0,0.2
57.855,0,1.5,-2.8499999046325684,1.9,0,0.2
57.875,0,1.5,-2.8499999046325684,1.9,0,0.2
57.895,0,1.5,-2.8499999046325684,1.9,0,0.2
57.915,0,1.5,-2.8499999046325684,1.9,0,0.2
57.935,0,1.5,-2.8499999046325684,1.9,0,0.2
57.955,0,1.5,-2.8499999046325684,1.9,0,0.2
57.975,0,2,-23.799999237060547,1.9,0,0.2
57.995,0,2,-3.799999952316284,1.9,0,0.2
58.015,0,2,-3.799999952316284,1.9,0,0.2
58.035,0,2.5,-24.75,1.9,0,0.2
58.055,0,2.5,15.25,1.9,0,0.2
58.075,0,2,15.25,1.9,0,0.2
58.095,0,2,-3.799999952316284,1.9,0,0.2
58.115,0,2,-3.799999952316284,1.9,0,0.2
58.135,0,2.5,-24.75,1.9,0,0.2
58.155,0,3,-5.699999809265137,1.9,0,0.2
58.175,0,3,-5.699999809265137,1.9,0,0.2
58.195,0,3,-5.699999809265137,1.9,0,0.2
58.215,0,2,-3.799999952316284,1.9,0,0.2
58.235,0,2,-3.799999952316284,1.9,0,0.2
58.255,0,2,-3.799999952316284,1.9,0,0.2
58.275,0,2.5,-24.75,1.9,0,0.2
58.295,0,2.5,-4.75,1.9,0,0.2
58.315,0,3,-5.699999809265137,1.9,0,0.2
58.335,0,3,-5.699999809265137,1.9,0,0.2
58.355,0,3,-5.699999809265137,1.9,0,0.2
58.375,0,2,16.200000762939453,1.9,0,0.2
58.395,0,2,-3.799999952316284,1.9,0,0.2
58.415,0,2,-3.799999952316284,1.9,0,0.2
58.435,0,2.5,-24.75,1.9,0,0.2
58.455,0,2.5,15.25,1.9,0,0.2
58.475,0,2,-3.799999952316284,1.9,0,0.2
58.495,0,2,-3.799999952316284,1.9,0,0.2
58.515,0,1.5,-2.8499999046325684,1.9,0,0.2
58.535,0,1.5,-2.8499999046325684,1.9,0,0.2
58.555,0,1,-1.899999976158142,1.9,0,0.2
58.575,0,1,-1.899999976158142,1.9,0,0.2
58.595,0,1,-1.899999976158142,1.9,0,0.2
58.615,0,1,-1.899999976158142,1.9,0,0.2
58.635,0,1.5,-22.850000381469727,1.9,0,0.2
58.655,0,2,-3.799999952316284,1.9,0,0.2
58.675,0,3,-25.700000762939453,1.9,0,0.2
58.695,0,3,-5.699999809265137,1.9,0,0.2
58.715,0,3,14.300000190734863,1.9,0,0.2
58.735,0,3,-5.699999809265137,1.9,0,0.2
58.755,0,3,-5.699999809265137,1.9,0,0.2
58.775,0,2,-3.799999952316284,1.9,0,0.2
58.795,0,2,-3.799999952316284,1.9,0,0.2
58.815,0,2,-3.799999952316284,1.9,0,0.2
58.835,0,2,-3.799999952316284,1.9,0,0.2
58.855,0,2,-3.799999952316284,1.9,0,0.2
58.875,0,2,-3.799999952316284,1.9,0,0.2
58.895,0,2,-3.799999952316284,1.9,0,0.2
58.915,0,2,-3.799999952316284,1.9,0,0.2
58.935,0,3,-5.699999809265137,1.9,0,0.2
58.955,0,3,-5.699999809265137,1.9,0,0.2
58.975,0,3,-5.699999809265137,1.9,0,0.2
58.995,0,3.5,-6.650000095367432,1.9,0,0.2
59.015,0,3.5,-6.650000095367432,1.9,0,0.2
59.035,0,3.5,13.350000381469727,1.9,0,0.2
59.055,0,3.5,-6.650000095367432,1.9,0,0.2
59.075,0,3.5,-6.650000095367432,1.9,0,0.2
59.095,0,3,-5.699999809265137,1.9,0,0.2
59.115,0,2,36.20000076293945,1.9,0,0.2
59.135,0,2,-3.799999952316284,1.9,0,0.2
59.155,0,2,-3.799999952316284,1.9,0,0.2
59.175,0,2,-3.799999952316284,1.9,0,0.2
59.195,0,3,-25.700000762939453,1.9,0,0.2
59.215,0,3.5,-26.649999618530273,1.9,0,0.2
59.235,0,3.5,-6.650000095367432,1.9,0,0.2
59.255,0,3.5,-6.650000095367432,1.9,0,0.2
59.275,0,3.5,-6.650000095367432,1.9,0,0.2
59.295,0,3,-5.699999809265137,1.9,0,0.2
59.315,0,3,-5.699999809265137,1.9,0,0.2
59.335,0,2.5,-4.75,1.9,0,0.2
59.355,0,2.5,-4.75,1.9,0,0.2
59.375,0,3,-5.699999809265137,1.9,0,0.2
59.395,0,3,-5.699999809265137,1.9,0,0.2
59.415,0,3,-5.699999809265137,1.9,0,0.2
59.435,0,2,-3.799999952316284,1.9,0,0.2
59.455,0,2,-3.799999952316284,1.9,0,0.2
59.475,0,2,-3.799999952316284,1.9,0,0.2
59.495,0,2.5,-4.75,1.9,0,0.2
59.515,0,3,-5.699999809265137,1.9,0,0.2
59.535,0,3,-5.699999809265137,1.9,0,0.2
59.555,0,2.5,-4.75,1.9,0,0.2
59.575,0,2,16.200000762939453,1.9,0,0.2
59.595,0,3,-25.700000762939453,1.9,0,0.2
59.615,0,3,-5.699999809265137,1.9,0,0.2
59.635,0,3,-5.699999809265137,1.9,0,0.2
59.655,0,3,-5.699999809265137,1.9,0,0.2
59.675,0,3,-5.699999809265137,1.9,0,0.2
59.695,0,3,-5.699999809265137,1.9,0,0.2
59.715,0,3,-5.699999809265137,1.9,0,0.2
59.735,0,3,-5.699999809265137,1.9,0,0.2
59.755,0,2.5,-4.75,1.9,0,0.2
59.775,0,2,-3.799999952316284,1.9,0,0.2
59.795,0,2,-3.799999952316284,1.9,0,0.2
59.815,0,2,-3.799999952316284,1.9,0,0.2
59.835,0,2,-3.799999952316284,1.9,0,0.2
59.855,0,3,-25.700000762939453,1.9,0,0.2
59.875,0,3,-5.699999809265137,1.9,0,0.2
59.895,0,3,-5.699999809265137,1.9,0,0.2
59.915,0,3,-5.699999809265137,1.9,0,0.2
59.935,0,3,-5.699999809265137,1.9,0,0.2
59.955,0,2.5,-4.75,1.9,0,0.2
59.975,0,3,-5.699999809265137,1.9,0,0.2
59.995,0,3,-5.699999809265137,1.9,0,0.2
60.015,90,3,44,1.9,0,0.2
60.035,90,3.5,44,1.9,0,0.2
60.055,90,5,44,1.9,0,0.2
60.075,90,8,44,1.9,0,0.2
60.095,90,13.5,44,1.9,0,0.2
60.115,90,20,44,1.9,0,0.2
60.135,90,29,-4.099998474121094,1.9,0,0.2
60.155,90,39,-2.1500015258789062,1.9,0,0.2
60.175,90,49.5,-23.050003051757812,1.9,0,0.2
60.195,90,59.5,-42.04999923706055,1.9,0,0.2
60.215,90,68,-38.20000076293945,1.9,0,0.2
60.235,90,75,-44,1.9,0,0.2
60.255,90,80,-21,1.9,0,0.2
60.275,90,84,-28.600000381469727,1.9,0,0.2
60.295,90,86.5,-13.350000381469727,1.9,0,0.2
60.315,90,88,3.799999952316284,1.9,0,0.2
60.335,90,89,1.899999976158142,1.9,0,0.2
60.355,90,89.5,0.949999988079071,1.9,0,0.2
60.375,90,89.5,0.949999988079071,1.9,0,0.2
60.395,90,89.5,0.949999988079071,1.9,0,0.2
60.415,90,90,0,1.9,0,0.2
60.435,90,90,0,1.9,0,0.2
60.455,90,90.5,-0.949999988079071,1.9,0,0.2
60.475,90,91,-1.899999976158142,1.9,0,0.2
60.495,90,91,-1.899999976158142,1.9,0,0.2
60.515,90,91,-1.899999976158142,1.9,0,0.2
60.535,90,91.5,-2.8499999046325684,1.9,0,0.2
60.555,90,91.5,-2.8499999046325684,1.9,0,0.2
60.575,90,91.5,-2.8499999046325684,1.9,0,0.2
60.595,90,91.5,-2.8499999046325684,1.9,0,0.2
60.615,90,91.5,-2.8499999046325684,1.9,0,0.2
60.635,90,91.5,-2.8499999046325684,1.9,0,0.2
60.655,90,91.5,-2.8499999046325684,1.9,0,0.2
60.675,90,91,-1.899999976158142,1.9,0,0.2
60.695,90,91,-1.899999976158142,1.9,0,0.2
60.715,90,91.5,-22.850000381469727,1.9,0,0.2
60.735,90,91.5,-2.8499999046325684,1.9,0,0.2
60.755,90,91.5,-2.8499999046325684,1.9,0,0.2
60.775,90,91.5,-2.8499999046325684,1.9,0,0.2
60.795,90,91.5,-2.8499999046325684,1.9,0,0.2
60.815,90,91.5,-2.8499999046325684,1.9,0,0.2
60.835,90,91.5,-2.8499999046325684,1.9,0,0.2
60.855,90,92,-3.799999952316284,1.9,0,0.2
60.875,90,92,-3.799999952316284,1.9,0,0.2
60.895,90,92,-3.799999952316284,1.9,0,0.2
60.915,90,91.5,-2.8499999046325684,1.9,0,0.2
60.935,90,92,-3.799999952316284,1.9,0,0.2
60.955,90,92,-3.799999952316284,1.9,0,0.2
60.975,90,92,-3.799999952316284,1.9,0,0.2
60.995,90,92,-3.799999952316284,1.9,0,0.2
61.015,90,92.5,-4.75,1.9,0,0.2
61.035,90,93,-5.699999809265137,1.9,0,0.2
61.055,90,93.5,-6.650000095367432,1.9,0,0.2
61.075,90,93.5,-6.650000095367432,1.9,0,0.2
61.095,90,93.5,-6.650000095367432,1.9,0,0.2
61.115,90,93.5,-6.650000095367432,1.9,0,0.2
61.135,90,93.5,13.350000381469727,1.9,0,0.2
61.155,90,93.5,-6.650000095367432,1.9,0,0.2
61.175,90,93.5,-6.650000095367432,1.9,0,0.2
61.195,90,93,-5.699999809265137,1.9,0,0.2
61.215,90,93,-5.699999809265137,1.9,0,0.2
61.235,90,92.5,-4.75,1.9,0,0.2
61.255,90,92,-3.799999952316284,1.9,0,0.2
61.275,90,92.5,-4.75,1.9,0,0.2
61.295,90,92.5,-4.75,1.9,0,0.2
61.315,90,92.5,-4.75,1.9,0,0.2
61.335,90,92.5,-4.75,1.9,0,0.2
61.355,90,92.5,-4.75,1.9,0,0.2
61.375,90,92.5,-4.75,1.9,0,0.2
61.395,90,92.5,-4.75,1.9,0,0.2
61.415,90,92.5,-4.75,1.9,0,0.2
61.435,90,92.5,-4.75,1.9,0,0.2
61.455,90,92.5,-4.75,1.9,0,0.2
61.475,90,92.5,-4.75,1.9,0,0.2
61.495,90,92.5,-4.75,1.9,0,0.2
61.515,90,92.5,-4.75,1.9,0,0.2